vibration__latest_value,vibration__rolling_mean,vibration__rolling_std,vibration__value_min,vibration__value_max,vibration__trend_slope,vibration__max_z_score,vibration__mean_z_score,temperature__latest_value,temperature__rolling_mean,temperature__rolling_std,temperature__value_min,temperature__value_max,temperature__trend_slope,temperature__max_z_score,temperature__mean_z_score,pressure__latest_value,pressure__rolling_mean,pressure__rolling_std,pressure__value_min,pressure__value_max,pressure__trend_slope,pressure__max_z_score,pressure__mean_z_score,RPM__latest_value,RPM__rolling_mean,RPM__rolling_std,RPM__value_min,RPM__value_max,RPM__trend_slope,RPM__max_z_score,RPM__mean_z_score,hours_since_service,overdue_flag,service_interval_ratio,criticality_encoded,failure_label
1.160982175519587,1.6410417522485719,0.13697259974100373,1.3670965527665644,1.9149869517305793,0.0022631201499006045,0.3547259788841313,0.5354601525020365,75.37866807236033,69.748849880805,1.9131591248829616,65.92253163103908,73.57516813057092,0.004011663889422329,0.7605653054050645,0.19773817493812323,175.74826451012885,187.49858854701802,4.957397425600899,177.5837936958162,197.41338339821982,-0.0020012114146594276,0.20284298117707844,0.06611065145542974,2294.5420210019583,2110.4468195410363,50.17075336226113,2010.105312816514,2210.7883262655587,0.0028828056025449727,1.0027697722017326,0.5006311241629912,48.52048246767799,0,0.17607225772517487,0.67,0
1.486292466400515,1.6260291729240026,0.10526131114894473,1.415506550626113,1.8365517952218922,0.0007045543919347359,0.462400504479374,0.08138057621014487,74.15876131508796,77.62701494780131,1.9255694107270092,73.7758761263473,81.47815376925533,0.002116616907575619,0.045786323902548276,0.02486965771176411,176.27862645062964,175.96584618452442,5.534856128282549,164.89613392795934,187.0355584410895,-0.0021203829668348943,1.2969545594415748,0.2730296076374684,2186.825026353698,2364.2184438776767,56.578923928183976,2251.060596021309,2477.3762917340446,0.0001238887324838061,1.1247543350766072,0.6407300679443819,93.59579452708395,0,0.19775502139386086,0.67,0
1.078190359010311,1.4809327318370031,0.12373461624929452,1.2334634993384141,1.7284019643355921,-0.0005030083757809349,0.39549541960464424,0.19032413438344212,74.60686193156661,78.52604281811142,2.0568257654879747,74.41239128713548,82.63969434908736,0.00048520313622244605,0.8315770587472648,0.4784180620686786,182.52326720267055,176.85766210447636,5.682110045588883,165.4934420132986,188.22188219565413,-0.0056758006484291254,0.5009345345166688,0.25393144382385413,2184.45804258625,2112.5561494028334,57.75039419325795,1997.0553610163174,2228.0569377893494,0.006315140349084516,0.9922395306214764,0.5105266134014012,310.22396638354843,0,0.7168642550895706,0.33,0
1.3356339100335077,1.4818674574321942,0.1394038678249935,1.2030597217822072,1.7606751930821811,-0.006527562187914858,0.2879764013409727,0.11310732509828518,72.8745994489442,69.26925890731935,1.3238477212667883,66.62156346478578,71.91695434985293,-0.005677220971685616,0.9536345015512786,0.45222416706797425,176.61097362126364,194.99215572180233,4.008651953241422,186.97485181531948,203.00945962828519,-0.004730200091257766,0.4828194763291809,0.11149630289704061,2308.1737426850073,2181.3881331149396,55.82702380543411,2069.7340855040716,2293.0421807258076,-0.0014084416039456483,0.326324145021537,0.08918515435024367,129.29849374501666,0,0.25406914489543464,0.67,0
1.4843618527025317,1.656738388749532,0.09698998054458803,1.4627584276603558,1.850718349838708,-0.0015233391687782803,0.974686091268937,0.27678751268061985,76.24100179819833,69.74557375264986,1.2618795704369326,67.221814611776,72.26933289352372,-0.002868515721463258,0.7335260705198914,0.3808265983260337,184.67335079050267,185.1615190055991,4.83662530404451,175.48826839751007,194.83476961368814,0.009350693464106526,0.10456161970344174,0.056875308983844415,2175.0399000862035,2332.861336410185,53.47726083306408,2225.9068147440566,2439.815858076313,0.0038783764980784463,0.006722539988293252,0.0026923308170733943,84.01125356308832,0,0.17432090299121236,0.67,0
1.3812883988433629,1.4161756581484148,0.16433393472355945,1.0875077887012958,1.7448435275955338,0.002592564168013277,1.213201659203182,0.17842473559459335,75.82184198776355,71.24984873041973,1.9347768663890599,67.38029499764161,75.11940246319784,0.002145034240081939,0.9719464573581137,0.5093965335267611,181.81821342261307,197.28039668011021,5.131342267146833,187.01771214581655,207.54308121440388,-0.004390675365363219,1.0957502518374034,0.5365573561195877,2291.0290134132483,2242.4495430366424,44.56737046632331,2153.3148021039956,2331.584283969289,-0.0006948636577755337,0.39756529306701394,0.1406479614310348,73.72799576750838,0,0.3562324703343067,0.67,0
1.6291835122649767,1.4349786432432212,0.16754230023210367,1.0998940427790138,1.7700632437074286,-0.002397297054752292,1.3824213349206669,0.74549672947165,72.94386437507178,71.578158828522,1.4972326679469918,68.58369349262803,74.57262416441598,-0.012768155078242992,0.4189965277955109,0.19688865413019938,182.1186983842067,168.06531231969734,3.3918028856697227,161.2817065483579,174.84891809103678,0.0044381148169019835,0.681755401473903,0.1900907318020802,2191.966757581264,2055.8479101982816,51.17413263272108,1953.4996449328394,2158.1961754637236,0.0013990592715117766,1.343152651134159,0.30962008021343235,209.98541125742213,0,0.36712492298052485,0.67,0
1.3934911415069235,1.5309073280671401,0.09721960937168506,1.33646810932377,1.7253465468105103,-0.0021391710785893625,0.3961655852686137,0.2986261759735211,79.00589416815257,69.21344514237286,1.5717861904981696,66.06987276137653,72.3570175233692,0.005218884782008776,0.45240534944574684,0.10499862939566239,180.38514010422935,191.408020891635,4.299889976716913,182.80824093820118,200.00780084506883,0.0012317397647424939,0.2330555339052482,0.08524082309132001,2164.590691932021,2273.675995380953,30.216477321132263,2213.2430407386883,2334.1089500232174,0.006064919642746853,0.5191928101073818,0.11275045939369252,396.1196476172637,0,0.8120687850539353,0.33,0
1.581919011205886,1.4459474448236431,0.1044828238871942,1.2369817970492547,1.6549130925980315,-0.005158491598841658,0.27479639282930807,0.47557235990954966,76.00868834925865,77.08353968442289,1.4121049629260254,74.25932975857084,79.90774961027493,0.008949682431531414,0.26596572814156366,0.07209824111124637,175.23938128925985,193.7043600856982,4.035668480034198,185.6330231256298,201.7756970457666,-0.008711846131256248,0.7890081054128912,0.34859679222373263,2140.2091781547965,2196.6108769445796,35.49838720678948,2125.6141025310008,2267.6076513581584,-0.008832822537601245,1.1300250356888013,0.2721647667029479,190.34569425516972,0,0.6909611279415606,0.33,0
3.8448595338140614,3.8327142732022295,0.23445285562547213,3.363808561951285,4.301619984453174,0.13143867792687614,4.4337417000594534,0.8471757450894918,79.74134743315403,78.0532218750266,2.51428442805634,73.02465301891391,83.08179073113928,0.02327392449696194,0.5488220835453981,0.26334587856521813,178.82832544478967,170.9991470717223,2.669269488670733,165.66060809438082,176.33768604906376,0.0021292182931491456,0.8820006951444426,0.3009749364293567,2220.9102877943988,2338.5676552655045,52.4541915624479,2233.6592721406087,2443.4760383904004,0.005506614788678811,0.89784448982664,0.3283026084086698,745.369615406559,1,1.903447972342498,1.0,1
1.287977659530828,1.4117591975521184,0.08881858269417667,1.2341220321637651,1.5893963629404717,0.010275963712953569,0.6269402236007247,0.49160255193053715,73.25031744553357,79.40938681516903,1.198391353348085,77.01260410847286,81.8061695218652,-0.00019910288057549877,0.4447685274550761,0.119327291902224,187.16845115918727,174.08406234003726,4.406906446654247,165.27024944672877,182.89787523334576,0.0073482194332921205,0.15216524556267685,0.07752834302713552,2191.148527204259,2099.546135664991,45.244243241980264,2009.0576491810307,2190.0346221489517,0.0010431364024282403,0.9734240231917304,0.49706713655934476,216.19097813424176,0,0.711786938243314,1.0,0
4.367648588831516,4.15663904996585,0.5936052652841857,2.969428519397479,5.343849580534222,0.07884054378187458,3.884802761766675,1.2045961298389862,81.67111421176816,77.27076124869484,2.899378257634204,71.47200473342643,83.06951776396325,0.029248702590709226,0.8024848901165825,0.3740489971801187,187.8640732045859,192.38707724134474,3.558166372730228,185.2707444958843,199.5034099868052,-0.003938918759541194,0.08647137329853732,0.029139053464965908,2168.9576200874444,2069.219487381908,45.31636603477936,1978.5867553123494,2159.8522194514667,0.0037395512805876692,0.20879505201854326,0.07884466548898182,597.0124699106542,1,1.8355671813301868,1.0,1
1.4632664902425843,1.4128750227945437,0.17263346183153913,1.0676080991314654,1.758141946457622,-0.004248975015114723,0.910963114381913,0.4176272854901382,76.60225716782391,69.68912290580568,1.3037968444844434,67.08152921683678,72.29671659477457,0.004365846461907941,0.18417719717872616,0.07501367013288174,170.08182953656814,185.5518545710582,3.0079889264314916,179.5358767181952,191.56783242392117,-0.0035359433964673023,1.321363147486651,0.3394034196854208,2203.734081972712,2297.6794291960555,42.48117469605199,2212.7170798039515,2382.6417785881595,-0.002667726686920269,1.0884831954657996,0.43765350429080313,287.90261245494474,0,0.6585717022957314,0.67,0
1.4730991320849947,1.4267918046460972,0.16538345875386562,1.096024887138366,1.7575587221538285,0.0009511576712834927,0.46613721837469513,0.3750760256877353,74.90991293133378,74.84938479537671,1.6737870293253811,71.50181073672594,78.19695885402747,0.0005056589268075485,1.3272053042794985,0.6445384641469319,181.90713456484144,164.80178955207703,5.713064891993875,153.37565976808926,176.2279193360648,0.00799461057096038,0.5732598179073806,0.14592492927692152,2212.1539147518984,2224.325618620538,55.996283473032626,2112.3330516744727,2336.3181855666035,-0.006707028840669271,0.8378875962834664,0.39803096525570114,227.7750575727601,0,0.490916954045544,0.67,0
1.4183286817779812,1.6074284285216571,0.13225693810179073,1.3429145523180757,1.8719423047252386,0.008556502576552319,1.4795372705838892,0.07003509770212399,70.97200335683098,77.89650652220512,2.3214388740544294,73.25362877409626,82.53938427031397,0.014806418484756756,1.4018545469096013,0.4823192564474897,183.7309532037811,162.42221794390156,3.3080364803041045,155.80614498329334,169.03829090450978,0.00310241761963644,0.5765255015162241,0.1547773511029422,2138.041405844309,2365.964965732024,26.994385872865834,2311.9761939862924,2419.953737477756,0.005050078586106579,0.16011302684165407,0.049702162810734446,215.75729785160098,0,0.7491884961190683,0.67,0
1.4935794063017156,1.59113632704036,0.08168186759447726,1.4277725918514055,1.7545000622293145,0.002111698010656766,0.19072749689981355,0.0486935024620512,72.09273220256341,72.63333119205967,1.5692246992262726,69.49488179360712,75.77178059051222,-0.003500101464677883,0.8816260207084929,0.24880606742468878,187.97236307368752,166.03645627814603,5.514389395108845,155.00767748792833,177.06523506836373,0.0007587457048775022,0.8910172454583405,0.18264371302199045,2167.907786906328,2141.5762784553854,48.647562255708436,2044.2811539439685,2238.871402966802,0.00046693485075471197,0.04258577733491464,0.009840946246212108,241.33352557570942,0,0.49365423229521543,1.0,0
2.1718260627851063,2.1593095040186543,0.29488521856394917,1.5695390668907558,2.7490799411465527,0.028438783688501584,0.883546916587342,1.0053710312541244,75.92850247624601,68.73993936936746,2.0533634352072543,64.63321249895296,72.84666623978197,0.0018722061222591591,1.2844276920701434,0.3146246604602923,184.50603390246152,175.31606047404324,3.069282763664652,169.17749494671395,181.45462600137253,0.0022829992434925095,1.2815189741740731,0.6083461791986043,2264.139748441949,2165.639780977528,34.96984368137148,2095.700093614785,2235.579468340271,0.016381996725565,1.2083712396618504,0.6241733966081913,437.4872973251273,1,1.1684712900192857,0.67,0
1.6026710563754634,1.3792832810510367,0.10253337781654911,1.1742165254179384,1.584350036684135,-0.009519019337406332,0.611704519644938,0.05411309030471646,78.02559213762945,67.3835307885804,1.0944947434189218,65.19454130174256,69.57252027541824,0.014783458166132748,0.9588306703253038,0.35719137113229726,188.50610072771656,181.47305043629095,2.9382906542112233,175.5964691278685,187.3496317447134,0.003766075179994739,0.8651116905444112,0.43519586591811016,2144.246148079509,2283.2626266699053,54.08553910687122,2175.091548456163,2391.433704883648,-0.005990804753734438,0.3564023008007768,0.137025618177367,216.9274951621429,0,0.7810725937113708,0.33,0
1.5094915529865198,1.421860942343675,0.13811785116262876,1.1456252400184175,1.6980966446689325,-0.004004204580813945,1.1810679053851494,0.03311050703774511,78.12916248211482,78.1742917343722,1.4749958945283186,75.22429994531556,81.12428352342884,-1.587928383565672e-05,0.7838028533776774,0.3189211088205092,183.21082342494114,171.74334584073236,3.4503277893829116,164.84269026196654,178.64400141949818,-0.006881106102021631,0.9495116887980575,0.3515412675691534,2182.3947502927786,1966.9992315300656,45.47647168506598,1876.0462881599335,2057.9521749001974,-0.000610298476845117,0.612287672658032,0.28273481374915393,274.78672285083206,0,0.47298890783620284,0.67,0
2.311660202849936,1.8742606080367232,0.4093500942672437,1.055560419502236,2.6929607965712106,0.015227930149932522,0.757154521593757,0.6731360423596967,75.0098211171271,73.43296552130455,1.4917038274938832,70.44955786631678,76.41637317629232,0.0010593958941444205,1.2558599992731891,0.2847271108154068,178.71672731648852,174.64756956668427,4.585743842408569,165.47608188186712,183.81905725150142,0.006331651339781443,0.17696849915553858,0.09437443065975193,2235.496637407362,2295.4539357605154,32.05949869208589,2231.3349383763434,2359.5729331446873,0.003230648380120858,0.6446180716135002,0.256311198394107,275.64051044182906,1,1.2727825080160335,1.0,0
1.532600527152382,1.4832274752588754,0.16561772591761847,1.1519920234236385,1.8144629270941124,-0.0004327308034030145,0.570969220046186,0.33600092095760514,77.18195805523894,68.54810204835174,1.66702403081136,65.21405398672901,71.88215010997446,0.006505483467328108,0.18732496986096925,0.05024037122430874,185.8957285811784,185.38954023983553,3.9988774509096614,177.3917853380162,193.38729514165485,0.001791172970072264,0.02787050108264877,0.016204542622153595,2294.1905515592402,2362.1552500188327,28.360385423977796,2305.4344791708772,2418.876020866788,0.0009572102367230448,0.7545442211950509,0.2886110596841565,261.5823190407888,0,0.7184708871143399,0.67,0
4.40676663770528,3.7260559288854918,0.41148292795362107,2.90309007297825,4.549021784792734,0.05343768583517253,3.8396567504411965,1.0354555865359745,79.3608540966837,76.27622618157828,2.9090270805081113,70.45817202056206,82.0942803425945,0.028004980131392423,0.5064819681838264,0.257036063908989,177.49806954939783,166.41302379901634,5.569946466644755,155.27313086572684,177.55291673230585,-0.011858296804294462,0.16006772865353142,0.07360272758464419,2302.103482646394,2351.917089679566,28.933895951160455,2294.049297777245,2409.7848815818866,0.0009895833367103775,0.07396348066473701,0.022410319753192357,349.34365223905826,1,1.5380624523281639,1.0,1
2.568075853201865,2.3368027826891398,0.37494598818350544,1.5869108063221289,3.086694759056151,0.03330885903935115,1.2183278772679063,0.7076481431882146,73.60604796471287,81.05005809396314,1.245861748063633,78.55833459783588,83.54178159009041,-0.0017627312136830997,0.5578439993117641,0.11788023086958746,178.9739349688702,163.61690777816608,5.42952728531091,152.75785320754426,174.4759623487879,0.004588840988975686,0.32001986184018977,0.10565653172491342,2184.4801931762245,2074.0542229682123,51.65862168879642,1970.7369795906195,2177.3714663458054,-0.006538212905467203,0.8185545240494227,0.36921077138412584,422.6362813013141,0,0.8794385857653059,0.67,0
1.576546200939515,1.559719725231312,0.17316412709434525,1.2133914710426215,1.9060479794200025,-0.00015296532115377807,0.18896679122875243,0.45583669432721796,75.44919895341651,78.66634142455536,1.968703987542329,74.7289334494707,82.60374939964001,-0.004790396898206804,1.3351476362815051,0.7338556885758192,180.05339431617506,192.54130856524733,3.978098572496113,184.58511142025512,200.49750571023955,0.0036784038187986667,1.4787226587202733,0.44736786057709754,2171.4903201150923,2011.2494149959293,33.82837266769333,1943.5926696605427,2078.906160331316,0.0005711632225117806,0.10654148700192162,0.04229450969450643,60.75544871454893,0,0.25943200088216595,0.33,0
2.3990525401153775,1.7171542315340966,0.3009057926303879,1.1153426462733207,2.3189658167948726,0.013588036760593832,1.644630371260153,1.334596070550838,71.9799175760295,81.36950364125386,1.2253782043623247,78.91874723252921,83.8202600499785,0.003272528763615697,0.005745435750483863,0.0016963395451007287,180.46579389958825,196.04687747873817,5.516453381531905,185.01397071567436,207.07978424180197,-0.004826381697997787,0.7156647265408892,0.42784276802316706,2174.112127638889,2420.1131730363,35.059088684591885,2349.994995667116,2490.2313504054837,-0.009077708147626682,0.12968626068022848,0.026011346725208464,402.5592901746183,1,1.2021180533359552,1.0,0
2.6774412585614042,2.001728160532184,0.3981987691617568,1.2053306222086704,2.7981256988556975,0.03245423296757352,0.5621137520703112,1.0921579327639843,75.21868115268182,75.29404432544641,1.8608642203937105,71.57231588465899,79.01577276623382,0.003612234926104897,0.7236354023920932,0.17183661984026993,183.80836093147502,174.46025080717132,5.432444833169314,163.5953611408327,185.32514047350995,0.0028822567256121135,1.4039912685026665,0.6616294821535884,2124.572201589357,2143.1738280534614,59.883914727713794,2023.4059985980339,2262.941657508889,-0.004477139804625209,1.1261853467696816,0.5156667458727697,223.65406459581803,0,0.7294964974930288,0.67,0
4.220289541124746,3.8034618062606613,0.26414616244789724,3.275169481364867,4.331754131156456,0.11736454174749077,3.9581497002613895,0.7941079592631224,83.95462192882617,76.05262745008719,1.9966827763430979,72.05926189740099,80.04599300277339,0.020119528113144217,1.2137599386311382,0.625841187926642,180.5605247341226,170.42601959788186,2.5669513825305046,165.29211683282085,175.55992236294287,-0.003547899273745863,0.15801822672199978,0.04565850097155838,2137.074754466233,2187.794548631977,32.68438731304307,2122.4257740058906,2253.163323258063,-0.002823870020854711,1.439794204070183,0.6428971878546346,541.9517632909108,1,1.7405076345803188,1.0,1
1.6906497864363184,1.61650865777634,0.084214351212881,1.4480799553505779,1.784937360202102,0.01677286694583189,0.20039633984402327,0.3699366254283423,72.84573835953623,69.1150916920859,1.0458562777633222,67.02337913655926,71.20680424761254,-0.0013328421815186032,0.4713061161963008,0.23128157095144647,176.73857272239707,192.12145497166856,5.961579514092126,180.1982959434843,204.0446139998528,-0.0018015075938001071,0.4668200577055267,0.2577093643412796,2154.254669752972,2098.212784187557,33.31961493855985,2031.5735543104374,2164.852014064677,-0.0025429148945649866,0.10248040834832922,0.03833212991050069,68.49513626110941,0,0.19208736344430039,0.67,0
1.7335348214979875,1.6565704208741254,0.16575671084136714,1.3250569991913912,1.9880838425568597,0.0033010890256791408,0.29935214629542023,0.07090593439037589,74.01337923408818,69.41517145696926,2.232252259420564,64.95066693812814,73.87967597581039,-0.00767688136787845,0.6273422328833522,0.26255174544018084,177.40096585924118,165.71029550539527,4.566174805373673,156.5779458946479,174.84264511614262,0.0038281516908580814,1.4718575265099516,0.36511183479235343,2176.1035865611393,1979.9434648695576,38.79809263965336,1902.3472795902508,2057.5396501488644,-0.005557811712441337,1.3748990833514168,0.6373142402437949,13.37428794485533,0,0.06184819257132368,0.33,0
1.4093995534300547,1.5317703580975808,0.13554114879809245,1.260688060501396,1.8028526556937656,0.0016942354822080503,1.4929209105981402,0.2346422672773593,74.20623971024442,76.96979812834375,1.338724731223362,74.29234866589702,79.64724759079049,-0.0015826050700184224,0.23674353367370998,0.10578186387835971,187.60601808325754,187.7237748984058,5.697434490424311,176.32890591755717,199.11864387925442,0.0023313562988661884,0.1175043318709072,0.029147769153507783,2128.3857204033443,2261.374974021722,29.46594423915283,2202.4430855434166,2320.306862500028,0.007570722373861375,1.3080804807462383,0.3049860126228852,74.8440184340603,0,0.2715814927694808,0.67,0
2.9928293290782495,1.8041383815612193,0.3883429753488781,1.027452430863463,2.5808243322589757,0.012069819186764046,1.6873051588936208,0.5074119297765614,74.10218322537399,70.86436008352516,1.7975864848495737,67.269187113826,74.4595330532243,0.003573717695838535,0.46432975410397614,0.2641351554746531,176.1229223184672,186.50120447575674,3.516685619631303,179.46783323649413,193.53457571501934,0.002611693152360929,0.5095718157541265,0.29268891001079206,2269.572898347797,2316.350302129129,43.662023252916406,2229.026255623296,2403.674348634962,0.000966521990529964,1.1675934215298174,0.27710640401428066,178.114906819498,0,0.7073743966934025,0.67,0
4.364423752537949,4.034897499012973,0.326145497306447,3.382606504400079,4.687188493625867,0.08931471294940152,4.971247025456487,0.8243850967957799,79.47724253224068,78.57066380366075,3.2261099324410623,72.11844393877863,85.02288366854287,0.05281573255912861,0.6328982743211197,0.28007455050178115,175.51254218416395,188.1990555233687,3.3423468016500357,181.51436192006864,194.8837491266688,0.00022611354499991283,0.33698609646264993,0.12122503024920764,2202.5598950940544,2167.759669530257,36.69674499605885,2094.366179538139,2241.1531595223746,-0.0026680015321958344,1.0963055186642405,0.4034452564964661,720.4881826898891,1,2.2823953053239707,1.0,1
1.5792702457454315,1.5478967120649116,0.10778998546837178,1.332316741128168,1.7634766830016553,-0.0018838773486892766,1.1727439127149681,0.27946344614759927,72.05009864057932,78.41885295434216,2.31730966657544,73.78423362119128,83.05347228749304,0.006667195830164825,1.0700513303461057,0.5548438275191646,181.40915750783253,173.42261092683935,5.1165234181659125,163.18956409050753,183.65565776317118,0.00844155905726441,1.301533315771713,0.7682441645981107,2169.7018508026244,2385.003130660104,33.66405004563161,2317.6750305688406,2452.3312307513675,-0.0009379941063841987,1.3236318127304254,0.4557793393640004,261.2109072924512,0,0.5827724946456266,0.67,0
1.5786776151891264,1.4456188755059083,0.13806265387584224,1.1694935677542238,1.7217441832575928,0.0013075929836291508,0.9216504822526429,0.529335506482573,74.33837896095545,80.06158758245405,1.584278062572856,76.89303145730834,83.23014370759977,-0.0028481503827318877,1.4585482271699675,0.7209548169737233,183.17040468376487,181.91968237085055,3.7296044083861144,174.46047355407833,189.37889118762277,-0.006457277822434822,0.3643645077324747,0.16161272523012798,2141.4668734899906,2382.4282260768587,50.962416581139614,2280.5033929145793,2484.353059239138,-0.0019277948998124256,1.3962555473398657,0.3716942490810063,124.506337892682,0,0.4831435154439973,0.33,0
2.827746566457147,1.8113102042907752,0.33485425412252184,1.1416016960457314,2.481018712535819,0.02035554967882018,1.4361217255909289,1.1644362423381562,76.00873013143682,74.02992593744274,1.221534967743899,71.58685600195494,76.47299587293054,0.002405857787896135,0.8256455819206807,0.20544883198544164,175.0604108317949,167.358153044158,2.704508467991013,161.94913610817596,172.76716998014004,0.004989389078971274,0.8404051133954594,0.1965459322185416,2222.54061681659,2340.1846243356413,44.93977476994766,2250.305074795746,2430.0641738755367,-0.005070806326274837,0.49080003305839376,0.22154623775758317,215.3327678325233,0,0.8551841419823929,0.33,0
4.605950837524584,3.7791399968797403,0.5866363080893267,2.605867380701087,4.952412613058394,0.0952215100101718,5.3202154429633275,0.7749624592506394,81.67076010058256,77.13278108510066,3.683435583680951,69.76590991773875,84.49965225246257,0.07287504090091339,0.5696531123068267,0.23074138673413158,181.10926258401523,172.5968603927701,4.049291968911516,164.49827645494707,180.69544433059315,0.007643739252704542,0.5735449965924418,0.21637038802378786,2195.947701763913,2166.200850670556,37.66189091728981,2090.8770688359764,2241.5246325051357,0.0005791229361347304,0.7863820808066051,0.3682555960954816,396.26305001877915,1,1.5607796463731103,1.0,1
1.58461366490721,1.6265509657865054,0.104162400598197,1.4182261645901113,1.8348757669828994,-0.0008427295795177892,0.8059750428495716,0.1872779911329315,75.78377325788422,68.0379146866824,1.7872870445094482,64.4633405976635,71.6124887757013,0.0045940232335117855,0.4179755107842275,0.14856739920652184,171.98503218644646,169.10168025531894,3.2095080877874063,162.68266407974411,175.52069643089376,-0.002477418405496541,1.4784897713373575,0.5134237528216771,2258.266279961164,2149.760926170394,44.71907615905597,2060.3227738522824,2239.199078488506,0.00409454153173642,1.1336636086984977,0.6166130842754605,215.31975118537363,0,0.5458898102640825,0.67,0
1.5966877339606973,1.3757708073413963,0.09143782086742484,1.1928951656065467,1.558646449076246,-0.005985832963451151,0.8677063845205861,0.2832964644439785,78.3459794056899,71.33263483859903,1.1738846115492834,68.98486561550047,73.6804040616976,0.005055485027934954,1.4157070634876092,0.4762688491574427,181.0379180604769,172.76120729489313,5.363833098671755,162.03354109754963,183.48887349223662,0.00739091967819501,0.3867385439039096,0.18406459454521593,2113.3116454995875,2103.762220614632,42.79002539037235,2018.1821698338874,2189.342271395377,-0.003049513534746011,0.30555493748486445,0.15438956079168367,182.5475569490001,0,0.6155745439301246,0.67,0
1.327278798224762,1.3946327139137502,0.10901921254888858,1.176594288815973,1.6126711390115274,0.0011642122536831957,1.193768336810833,0.26770528289835,75.00366600118896,77.95762717348589,1.386758883842476,75.18410940580094,80.73114494117084,0.0037601707959843355,1.4026634795082606,0.6314513922570485,193.1847341828967,188.13402385174635,5.526906507461289,177.08021083682377,199.18783686666893,0.00039231946724207345,1.023406270196397,0.556664844288414,2226.9066274676716,2133.6459759724617,48.70682912505695,2036.2323177223477,2231.0596342225754,0.008922553838622553,0.7825200487701547,0.19144871695602225,259.9508207542109,0,0.5015004642023456,1.0,0
4.545063871829244,3.4346427424365285,0.4220339797209145,2.5905747829946995,4.2787107018783574,0.12330712960296748,2.9751047051040143,1.0233923613865938,80.16018550961562,79.04451100885731,2.93014363391684,73.18422374102363,84.904798276691,0.020313776812574763,0.6345290762039633,0.33521995204930244,172.75071717259547,165.7005075401255,5.568277666398702,154.5639522073281,176.8370628729229,0.008634819256167025,1.3292936706976117,0.5811907660905509,2180.01819071927,2129.3864624796934,52.796906594697944,2023.7926492902975,2234.980275669089,0.00631292051713591,0.13948595973469824,0.060715575036308214,602.7628330630168,1,2.035023183676796,1.0,1
2.843846322827358,1.994006207907077,0.29789462397634625,1.3982169599543846,2.5897954558597696,0.03715512929562387,0.6719474705584232,0.719372950221941,76.25872126685779,77.64317509969592,2.073817541973077,73.49554001574977,81.79081018364208,-0.0018214504794620552,0.5201401078801029,0.2834564587112196,190.12545541745976,190.3649124772538,3.954813505251572,182.45528546675064,198.27453948775695,0.0065971089390743625,1.248061108828164,0.40429180929039243,2262.809871970684,2108.7815717903604,54.21794724029792,2000.3456773097646,2217.2174662709563,-0.003745605379805122,0.8009348204024008,0.17994772288121613,260.3894497913677,0,0.9914923353162395,0.67,0
3.89302525246866,3.856931478873322,0.3189163161229335,3.219098846627455,4.494764111119189,0.059206698608247545,2.8415662075665327,1.0144984082539503,83.42736583717699,77.2534947143585,1.6362656421147401,73.98096343012901,80.52602599858798,0.07790092216726831,0.8520211501484779,0.31973619945073967,185.94955698620583,185.48078062567726,3.44883688817423,178.5831068493288,192.3784544020257,0.005088307334217512,1.4201005933850934,0.34417887694769944,2213.5747655412824,2056.3967336715896,32.09214219473701,1992.2124492821156,2120.581018061064,0.001702946082002484,0.8813788066641028,0.423463592945871,581.5193842987821,1,1.7305971981267076,1.0,1
2.403884852177577,2.226153196903657,0.3560746133344487,1.5140039702347596,2.938302423572554,0.012840271208903542,2.442594920613184,0.7397245933301962,76.66299773386332,82.27552090842589,1.8355996050982872,78.60432169822931,85.94672011862247,-0.009195851945858034,0.13547784044860955,0.057586434110754904,176.0820747125811,181.41808362946966,5.185474053687768,171.04713552209412,191.7890317368452,0.0034235969394420876,1.3580597823936411,0.49404625512914246,2158.735401958457,2164.177560172087,45.150175686592156,2073.8772087989028,2254.477911545271,0.00759161412283657,0.7648349223084152,0.1850357910377204,405.2692168540065,0,0.8858587499111122,1.0,0
1.5829334847858296,1.5870028016964857,0.17078556445229104,1.2454316727919035,1.9285739306010679,0.003631680371196869,0.16548431403670733,0.45100791199505025,73.1417667903966,72.15353120290187,2.1135120152264824,67.92650717244891,76.38055523335484,-0.0015808078832020148,0.3170364162883757,0.08672281043631992,182.02642620115458,184.68180912957067,5.492397775576265,173.69701357841814,195.6666046807232,0.001648931131301481,1.2434320642381158,0.6827905160252221,2122.5001686990663,2070.740744948215,25.457952205697353,2019.8248405368201,2121.6566493596097,-0.005486364650624956,0.07652202438202671,0.035772391364176065,222.50896330010974,0,0.510422638796323,0.67,0
2.097808980659774,1.899937488422797,0.3969209250479208,1.1060956383269556,2.6937793385186386,0.03477405223745196,1.0482723343838767,0.5201302166229704,76.48488847729391,78.7524699372026,2.265274165958749,74.2219216052851,83.2830182691201,0.006800840654140065,0.614771509677525,0.2520401097161233,166.5033882528385,188.13886384013432,3.6085099270882557,180.92184398595782,195.35588369431082,-0.007219627735368784,0.22220088302457464,0.1025528147290892,2222.2426768778746,2294.36942350081,57.77199636893797,2178.825430762934,2409.9134162386863,4.428851834447689e-05,1.2110564096887342,0.5501071060747053,375.47216525455593,1,1.2897669529721327,1.0,0
2.7236576734211853,1.7816123466161273,0.43378519527832987,0.9140419560594676,2.649182737172787,0.028163863735101463,1.5138602321543888,0.9164796510644607,79.85238562936614,68.96336335614848,1.4686294572109906,66.0261044417265,71.90062227057045,-0.0001957201348417094,1.0432326887664756,0.5001823315257155,179.65310816529836,197.7739190593587,4.075928177238234,189.6220627048822,205.92577541383517,-0.00312958008842301,0.06350173877745502,0.028792584844095928,2151.087253096976,2078.623032545642,33.47685622045998,2011.6693201047224,2145.576744986562,0.005607496059249642,0.2535866237005586,0.12931481516224444,232.28261182032392,0,0.972252256150212,0.67,0
1.5030793352647907,1.4610475810487829,0.14593103252008943,1.169185516008604,1.7529096460889617,-0.0007018666780571247,1.3563143220198965,0.056561444138993666,73.4489331114492,67.81679180433655,1.2450102610166567,65.32677128230323,70.30681232636987,0.010254701898990495,0.15209090794081087,0.04947774865978835,190.76510694483935,161.2548528821399,4.994491762438468,151.26586935726294,171.24383640701683,-0.00989470086898413,1.263462847005538,0.6492114229099404,2164.955018939597,2398.562660851551,40.43060106712104,2317.701458717309,2479.4238629857928,-0.011999243567278436,0.9376472826466856,0.25136742355804675,268.5959686869711,0,0.49141121483171135,0.33,0
1.5779608868048538,1.4003738869160638,0.11092187328365481,1.1785301403487543,1.6222176334833733,-0.006606168688318458,0.4972915365472454,0.692026394467123,76.9730280076084,72.34667632223261,1.4850996794235867,69.37647696338544,75.31687568107978,0.0002101951849861537,1.2912624046462136,0.28608530552078903,186.25394347681444,188.1470457912279,3.575392433950839,180.99626092332622,195.29783065912957,0.005545497327383594,1.167869181202824,0.41738089809887347,2194.7613994159233,2342.302416478064,35.01423177383255,2272.273952930399,2412.330880025729,0.003147382485572385,0.7398222653933905,0.28105389204153985,198.32554226382973,0,0.485820476537619,0.67,0
1.8330720932281783,1.6175887583634696,0.15534497131300812,1.3068988157374535,1.9282787009894857,0.0035455719481664195,1.2389605043752305,0.1957855785852434,75.32444643379766,80.71720316029885,1.005635390395559,78.70593237950773,82.72847394108997,0.005561462249458638,0.6024677658180628,0.16551014730654764,187.4808226338344,181.10756745808666,4.796450815285207,171.51466582751624,190.7004690886571,0.0024586982037811027,1.244936878432978,0.3488360558248058,2238.1696539790987,2373.656090818422,33.10028206621987,2307.455526685982,2439.856654950862,0.002409839135264461,0.3776166964237956,0.14600064306141702,94.87254261557507,0,0.16967812491804668,0.33,0
1.6629857857395784,1.655075706238696,0.08125449041445189,1.4925667254097923,1.8175846870675998,-0.004268931900140204,0.1197704513585463,0.2866563987785557,78.00822567540159,77.28999042998866,2.052901829699965,73.18418677058874,81.39579408938859,0.0007589797443625021,0.9857191735202406,0.5905416210688138,189.13989124577785,190.18533687974082,4.100112596437665,181.98511168686548,198.38556207261615,-0.0008776403129852414,0.002197489603785352,0.001229826903534547,2095.154291038741,2097.4179014292476,48.01679078657079,2001.384319856106,2193.451483002389,0.004102190720817707,1.2322547158529389,0.6370642762887389,62.00029412528022,0,0.12091005589218788,0.33,0
1.1674036641793206,1.5210666664066261,0.08848159803923641,1.3441034703281534,1.698029862485099,-0.002798270904125811,0.12673515636724342,0.3635713185648388,74.6397287911803,70.70477379792678,1.5379227532550885,67.6289282914166,73.78061930443695,-0.0002661683378171607,0.17380199128707874,0.04867957384974149,179.56702811680904,190.09693528276443,4.622208569196141,180.85251814437214,199.34135242115673,-0.0028965265428952157,1.267863155761248,0.29812847879759224,2144.443811679211,2350.1366240207244,36.859503305405724,2276.417617409913,2423.855630631536,0.004540451491310695,1.1274073024847142,0.5794856278189211,241.74501660797148,0,0.8282970598575244,0.33,0
1.3856776338739807,1.6243650643260155,0.11055506639807182,1.403254931529872,1.845475197122159,-0.0064781416973598615,0.20616363878576788,0.06951802206922028,78.75608407089877,71.16504128678713,1.1008177218430235,68.96340584310109,73.36667673047317,-0.0042805392019696084,1.4583398969571837,0.32665302072772967,182.02657318102248,176.33989540707887,2.5213356674365435,171.29722407220578,181.38256674195196,-0.00014971723528874766,0.686864967277727,0.2981797800356115,2127.6266791363028,2325.8893407398714,36.64417384659237,2252.6009930466867,2399.177688433056,-0.0023496149981210484,0.4303228466900261,0.21762494219253528,448.5810475938998,0,0.7819690256086055,0.33,0
2.3962525348293573,1.8477829794806748,0.34564326283849595,1.1564964538036828,2.539069505157667,0.027965928109288503,0.9283525054791737,0.6350814646695524,73.6043414234922,78.05367591392253,1.318889678264922,75.41589655739268,80.69145527045238,-0.006524084452164747,0.875787400962023,0.3052866451957689,188.4616486033861,165.83818323926124,5.581476660057616,154.675229919146,177.00113655937648,-0.009822680190514623,0.05341822540926222,0.02132404923388618,2125.942713768914,2210.8158405675726,33.82780969807166,2143.1602211714294,2278.471459963716,0.0027856880920174095,1.216095697845619,0.7039591844767369,240.44026029836664,0,0.9985897327031309,1.0,0
1.5402798478393078,1.5702708286388458,0.13661504712670974,1.2970407343854262,1.8435009228922654,-0.0036956827961535173,1.1735486927267396,0.3528226558568591,74.56005982665394,72.34119788526242,1.2028723765686422,69.93545313212513,74.7469426383997,0.001785812928506353,0.15482938718366845,0.06913421154007005,188.93288561989368,195.15093363875894,2.70157140062447,189.74779083751,200.5540764400079,0.0025887890785442035,1.033339662048671,0.26173195518734227,2166.350639041737,2207.277192521397,26.854012118712877,2153.569168283971,2260.985216758823,-0.0016079384221285363,1.1732926276021107,0.5236728355450212,204.36918449794493,0,0.6267460386735291,0.67,0
4.4236774986265806,3.8162166618379816,0.343532193649401,3.1291522745391793,4.503281049136784,0.13772005408131083,3.6416495830479803,0.9060336813968837,84.87449579603683,78.72213618369575,2.7104314856070557,73.30127321248165,84.14299915490986,0.038082672449848524,1.1435684657073073,0.5995532932631562,172.09874031628237,194.40876476585038,4.40243501389896,185.60389473805245,203.2136347936483,0.0011780727905428296,0.1753470610625461,0.10098813251962697,2238.5432596943483,2261.2689894638397,46.702546457497974,2167.863896548844,2354.6740823788355,-0.0020764395695040063,0.8001916379644822,0.4461524756712355,499.7975000886193,1,1.3971773436525765,1.0,1
4.045814198713189,3.498736538555572,0.31547749470827996,2.8677815491390124,4.129691527972132,0.08556727164649491,4.3936228005465345,1.077499100221729,80.97841286717382,77.84602584993037,3.1928107968703556,71.46040425618966,84.23164744367108,0.07620978435948547,0.636107758427039,0.33063076592089385,183.0378343216568,161.57255931095372,4.588949971209112,152.39465936853549,170.75045925337196,0.005746366631428379,0.1598973797006577,0.03678520970656184,2164.8411787437058,2290.9985468627688,33.62407116336874,2223.750404536031,2358.2466891895065,0.009062242789984644,1.2286534765112995,0.6386127348516889,526.6400379472533,1,1.5537886783989514,1.0,1
1.364605706189067,1.5180029626214748,0.09970329097390422,1.3185963806736665,1.7174095445692832,-0.002463274266067017,0.6601738613651604,0.2759456496750243,78.36794406013868,74.86863671317907,1.8058368482735134,71.25696301663204,78.4803104097261,-0.005800101909716443,0.847577379435605,0.3780613102362115,178.14428961522563,194.4060643652573,3.109586883223925,188.18689059880944,200.62523813170515,0.007159445318872568,1.4700934730809265,0.8533228402080014,2177.0497769888543,2354.994811974325,41.096812268430625,2272.801187437464,2437.188436511186,-0.00805858532809427,0.9842634464496254,0.29954507422762666,34.09281117397581,0,0.1629836196777938,0.67,0
4.577382108460986,4.143421129728483,0.363581177765708,3.4162587741970674,4.870583485259899,0.06732943200708458,3.971399452942527,0.7821294474023202,80.62682173623446,79.02090387047323,3.184473704122555,72.65195646222813,85.38985127871834,0.03679603381675657,0.6053366134668484,0.3550054586341734,181.88648132730205,186.4989733441559,3.3670584632540512,179.7648564176478,193.233090270664,0.006334555745933113,0.021590232944633803,0.005320460727743984,2164.616526719061,2006.8984539117646,41.59608401805638,1923.706285875652,2090.0906219478775,0.003873170267146684,0.14675124097650222,0.05820834409815816,419.98732213662777,1,1.4251624308830197,1.0,1
2.089202781358707,1.76630806507422,0.4350584573327816,0.8961911504086568,2.6364249797397834,0.03879838157477918,1.9994514935670866,0.8242596843523305,72.49985296405815,73.9417442449389,2.3473114430363395,69.24712135886622,78.63636713101158,0.0011580373708404593,1.335331005831834,0.4114681432750417,180.37430653125014,180.60296022556187,4.533390053210573,171.53618011914074,189.669740331983,-0.0030378439588977795,0.9438287895124382,0.4527784250482546,2278.409121476366,2290.929712409834,34.1845628593675,2222.5605866910987,2359.298838128569,0.005641198916344188,0.3626467612195224,0.1425947537023763,432.0318353876354,0,0.9270085490095882,1.0,0
1.967452204952703,1.3905039330921256,0.10367968693853026,1.1831445592150651,1.597863306969186,-0.000602214313205882,0.7578368254844927,0.7602661395291984,75.71564212503979,81.46098665378881,1.2120578463645015,79.0368709610598,83.88510234651781,0.0029321425082950796,0.9588938431318854,0.37899534736288115,181.46236521111544,181.27145217560843,4.632143284909395,172.00716560578965,190.5357387454272,-0.008064254673820843,0.6941806048333055,0.40384129592102713,2300.647792471699,2028.5969422003027,34.912546946426524,1958.7718483074495,2098.422036093156,0.00955217816066707,0.43103605614428225,0.12649288349813317,252.27298656606771,0,0.7473398204668535,1.0,0
2.046442854090661,2.046246690086472,0.41292659044035335,1.2203935092057652,2.872099870967179,0.045738362166684636,1.6309127321482164,0.7687846612580265,73.69868675732761,74.39591164161058,2.2243074130533076,69.94729681550396,78.8445264677172,-0.006319404145370556,0.3802515241586597,0.1263784325997261,184.8401253793529,172.596912658941,4.854497640251526,162.88791737843795,182.30590793944404,-0.014194201653915968,0.5806957634567225,0.17451247639036763,2177.05615774875,2291.131077450115,48.341688533947355,2194.4477003822203,2387.8144545180094,0.002392651570749517,0.856034492365272,0.337026326100462,363.19587551127165,0,0.9950743795742009,0.67,0
4.100628258707951,3.743093012469061,0.4108165855646606,2.9214598413397397,4.564726183598382,0.09260833838903715,4.118251069958801,0.7686229477886047,85.3995316143035,77.02398296453521,2.482622442105495,72.05873808032422,81.9892278487462,0.044847785151735625,1.1955260186122971,0.6554607312450483,184.39321754863022,163.54042312061964,4.184704530723632,155.17101405917236,171.9098321820669,-0.002731222241262414,0.8029651971788875,0.22971288487481223,2219.5902002701273,1985.1034931057181,28.84076695371262,1927.4219591982928,2042.7850270131435,0.002896457498005442,0.8219392334605394,0.3137760699201308,489.6795185238364,1,1.327507355019518,1.0,1
1.662312629572955,1.620850341772123,0.12830429962737924,1.3642417425173645,1.8774589410268814,-0.00656420136546363,1.0220483633708395,0.6918470726698879,70.62523817004791,69.80237154780566,1.49044453622126,66.82148247536314,72.78326062024819,0.0035813124823426455,0.5577739540559383,0.2731031783394711,193.99282956015452,187.66362884226083,3.45030802206575,180.76301279812932,194.56424488639234,-0.0022621213240452075,0.7613074876381133,0.256451396203064,2161.6246481663093,2195.589248449385,43.71333642125088,2108.1625756068834,2283.015921291887,0.0008491333629184362,0.6338000323274652,0.1988169477944433,111.09975199530174,0,0.1978119907370855,1.0,0
2.0263730748660564,1.731966830008055,0.3773335083484523,0.9772998133111505,2.48663384670496,0.04212848492976373,0.6510541720517737,1.076846090234368,74.24632464100688,77.06481094186148,1.799698084852124,73.46541477215723,80.66420711156573,0.00455209249842785,1.1180966087123092,0.3931030487876028,178.0748159878689,188.64468296656344,4.407791945009615,179.8290990765442,197.46026685658268,0.0034816143104016172,0.1478202771194136,0.04328642330134509,2213.939990619273,2288.0565027414295,28.126896580215337,2231.802709580999,2344.31029590186,0.005410561564965704,0.6566722159494298,0.1919412410488658,334.3020458445892,1,1.1633605341025035,0.67,0
1.7616982592863033,1.410324040944963,0.16811503589423715,1.0740939691564888,1.7465541127334374,-0.002013341056183657,0.44342154031626896,0.00490376199601001,73.98594347441795,73.24380947696636,1.135850089913895,70.97210929713857,75.51550965679415,0.00984327050192292,0.8925146662776016,0.5350282408131289,177.13402096265557,166.02624146101672,3.626077807095368,158.77408584682598,173.27839707520747,0.010485636061865136,1.123583418312612,0.33523371611720515,2215.1306762973127,2109.533414893375,38.64104642694413,2032.2513220394865,2186.815507747263,0.008272566404325167,0.7328717174625676,0.26877917312953103,224.22232600643633,0,0.42200161042135426,0.67,0
1.373306780234844,1.4143062462238487,0.1317675410349968,1.1507711641538552,1.6778413282938422,-0.0036680397304331984,0.7631296389392204,0.6826119205077394,73.54896339111617,72.49018893206124,1.9420633042315574,68.60606232359812,76.37431554052436,-0.0006406420720989066,1.204015281956355,0.26457226528652245,183.39984332398916,176.18653314589753,4.5300868081093935,167.12635952967875,185.2467067621163,-0.006168470821642747,0.21054409707915084,0.09458647141315739,2212.616498668584,2137.441810132887,41.454191812326414,2054.5334265082342,2220.3501937575397,-0.006499372036842262,1.4451879930569214,0.4927413315797576,126.92278838582224,0,0.2558340540664356,0.67,0
1.3998625654411576,1.4706036240653968,0.12780192515420968,1.2149997737569773,1.7262074743738163,-0.003628338014415103,0.9319455513251835,0.21882425471085357,74.92556428267245,69.72253702114645,2.1852848746102946,65.35196727192586,74.09310677036704,0.002516643869227833,0.1978559082462013,0.04236051064180537,181.33160787650684,165.88486950700138,5.129082787784683,155.62670393143202,176.14303508257075,0.005632589468428516,0.30001588416504504,0.11521473928058393,2151.3066923153374,2107.922294047911,43.05203006858033,2021.8182339107502,2194.0263541850713,0.0038325188350278945,1.3925577655815764,0.42544539323683933,160.21673779992685,0,0.541045120940347,0.33,0
1.8018557170809189,1.4796667843409312,0.10204300602626655,1.275580772288398,1.6837527963934644,-0.007025819299698913,0.5699032134997868,0.02493950561041372,74.36858889554608,80.35743843849184,1.9322555435791546,76.49292735133353,84.22194952565015,-0.006934852239653967,0.25684379050482964,0.0571934440109012,186.68541588778396,163.3883293920216,4.822301599776672,153.74372619246827,173.03293259157493,-0.001807952329320314,0.803238965679399,0.4669169298720451,2174.717186091076,2119.4062692367343,27.516145241089045,2064.373978754556,2174.4385597189125,-0.001089129074158685,0.8492213870111465,0.4572614552116445,362.49377375053376,0,0.6089803980174459,0.67,0
4.349526151575141,4.3440533329304785,0.5422784375350158,3.259496457860447,5.42861020800051,0.10214456890435894,4.561005500772776,0.7334114773754872,84.98530135789282,76.14764061160558,1.8252574835760549,72.49712564445348,79.79815557875769,0.07457760916619555,1.0408000385691856,0.521191109413694,183.26641586624768,181.52668832010107,4.021085863005491,173.48451659409008,189.56886004611206,0.0025560129976249036,1.3387849349322691,0.5051931804668175,2268.682927258148,2271.7188825768226,33.31017139311822,2205.098539790586,2338.339225363059,0.003710637455359461,0.768545666318686,0.18574974147224732,507.82966959737996,1,1.8339671892076437,1.0,1
1.6575422990096647,1.39231092995202,0.12298765445049863,1.1463356210510227,1.6382862388530173,-0.0001132206506818714,0.036621472233333174,0.25901432371640354,74.60741276450847,81.20225113258064,1.6372595292481367,77.92773207408437,84.47677019107691,-0.009579345131542242,1.1622145812633806,0.43857127949292024,180.18452669276508,184.45200643446893,3.27226080637635,177.90748482171622,190.99652804722163,-0.0019637947620840457,1.3922178313434632,0.569018788806234,2124.908153768508,2087.262141083009,40.401160355140185,2006.4598203727285,2168.0644617932894,-0.0071324157831058254,0.5886672662653873,0.2507083498045793,33.56732672138509,0,0.11312261806766574,1.0,0
3.885530322570631,3.2198150206881815,0.5995570448133163,2.020700931061549,4.418929110314814,0.08266392494259109,3.9941932747180653,1.0927965538256443,84.79998789770113,84.77674524094532,2.1795915646164827,80.41756211171236,89.13592837017828,0.02242104961158198,0.8790693538505023,0.37216056476484305,186.07398528447192,181.4861519304521,4.790197019224519,171.90575789200307,191.06654596890115,0.0031103499515302436,1.14345393675144,0.2465003187386098,2266.4466659767704,2378.5166929309985,55.25516364039274,2268.006365650213,2489.027020211784,0.005118547730534907,0.8804047598383606,0.38066954384105484,869.42881018342,1,2.1837492171891384,1.0,1
1.5874030442522427,1.310273890552633,0.13899346653113026,1.0322869574903724,1.5882608236148936,-0.0015907131633071344,0.41103704105772876,0.5127356240338674,74.89660412124954,77.75612658001513,1.4795549213134507,74.79701673738823,80.71523642264204,-0.0026552958518933785,0.032777065811668116,0.011275585151787837,181.65860973311644,168.25313441604112,5.62280800982105,157.007518396399,179.49875043568323,-0.004006101799064417,1.301748745101745,0.41736356537703884,2222.8101659575873,2181.459515595365,41.79739911515379,2097.864717365057,2265.0543138256726,-0.008678669684738136,0.907064690831088,0.3553684362620029,139.09948723905435,0,0.24243907857166955,0.33,0
1.430392406060502,1.3778487900834362,0.07563231423868266,1.2265841616060709,1.5291134185608015,0.0005439245293039808,1.0675823875908563,0.08798699348126143,72.86312502830835,73.14447425989934,1.1740264915408858,70.79642127681757,75.49252724298111,4.755919970497112e-05,0.5590900572511415,0.3202434342500395,178.6634946280498,188.5915176841186,4.993893694402653,178.60373029531328,198.57930507292392,0.00018139646319167578,0.7477353405516214,0.2055729688681113,2222.8804870970184,2256.9165979203817,44.20532209221758,2168.5059537359466,2345.327242104817,0.00020840603608454392,0.8924022652460595,0.2525605982288944,76.77606661908624,0,0.2709745348087598,1.0,0
1.5317970894479014,1.5724763964853798,0.11455321222581859,1.3433699720337426,1.801582820937017,-0.00509585310650952,1.3556129239639914,0.2606506174041531,75.29917657114137,75.64765324008327,2.237215212734776,71.17322281461372,80.12208366555282,0.001818363239194911,0.8344557922037457,0.37614859962176467,170.80953473540367,192.86350295767076,5.588018636329682,181.6874656850114,204.03954023033012,0.00816792416204529,0.45823313310052455,0.14059185252141615,2147.9310455739237,2340.044399934404,40.48789311808601,2259.0686136982317,2421.020186170576,0.007707341978891026,0.8094715807955474,0.3117565503130482,85.35076417327288,0,0.21276244042338216,0.33,0
2.392445788274548,1.9951257789403238,0.3459426975456859,1.303240383848952,2.6870111740316958,0.04980637640800485,1.75042306771503,0.9203467787341205,72.42880177189446,76.96510341910101,1.7593025306892498,73.44649835772252,80.4837084804795,-0.001146878436823775,0.31673705614789044,0.126964890327003,180.7493354569389,162.2034301216929,3.425912001791146,155.3516061181106,169.05525412527518,6.182547568266299e-05,0.7710462292138043,0.3309790724158277,2210.5004154011294,2171.7112128773756,52.47090441857281,2066.76940404023,2276.6530217145214,-0.0017329229080940958,1.0137174536140994,0.4297688254948604,499.50273858703645,1,1.1432830300472119,0.33,0
2.2177538351261297,1.6722860714214698,0.29372495097340834,1.0848361694746531,2.2597359733682865,0.0397841471601352,2.1931015516397254,0.5660643302865256,71.922405245682,79.20471150486492,1.5431330361168487,76.11844543263122,82.29097757709862,-0.002088915062568094,0.23986986753619127,0.08617560001561474,183.01852077561313,164.63665647713148,3.6512192237375354,157.3342180296564,171.93909492460656,-0.0022129464638707807,0.469538032052372,0.24789131702337588,2200.3863946587844,2208.7759385844593,38.408550175670456,2131.9588382331185,2285.5930389358,-0.005295185610060488,1.2533560649468405,0.7355762285292984,310.3783118408174,0,0.9360117032486571,0.67,0
1.5009854302631012,1.49214048465009,0.12507043563808382,1.2419996133739224,1.7422813559262578,-0.008396040450268922,0.3362310066355479,0.10391722900168335,76.95021428657762,68.31161057424123,1.5207012377459956,65.27020809874924,71.35301304973322,-0.0010136001471833518,0.2990470976207448,0.1249841695638305,187.68070350946888,188.48047831442318,3.2163413165788164,182.04779568126554,194.91316094758082,-0.002155499947628464,1.4114983917376456,0.4409888806322565,2238.8774882762063,2390.222528523905,42.099706790788275,2306.0231149423284,2474.421942105482,-9.083440702727253e-05,0.8256141647677288,0.3944536628314815,397.4266118587471,0,0.6766811200993955,0.67,0
4.653763063034119,4.077295965784658,0.5186149163904705,3.040066133003717,5.114525798565599,0.09815223515125501,4.696655420469081,0.7615867992052572,79.68889344151913,77.01765848844111,2.081259344080808,72.8551398002795,81.18017717660273,0.04949567280448621,0.46363213942185877,0.14802043988640198,172.04297676251855,191.559179216743,4.093270521786304,183.37263817317037,199.7457202603156,-0.0022615315962453836,0.9000308221789556,0.28500828864161853,2078.806033668552,2271.2873877487405,33.47157555518846,2204.3442366383633,2338.2305388591176,-0.00023855678070989927,1.4799938899007197,0.3803557911130741,600.6351966892631,1,2.0036024546135547,1.0,1
1.488624491963217,1.507260179615944,0.16004422596105478,1.1871717276938343,1.8273486315380536,-0.004428261988766327,1.42350718000916,0.6078430647971426,75.5031758359977,81.71444181761586,2.1915448243512037,77.33135216891345,86.09753146631827,-0.004145794612427,1.0174893069468947,0.30547542460447935,179.6749308861097,167.57291252538292,4.76631645554666,158.0402796142896,177.10554543647623,-0.00439576599546773,1.110546858234142,0.5771845929294445,2193.2477699068613,2286.643780903541,54.233643210992554,2178.176494481556,2395.111067325526,-0.008050848989967172,0.5855915596041064,0.11975802894879099,153.12890104010043,0,0.44913927868742975,0.33,0
2.387901164736946,2.283719787930873,0.25347250321051684,1.7767747815098394,2.7906647943519065,0.032625795295391544,1.4295684118750016,0.8398139383353147,76.36444216182566,81.55062750425674,1.7293879441090998,78.09185161603854,85.00940339247494,-0.00011015036258470233,0.7313976570743415,0.315474951709202,176.67342244532958,192.04036117062682,2.753219784641199,186.53392160134442,197.54680073990923,-0.002717102148882585,0.1505512426425809,0.0682767373141393,2263.1927969548196,2360.1964690239306,46.05419772328971,2268.088073577351,2452.30486447051,0.0056059407128495236,0.909475421061798,0.31468770104792737,472.2551713921209,1,1.0019370072316707,0.67,0
1.4975350036198862,1.4254146753147066,0.11749273575202708,1.1904292038106523,1.6604001468187608,0.004275945266964137,1.0615824900325879,0.39000888891494356,75.89453311650213,74.82457828921467,2.1730553445781986,70.47846760005828,79.17068897837106,-1.1717015747600823e-05,0.17080500390804726,0.06922988894231766,182.39282270200192,185.61141296770694,3.3427975847834848,178.92581779813997,192.2970081372739,0.0018109216105234704,1.036134984273508,0.4599930079395642,2173.755371718176,2002.9591066697105,45.55207454568843,1911.8549575783336,2094.0632557610875,0.0005086860291996334,0.4559278599925622,0.1607639115596554,169.86075997217657,0,0.6283313457611082,0.67,0
3.900117676490445,3.8119161159668495,0.521441414176614,2.769033287613621,4.854798944320078,0.10052067735766382,3.7660553163786927,1.2077414730110645,81.88320734456325,79.5974318413458,3.1232110558094597,73.35100972972688,85.84385395296471,0.0299572937177471,0.5781942733158951,0.32643595579378953,174.05494358809983,162.07099280597396,4.345898677429368,153.3791954511152,170.7627901608327,0.0028981658660678783,0.11910987696454428,0.05867335817868346,2216.289815829108,2064.9881700469805,49.858497951815906,1965.2711741433486,2164.7051659506124,0.006587987678039799,0.4715251697756226,0.18317204336997203,654.7126069918136,1,1.7970447563251781,1.0,1
2.381599553233861,1.947881218851327,0.3170692448517712,1.3137427291477848,2.5820197085548693,0.03176720463767815,1.3157698537007179,0.9178166140452821,70.9583648308281,69.4873482954895,2.3057040042776347,64.87594028693422,74.09875630404477,-0.00025400394309766776,0.9074250197215563,0.4208601155442597,184.04331382748643,184.67422801897368,3.7899686415969978,177.09429073577968,192.25416530216768,-0.0012852620440653233,0.4064448118068293,0.12772554218353227,2213.8776256746764,2086.3927119160576,33.115086485899695,2020.1625389442581,2152.622884887857,-0.003215916710135152,1.1969147838799499,0.5089887749461306,193.17651648394977,0,0.9575936594225172,1.0,0
4.26979120252527,4.077466226377329,0.3340832189483491,3.4092997884806304,4.7456326642740265,0.06737615931357438,4.53578115715851,1.0738073606736598,84.94483659531062,77.38550885480298,1.9407327754263854,73.50404330395021,81.26697440565574,0.04087648469492999,1.5059207034350175,0.6552340699142715,183.81795550309928,186.23901836425716,5.44506643579666,175.34888549266384,197.1291512358505,0.002018650451683047,0.9512132074436053,0.23828451741296447,2198.7902196804544,2270.5488678537154,31.120850301158576,2208.3071672513984,2332.7905684560324,0.0010057982793641965,1.2836058883586796,0.3733647845157759,574.2807016031172,1,1.5630589149907335,1.0,1
2.5865032142953472,2.259978356668507,0.25966703980644373,1.7406442770556194,2.7793124362813946,0.035861403951229304,0.5176296665889453,0.883656602930753,77.53332250639683,67.63534676612697,1.9870483311686657,63.66125010378964,71.6094434284643,0.003424210970527955,0.946169599657398,0.41160715462306596,176.8327327905815,173.69555315812875,4.94409663379196,163.80735989054483,183.58374642571266,0.012163181620108774,0.6505453996604393,0.182744235074871,2252.4101983837636,2316.8589446535752,58.56653989049927,2199.7258648725765,2433.992024434574,0.004260870906609525,1.0601479227924466,0.5183841016677085,187.62568727747993,0,0.8319946761381584,0.67,0
1.556475852146614,1.3842697802467199,0.15883159564531404,1.0666065889560918,1.701932971537348,0.0006911261825092022,0.7235421246971092,0.22357451016011998,78.06595649506217,70.62227842875397,1.9607304393621452,66.70081755002968,74.54373930747826,-0.005000694606199784,0.9787649891801296,0.3584634639236429,167.08970414618267,183.51956454630178,2.96392072686706,177.59172309256766,189.4474060000359,-0.0070033492744327385,0.36643544180574683,0.2041062248974813,2175.7444990347967,2217.5267059398257,28.926949756469746,2159.6728064268864,2275.380605452765,0.0005584706505333749,1.2503018506638859,0.5421404746975662,74.36573736283471,0,0.2877194549511933,0.67,0
1.4734082285568302,1.6035718230429068,0.1467955316257707,1.3099807597913653,1.8971628862944483,0.0007204644164725613,1.3913487627594818,0.07871739132187315,72.50044536716098,71.63379738105363,1.2314046043193891,69.17098817241485,74.0966065896924,0.001781400248708038,1.3399036731265475,0.4770258854714755,180.22302542764118,194.87269017220692,4.280506492158689,186.31167718788953,203.4337031565243,-0.0024233798246930185,0.2500853895885691,0.1279972454605107,2261.3729515577425,2395.840123279853,47.520237387877295,2300.799648504098,2490.8805980556076,-0.005165425252277451,0.89026071038805,0.5052894383469784,244.27952184084722,0,0.4822918980591414,1.0,0
1.4962708946584258,1.5800603097613335,0.17401137704692976,1.2320375556674739,1.9280830638551931,-0.006941522541567469,1.1935764021991506,0.2651173122173385,73.95862180896171,74.31367667391139,1.0075030264758345,72.29867062095973,76.32868272686305,0.0006590886629835941,0.42087702554023615,0.186028608218978,184.19996083185194,196.17650273448734,5.091808798451092,185.99288513758515,206.36012033138954,-0.000715831668177661,0.3169221577481249,0.09975758023390018,2147.778190159611,2233.6878719200167,30.913923943193684,2171.8600240336295,2295.515719806404,0.0068506945240227836,0.11102998538384118,0.03269750886535215,121.55406713808341,0,0.5448895679118455,0.67,0
1.4093380636879451,1.4456589073804373,0.10844797443782579,1.2287629585047857,1.662554856256089,0.008267200544129214,0.08977078459033278,0.004316823938577638,73.72561056548089,69.56551294130941,1.7379240188734957,66.08966490356242,73.04136097905639,0.0021714573065786543,1.1007328306044488,0.24103736344398438,183.26634301854307,192.26762667021865,3.812015598781189,184.64359547265627,199.89165786778102,-0.004039975845574363,0.17564112170999713,0.05322175048613752,2250.6445287018687,2175.9633009312656,42.981080056816154,2090.0011408176333,2261.925461044898,-0.0007559869284856078,0.10784301077176045,0.040555426728123525,46.652752231452055,0,0.09647732319215194,0.67,0
2.280243450819561,2.170750720315138,0.38955264641668613,1.391645427481766,2.9498560131485103,0.04957333147313101,1.2982833221879029,0.9970524657689029,79.20408951167562,78.7009496898027,2.105066875276773,74.49081593924915,82.91108344035625,0.0014704101939660705,0.798495903880654,0.2530561830372938,186.25625298262344,171.6060052559214,4.017679054155858,163.57064714760966,179.64136336423311,0.005078139419972354,1.3923251934713916,0.5729725697657988,2209.3729691044455,2299.8528185096648,37.987265718123595,2223.8782870734176,2375.827349945912,0.003284645331710441,0.9513419982204222,0.19717817375778687,500.63670847792497,1,1.2013213007609,0.67,0
1.9974911124662258,1.7718475094191763,0.2793294513448236,1.213188606729529,2.3305064121088237,0.012492709001967426,2.4178092096904105,0.5665883143556927,79.69821711605006,76.22227530657908,1.4463177064507717,73.32963989367754,79.11491071948062,-0.0006479480533702278,0.282898396907388,0.12013365670835212,177.21313835744,183.9378883487068,5.445921188339513,173.04604597202777,194.82973072538582,-0.005843237149701557,0.3290520975979051,0.16244885340631107,2176.487214186682,2133.290459069329,28.262487406244446,2076.76548425684,2189.8154338818176,9.140042879410626e-05,1.2737049542416832,0.37479651312716256,611.7118193646024,1,1.272944745361002,0.67,0
1.4349290119368272,1.3059451985024,0.13438084707702605,1.037183504348348,1.574706892656452,-5.278217440426658e-05,0.5126364034478441,0.7862042756349813,76.87230718825641,75.49318980192443,1.0636691318284517,73.36585153826752,77.62052806558134,-0.0071729043045217445,0.8838013601457796,0.43197522664716875,177.29270545698176,178.62410534359088,4.817445720989871,168.98921390161115,188.25899678557062,-0.003792319614654325,1.2763594832264995,0.4893396894299736,2151.029213089242,1967.6739922013535,44.73011878416662,1878.2137546330202,2057.1342297696865,0.0027606229236492147,0.11530065507263226,0.05995132756216518,427.3449988546672,0,0.7495555105649276,0.67,0
1.5999037283317408,1.6646282579773308,0.07621340950648949,1.5122014389643519,1.8170550769903098,-0.005353771881692513,0.31819510630591646,0.20982867879604972,76.93218571071264,69.69444203074956,2.16760967830274,65.35922267414408,74.02966138735503,-0.007226999183903791,0.2566670000061445,0.14690316165915326,184.04867874897397,169.56641604117266,3.9136049106326167,161.73920621990743,177.3936258624379,0.0026257232939413573,0.7417731854374776,0.41924587436199934,2267.985910650045,2169.7749582284778,40.36831175501564,2089.0383347184465,2250.511581738509,0.006927188908281911,0.7299150655340735,0.4261400104196769,68.28161670665527,0,0.13848140118606161,0.67,0
2.1098396246127105,1.7807270201394458,0.3568001109594857,1.0671267982204744,2.494327242058417,0.03347071631378365,1.4951321667774518,1.071777223494264,74.2695180450203,74.56268006536813,2.0975605907078254,70.36755888395248,78.75780124678377,0.008201986404665199,0.2259164296027787,0.12946349750070377,174.09238419167687,177.3722837525711,4.34539302482737,168.68149770291635,186.06306980222584,-0.0001801051787721996,1.3948057234408187,0.5488822168227998,2147.7235257162974,2332.7748355279286,56.48643712803103,2219.8019612718667,2445.7477097839906,0.010090386913589102,1.1677738200924952,0.2947529407022653,274.0268418069488,0,0.7205787407819869,0.67,0
1.5960406850197515,1.6157387975341475,0.11215754189216269,1.3914237137498222,1.8400538813184728,-0.0013111406861691607,0.13206151155647367,0.18720810549031094,72.73404381061746,76.6860401033367,1.7272818444368743,73.23147641446295,80.14060379221044,-0.0026723483792086044,0.2426786017226214,0.0590885254959532,185.094660088918,181.64370840845518,4.500323380635861,172.64306164718346,190.6443551697269,-0.009104377759090346,0.14618392086708876,0.08167484929967365,2227.959821703917,2268.0561611474773,45.45740423925335,2177.1413526689707,2358.970969625984,-0.0011274333530105962,0.08070168314578535,0.04487326819689488,51.65504470265974,0,0.16031262193706838,0.67,0
1.1714095625398295,1.489815605973369,0.07682132231964038,1.3361729613340882,1.6434582506126496,7.954329199815541e-05,0.11987266401991009,0.4133709147639012,75.36099211215617,69.47099603258314,2.1189179488081376,65.23316013496687,73.70883193019942,0.0039377166216343264,0.4073002243627538,0.08686697656723526,172.95225559796197,189.4010719478822,5.732609337922712,177.93585327203678,200.86629062372762,-0.0029816234454596038,1.2002373549971945,0.5481421803079586,2226.431740766728,2257.4248581065435,47.28243623755548,2162.8599856314327,2351.9897305816544,0.012242934940870285,0.4469361434375386,0.12203093171583847,105.88767512098987,0,0.23707869526838213,0.33,0
1.2545236988092225,1.5167171267469437,0.10976284756330854,1.2971914316203266,1.7362428218735608,0.005901591584930551,1.3427256001354204,0.0684447430585984,75.748626179093,71.43898166185332,2.1499065097368204,67.13916864237967,75.73879468132697,0.0012622427747683172,0.0643438642966142,0.015407856287371876,192.68779555328018,189.17446684320151,5.446161428746521,178.28214398570847,200.06678970069456,-6.650390131617051e-06,1.1407970474547018,0.4676575907809473,2231.368633509371,2020.079286088444,34.95207856807281,1950.1751289522983,2089.98344322459,-0.00632323636143256,0.9798693230338889,0.27844032956615583,71.2807088642634,0,0.1386492822693084,0.33,0
4.424940431141957,3.357432481517979,0.4260341249811025,2.505364231555774,4.209500731480184,0.12716269109786077,4.836515428036961,0.9619202238813694,78.8407733758208,76.3712687987068,3.8228657642362767,68.72553727023424,84.01700032717935,0.03372060677621653,0.6343949369484678,0.31104961480578575,176.521643110759,190.90322813911993,2.833897470596237,185.23543319792745,196.57102308031241,-0.0021835986802029774,0.7213352199045135,0.3354018373819503,2196.693369268709,2043.3040339556858,59.76392553980374,1923.7761828760783,2162.8318850352935,-0.000906120866090515,0.06736694849342378,0.03398010233276534,469.183304104536,1,1.7101956420983242,1.0,1
4.668140215829784,3.229334788138091,0.36751732762966455,2.4943001328787617,3.96436944339742,0.07601577909620512,4.1086799752511265,1.083681006614883,86.10972817872936,82.26770200380557,2.075434318623376,78.11683336655881,86.41857064105233,0.053919815274296595,1.4735989360411448,0.6471748064459998,180.3999669027957,175.1040885696128,3.029363900572271,169.04536076846824,181.16281637075735,-0.003672957883990246,1.2759240867617068,0.541615886796037,2159.487378149281,2216.72424850968,27.368392666500057,2161.9874631766797,2271.46103384268,0.0034655280363157202,1.0617526458446531,0.44319178532142683,388.5104921567514,1,1.7957908339872535,1.0,1
1.3261226840953924,1.3364165034770372,0.158093081244058,1.0202303409889213,1.6526026659651532,8.674679369366075e-06,0.6685124679861267,0.11868417092946638,76.0193345509272,79.01508627915673,1.661557475654765,75.6919713278472,82.33820123046627,0.0014461097045830968,0.8406337779238024,0.4080127219042064,178.16904180675684,183.9820182869319,3.693437941724318,176.59514240348327,191.3688941703805,-0.0018505580171125895,0.5657702816613099,0.18852309100744694,2279.8232262400093,2396.601146264744,27.6718343893961,2341.2574774859518,2451.944815043536,0.002086996387682644,0.4622911404891801,0.2078796645273046,120.89078784277442,0,0.2706801001193764,0.67,0
1.420526547671129,1.3767579653327826,0.09452311142063805,1.1877117424915065,1.5658041881740588,0.002956600802869217,0.7697903320424428,0.31273758431637183,73.10375210713491,79.09883429710703,1.8862600928660123,75.32631411137501,82.87135448283905,0.0020819812937194824,0.9000247621319714,0.4462721976276312,180.00493829579506,171.8127521266297,3.3480674814377758,165.11661716375414,178.50888708950527,-0.0003565894525740961,0.9644118180374753,0.499211206495617,2262.147510152103,2374.8652753020483,46.65022705529272,2281.5648211914627,2468.165729412634,-0.00030597870553951835,0.9141746375704104,0.5197413964495154,72.38807721737241,0,0.24167009479522666,1.0,0
2.924367514876397,2.7584606230310484,0.3260149734326035,2.1064306761658416,3.4104905698962553,0.04916993114807942,2.202183764464289,0.9808368497718245,74.66710798106013,81.11093953778699,1.1017552418257408,78.9074290541355,83.31445002143847,-0.006247824559620026,1.2550660808751926,0.338639863351691,179.1949121216879,181.73032522350147,5.909848839326077,169.91062754484932,193.55002290215361,-0.0034240605486944796,1.123673368538806,0.4787627283594402,2195.286546461755,2145.169689414575,51.495415371157605,2042.1788586722596,2248.16052015689,0.00015810986955123885,0.8158405447389616,0.449315295235407,306.04680695208407,0,0.842957448003958,0.67,0
1.2816272572274112,1.6175111664700337,0.0977536644874873,1.422003837495059,1.8130184954450084,-0.008656579679055063,0.9351321028843076,0.11743796376906943,72.28543236057689,72.00530036181996,1.5428616342095693,68.91957709340082,75.0910236302391,-0.0014739375162403988,1.3513537334836567,0.4550467046497124,180.0449236230989,180.50330094152892,3.3223725069675236,173.85855592759387,187.14804595546397,0.015661630754042307,1.033068091014186,0.22209156806666705,2146.0574519335705,2237.6493154525856,56.894846809896606,2123.8596218327925,2351.4390090723787,-0.008693558602652633,0.18988472400830314,0.0508351126170178,163.64326037147512,0,0.34988935505791907,0.33,0
2.0986919181487944,1.821391359293333,0.4402833008829475,0.9408247575274381,2.701957961059228,0.02319899581161106,0.8624360872272345,1.4045435009034861,76.66631553325887,82.05591345004993,1.6114880370526476,78.83293737594464,85.27888952415522,-0.009369850378412228,0.02289725946904464,0.006595594462255111,180.9220828471349,172.30953028688398,4.967188964559676,162.37515235776462,182.24390821600335,-0.00046937277486679656,0.12780071633949297,0.05879305564493062,2218.4508218912583,1983.1934688194738,57.472701778136035,1868.2480652632016,2098.138872375746,0.0007886760380584047,1.14864498157131,0.27176157252433736,297.12476679254246,0,0.8389497947733996,1.0,0
1.4812716139338742,1.665479906124694,0.13029928174169866,1.4048813426412967,1.9260784696080915,0.004634998143670844,1.2629079459637287,0.07188548301818116,73.64856399516894,79.61683383408713,2.0258666059343557,75.56510062221842,83.66856704595584,-0.00565544872584421,0.18760685917585362,0.058306730486214244,177.2032526009784,187.5375779349671,4.8188336863429635,177.89991056228115,197.17524530765303,-0.0036673104558448215,0.21963981247335002,0.07997661480691973,2155.501872172143,2018.4881576444661,28.139670696468876,1962.2088162515283,2074.767499037404,0.0069847172811641055,1.335124754320137,0.7827226702906847,172.41953755103953,0,0.6137118555525758,0.33,0
1.3878325440421948,1.4750923133904308,0.13387327083374792,1.207345771722935,1.7428388550579266,-0.008656622894381575,1.4815587145742968,0.07967170121370146,74.00204251388823,67.84271879576134,1.3316049932165026,65.17950880932834,70.50592878219435,0.006626318015636943,0.02155530889012347,0.004490931972665578,178.695538652566,197.86233156224708,4.98747576654247,187.88738002916213,207.83728309533203,0.0006970757967320315,0.12091693269932635,0.06126998460169793,2140.027687102232,2239.7435264763194,57.255730850466136,2125.2320647753872,2354.2549881772516,0.005877270061695674,1.3749350605171688,0.7812423854011377,33.91973747317346,0,0.14676620940361873,0.67,0
1.5646902662407585,1.3979160194693037,0.08245386507089558,1.2330082893275125,1.5628237496110948,-0.007021582083480847,0.2592907874830904,0.0399203655363566,73.83255870862115,71.72957304610611,1.2926997994204887,69.14417344726513,74.31497264494709,0.0005828282840766794,1.491848352312865,0.759936333984673,175.84476075844452,183.6812327739145,4.671200014610256,174.338832744694,193.023632803135,-0.002410621421607347,0.5334726492475452,0.19930538530017614,2211.8323456336425,2089.354130094708,42.27045951968981,2004.8132110553286,2173.895049134088,-0.00479457045002994,0.09446466021999106,0.05465566897118078,321.2105707848494,0,0.6346814185483732,0.67,0
1.4018051930837627,1.611784524399686,0.15330729324559975,1.3051699379084865,1.9183991108908856,-0.002902523386090041,0.3538225535157097,0.1436565701884174,73.16484322918134,67.80399476760813,1.4783212377820532,64.84735229204402,70.76063724317224,0.006800560052534063,0.9125166684441972,0.4525477221939518,177.50597272101436,161.1011285546396,3.747424834432646,153.6062788857743,168.5959782235049,-0.009563741029256941,0.9486139331138141,0.40694222911999567,2117.859470960669,2179.3508544184347,51.93430500578642,2075.482244406862,2283.2194644300075,0.0014472390734869126,1.4724234483751233,0.37639580519198257,139.1324994362231,0,0.48141397217758325,0.67,0
4.220606647595609,3.696502009952028,0.3035169633458096,3.0894680832604084,4.303535936643647,0.08164571308744162,5.473769960579341,0.7456576856343649,81.02414837883188,80.6910574417728,2.403707896328764,75.88364164911528,85.49847323443032,0.0542512361767257,0.5105491449934111,0.2924826882645153,178.39768725120177,171.31189726263077,4.925181188586687,161.46153488545738,181.16225963980415,0.0016222930217625854,0.7999853217894075,0.2898011657223799,2109.8068603718816,2054.3478288859437,46.113589793941046,1962.1206492980616,2146.5750084738256,0.005892563448992114,0.34089158033949346,0.14232728958550905,633.8229408870493,1,1.8697171369025656,1.0,1
1.2665107267033466,1.3202728487121893,0.11485624145767732,1.0905603657968346,1.549985331627544,0.0007028477507541288,1.0921221192938906,0.12563350204446477,73.27572243509266,78.02685789026727,2.356122316268314,73.31461325773064,82.73910252280389,0.006327517447001496,1.3710962167986847,0.5766016942799758,182.66024191821697,198.34400298644172,5.974996328624554,186.3940103291926,210.29399564369083,-0.004456798403760316,1.195308170692688,0.6149607625201075,2178.096631693477,2059.0898176432197,42.5624259149573,1973.964965813305,2144.214669473134,0.0009760262217625322,1.3967070012580178,0.5622905200769243,37.69598637458744,0,0.07312798931356523,0.67,0
1.4347885405211513,1.5423662840254162,0.1398939354589863,1.2625784131074436,1.8221541549433888,0.004274723255280747,0.6433855616102391,0.6017158339025707,76.06893707013703,81.21857260358468,1.758061958378322,77.70244868682803,84.73469652034132,-0.0017992023039019392,1.3592063813508515,0.29367981588878783,182.8373931706864,170.79259437462284,5.838658613952374,159.11527714671809,182.4699116025276,0.0008300942393728612,0.9704091736209577,0.5316355598571816,2249.823130770649,2319.1452218836785,38.470781130951025,2242.2036596217763,2396.0867841455806,-0.0055771000176510314,1.1741022620355417,0.31025136912395973,178.3434138462863,0,0.30205270020873115,0.33,0
1.3419332468055027,1.5798974918627013,0.14604215889403394,1.2878131740746335,1.8719818096507692,0.0012678411406892294,1.4864067333885713,0.14733351779171608,74.98125688295848,79.31263767603971,1.0236283472011152,77.26538098163748,81.35989437044195,0.002823253607517787,0.2396979056835385,0.08408494155094429,179.46301574275589,189.3169278749369,5.361208795168419,178.59451028460006,200.03934546527375,-0.001354753366884718,1.3013244910402926,0.5340307126868471,2258.0891600677896,2196.7370562122546,40.03130392981711,2116.6744483526204,2276.799664071889,-0.0031878396266143776,0.19094312100564065,0.04730133985716208,202.7854362800335,0,0.7624581873950259,0.67,0
1.3576479552989116,1.6151131791492424,0.11053364756498647,1.3940458840192693,1.8361804742792154,0.004006307730179079,0.11283838356168463,0.10098133022540856,77.45048641556689,67.94480733518543,2.105701912331094,63.733403510523246,72.15621115984762,-0.007736119966390878,0.37122048891165904,0.1549486568557824,179.61824170904615,167.07308393958058,3.783899519381253,159.50528490081808,174.6408829783431,0.0039519304807755585,0.6224594647279801,0.1540390861924993,2242.331368060051,2082.547921914626,49.27087087930325,1984.0061801560194,2181.0896636732323,0.006431422181833905,0.5043452037308979,0.2270508552628462,78.42005815274338,0,0.2635909609851024,0.67,0
1.5961319455884715,1.3440988890891343,0.1099235406693644,1.1242518077504056,1.563945970427863,-0.001811672291374315,0.1233655158768096,0.1891479164169951,78.08790120952229,79.16964751805091,1.372183747333653,76.4252800233836,81.91401501271821,0.005469534758162327,1.0010679593112377,0.5703578213564462,181.1038845007049,164.36157346030723,4.80222512451589,154.75712321127546,173.966023709339,-0.0047825014483700995,0.17430579449597566,0.038363791954450464,2171.012006163799,2310.7662122933957,41.891247820731856,2226.983716651932,2394.5487079348595,-0.0016042294716754851,0.25384534635019035,0.05524165532977089,163.53835568559722,0,0.5932822094692595,0.67,0
4.3851722774093975,4.115067095953136,0.4313193597681443,3.252428376416847,4.977705815489425,0.06469627095882097,3.968603205965567,1.1258399792150722,83.51966030372796,80.74336111841899,2.223771950182799,76.29581721805339,85.19090501878459,0.040711532509652634,1.0228918476284252,0.5884141910647891,178.6851059810966,191.29151403519498,2.7177112915764594,185.85609145204205,196.7269366183479,-0.004175714508150115,0.2014122763534133,0.11745833203814278,2304.4769360847386,2243.4043718245175,27.668372629074756,2188.067626566368,2298.741117082667,3.3999222799988844e-05,0.412055722571838,0.21541704388906432,557.7526267259416,1,1.9105502846419833,1.0,1
1.4105400141030289,1.4541006208201892,0.11625916613420277,1.2215822885517837,1.6866189530885947,-0.0017995554678333578,0.22060485682551512,0.14255057280459568,79.06231742614646,70.97534210007781,1.8335227131684508,67.30829667374091,74.64238752641471,0.0013962005061049986,0.5141106203832688,0.14929327908796788,176.7307563176042,179.58649824416779,4.219436699715002,171.14762484473778,188.0253716435978,0.0027162848248713668,1.0042478648260418,0.2115721919717329,2109.6205175409273,2188.7888140338487,55.31661203429532,2078.155589965258,2299.4220381024393,-0.006573744301552115,1.3242085187827273,0.30188988538190586,189.8522533633685,0,0.516405186403641,0.67,0
4.368873977839331,3.9179133753589572,0.36695317672018934,3.1840070219185783,4.651819728799336,0.06443120436874815,3.429151203871454,0.7491186886289762,78.87503662949725,75.91634894688208,2.1076161982762436,71.7011165503296,80.13158134343456,0.06416212402556393,0.3447171746868108,0.1365096675133654,173.73271193387438,196.58452159104738,5.523263680377512,185.53799423029236,207.6310489518024,0.0072097250290094495,0.21581423308467024,0.04390688799065399,2174.3812879661655,2005.9785039595336,25.261209914602677,1955.4560841303282,2056.500923788739,-0.014187532206986896,0.6340299294861386,0.30891666814219687,620.9021781978063,1,2.1518849682058887,1.0,1
1.4353788111671633,1.4621103812923226,0.10942706488912304,1.2432562515140766,1.6809645110705687,-0.0019183297015703063,0.1181453609801244,0.5620093097935048,72.6470836857357,74.32581910816269,1.510432425055816,71.30495425805105,77.34668395827433,-0.008007962572624835,0.5230091357544848,0.13218612431197543,181.7864279002951,185.68311796459295,3.011341545586095,179.66043487342077,191.70580105576514,0.003737674859227387,0.0377407348293633,0.018495599866096328,2217.8348048636026,2434.516647066412,44.39627362479199,2345.724099816828,2523.309194315996,-0.0011415643235962445,1.12416127018491,0.48913560524926053,47.48071738876301,0,0.220515990564278,0.67,0
1.533131433912979,1.6347569691563093,0.12203391118465053,1.3906891467870082,1.8788247915256104,-0.004799251511081475,0.9840218693872596,0.09461996254190919,74.5501609208893,73.74987108442512,2.3120653684261963,69.12574034757273,78.37400182127752,-0.0046870689421815645,0.16179650766636372,0.03878327973674057,180.10702022700403,191.36137028531152,5.401019006086432,180.55933227313866,202.16340829748438,0.0010396484598083717,0.15881853221070336,0.08863946975420633,2232.524481999422,2323.1696093922437,45.199719220424015,2232.770170951396,2413.5690478330916,-0.0024017983624567757,0.39747115937532457,0.18464096720050094,60.50936847047174,0,0.13651967841061008,0.67,0
2.377149755924692,1.9173424584556298,0.35799646062051316,1.2013495372146035,2.633335379696656,0.030150937748985362,2.372292670864226,1.2701207206886662,75.21236583888043,80.0627464730383,1.1099380603182019,77.8428703524019,82.2826225936747,-0.009547355089506285,0.23241267800690385,0.12541308958238082,183.44193465356406,181.68782727610426,2.5175892617785918,176.65264875254707,186.72300579966145,0.004811582894400722,0.6417351849573749,0.17904059518447946,2207.215500971754,2068.3744058447137,45.968476378596336,1976.4374530875211,2160.3113586019062,0.007101899240141753,0.832210137410922,0.30721086105441775,339.8778614818965,0,0.9192708907919641,0.33,0
1.4340069011668481,1.4591961203551966,0.1200594470503043,1.219077226254588,1.6993150144558054,-0.004120338337052884,0.20684247494951796,0.43207613790277927,78.71052821915272,76.52040243857114,1.511663067215959,73.49707630413923,79.54372857300305,-0.008042005934652905,0.25874859003073397,0.10114950332487935,174.16653230405,177.57909372790192,2.9597798718081094,171.6595339842857,183.49865347151814,0.001781432741551507,1.059871207075656,0.6109862525050606,2155.4588665999877,2018.9853516881597,46.796131500332926,1925.393088687494,2112.5776146888256,-0.003260070619282885,0.6052851778982364,0.31424039068359017,398.10079560884003,0,0.838672336757488,0.33,0
1.2360975766824556,1.6202022482925473,0.1769264572185084,1.2663493338555305,1.9740551627295642,-0.0004879694507720713,0.5386649144513957,0.2223031977336322,71.63323573391435,75.11448712505278,1.023701093395749,73.06708493826127,77.16188931184428,-0.00400087649332052,0.7831428553721835,0.2616473499975175,176.3440787954298,164.46801369029845,4.923541233813454,154.62093122267154,174.31509615792535,0.00591450244693762,0.6780124319806218,0.27638274499959165,2225.348817291407,2328.000816636713,39.620766807904694,2248.7592830209037,2407.242350252522,0.008812365824348061,1.1403084367937404,0.30780889126639394,76.9277919438414,0,0.2293378213975214,0.33,0
1.41409287546522,1.3821935064073954,0.11152501871970945,1.1591434689679765,1.6052435438468142,0.010390783085550146,1.1700390968608343,0.564152180384073,73.9285707340009,80.89227899795056,1.8737934215893426,77.14469215477187,84.63986584112924,0.0013322303780932115,1.4661307119103042,0.3520782207347371,181.94191088452598,175.59040802845257,2.606410153775272,170.37758772090203,180.80322833600312,0.002010822782863975,0.5740594277850041,0.11970283466589941,2209.0142386495118,1983.975616665751,26.91065969679188,1930.1542972721672,2037.7969360593347,0.0015661199550328195,1.2072380454232192,0.6325254360499051,72.28243543770292,0,0.2912163231109094,0.67,0
2.6998608037117826,1.8123975590373935,0.3265980801339205,1.1592013987695524,2.4655937193052346,0.026320803651403248,1.7085190319738504,0.8202123269935699,76.74430621136811,73.96639586252826,2.3904292345068696,69.18553739351452,78.747254331542,-0.0012484708623339692,1.4255696272231397,0.8315790625545816,178.15775062316987,165.53341631644633,5.469462042506788,154.59449223143275,176.47234040145992,-0.0066800144621746394,0.03060241603230951,0.013520012535270198,2234.2225238818214,2098.404923427001,48.59768713565889,2001.2095491556831,2195.6002976983186,-0.008105041422881695,1.213466624420563,0.631179416912917,358.6508075679028,1,1.0639073351939314,0.67,0
2.728719709548502,2.3645135803381865,0.26061368640735905,1.8432862075234684,2.8857409531529044,0.03752470636825401,1.536436631271855,0.696224534018909,73.53735078610278,71.53926966168224,2.248548295969258,67.04217306974373,76.03636625362076,-0.0017204901413116647,0.2946619728341788,0.1312832174357305,178.9840963168956,186.52110549796157,4.686452342923127,177.1482008121153,195.89401018380784,-0.00408077494514022,0.15441921705042927,0.07529621979918508,2127.2472697454723,2189.678079467633,36.69753680410401,2116.283005859425,2263.0731530758408,-0.005735797555058557,0.0386136146208243,0.012990359375658296,546.1144973091467,1,1.2383790974498432,0.33,0
1.5564953064269724,1.3522304358735644,0.1539649274196154,1.0443005810343335,1.6601602907127953,-0.005118672226389092,0.22949368001726173,0.050540773889460065,77.03434842834031,72.73784994852439,1.0609652089807255,70.61591953056293,74.85978036648584,0.0001737061676951211,1.1487061320463317,0.4927826293554872,187.84301053218962,196.05101863560338,3.0027657777524186,190.04548708009855,202.05655019110822,0.0012789212616318266,0.656979032342949,0.2820436135700152,2231.253839850204,2306.012644614436,35.269381850678826,2235.473880913078,2376.5514083157937,0.003936368474081112,0.9594964001847628,0.35145504916298576,169.00102689351078,0,0.3859886387647601,0.67,0
1.8470830910139044,1.487249637288962,0.1476710667704613,1.1919075037480396,1.7825917708298846,0.0017600579554543218,0.7217165396939632,0.1537666914732507,74.57264565882357,68.43699009966551,2.2883676371929353,63.86025482527964,73.01372537405138,-0.004398031545819949,1.2082902936075501,0.3098437753233026,180.9885768732896,165.01978882441176,4.415970181555696,156.18784846130038,173.85172918752315,-0.000439041758174268,1.046704627357918,0.22361708130742391,2303.95783492334,2297.953793513157,53.82509970729574,2190.3035940985656,2405.6039929277485,-0.0007529177418746392,0.47049136376350287,0.17955710918353873,248.16278227686996,0,0.6680015725477653,0.67,0
1.7299359698117438,1.5846157427817944,0.10556328254444286,1.3734891776929086,1.7957423078706802,-0.003892935234058558,1.3143349396974613,0.3003415494604739,76.28812984591444,75.90919578568243,2.0974837003851676,71.71422838491209,80.10416318645277,-0.003404544145678474,1.0288086828471603,0.4860001391295686,190.33834052811812,191.0527497680008,3.7346896304993447,183.58337050700212,198.5221290289995,-0.0019369087250735743,0.8194643570689486,0.3942080700631929,2237.660672320808,2437.497765720066,53.19260889409521,2331.1125479318757,2543.8829835082565,-0.0012265374309390117,1.0966138226018227,0.4225163738889931,176.97697703872413,0,0.5369843860678789,0.67,0
1.67321944919003,1.4974348315402985,0.11874227651673303,1.2599502785068326,1.7349193845737645,0.0022343005819800443,0.6420466958238256,0.665219855362439,75.46532018394883,76.93659720518444,1.6799954095051324,73.57660638617418,80.2965880241947,-0.0008202359407410198,0.239166234311189,0.10303280663030623,181.91081340680404,166.57200076203097,2.896694146385199,160.77861246926057,172.36538905480137,-0.006482191877924973,0.0783999534963436,0.03560362633328056,2151.5440327850847,2265.730194157964,41.04367996695974,2183.6428342240447,2347.8175540918833,-0.007837751858455196,0.5227806665134811,0.27553358135690936,93.15687905636523,0,0.38225139186223406,0.67,0
1.2619597103782292,1.4569700276587183,0.13817894988883483,1.1806121278810486,1.733327927436388,-0.005401262807890395,0.47963568292314507,0.25129486590826156,77.82949067593644,74.45717424016722,1.2110296768730966,72.03511488642103,76.87923359391341,-0.0015757915315763682,0.9502769354307371,0.4462758561259077,179.62588276793917,188.23696615016107,5.037288042136594,178.16239006588788,198.31154223443426,0.004152525943167458,0.3698087968154125,0.10570735823149528,2152.323763708168,2227.6860356672096,46.15543207196629,2135.375171523277,2319.996899811142,0.001831178765918693,0.6432420145603289,0.34614563302343593,252.48521205714093,0,0.5136753587450148,0.67,0
1.560377916486635,1.4018475425006407,0.16294795458810585,1.075951633324429,1.7277434516768524,0.006798859466641568,0.2374642970758652,0.1685346247922039,74.91058248648083,77.6152559112216,1.4973032597841833,74.62064939165323,80.60986243078996,0.005130070628536488,0.06969221583286445,0.014377242393487888,175.42001065221925,168.9059525730332,4.498599369376583,159.90875383428005,177.90315131178636,-0.0057124094905921146,1.2429927066816293,0.6801555520122404,2224.4260069237002,2217.4675801623243,50.692657049277,2116.0822660637705,2318.852894260878,0.003579323147855736,0.15809021092629494,0.048744652715558896,12.911638577021881,0,0.05694496738104693,0.67,0
1.6535261162708057,1.3635419553455066,0.14779198666314766,1.0679579820192113,1.6591259286718019,0.0022745276442234104,0.05210667396891461,0.2966614236751562,75.96445872011033,73.46633012083092,1.9929740866095877,69.48038194761175,77.45227829405009,0.00030890911596760646,1.4269256944279638,0.5421905892232338,181.9869437989073,195.28248153124522,5.311623944583081,184.65923364207907,205.90572942041138,-0.00435204767526568,0.25332312982759997,0.15023630473864055,2191.66864459728,2196.956378479906,54.269393940214314,2088.4175905994775,2305.4951663603347,0.0030576083461992436,0.8226872130553402,0.19800510993816917,378.3656026737284,0,0.8479202210556874,0.33,0
2.445344124860418,2.232381122973348,0.2447489056777741,1.7428833116178,2.7218789343288963,0.03672722647831621,1.2144839363402724,0.7602785289410324,73.55218362169146,68.39038782992597,1.1917532883619302,66.00688125320211,70.77389440664983,-0.006607778932555255,0.7601550610766821,0.19050863571991639,187.94502879386434,171.08612799808967,5.972055892888925,159.14201621231183,183.0302397838675,0.004394819865353256,0.6222714098408186,0.3155814416462431,2224.0304296673676,1991.379511416269,54.6010707414017,1882.1773699334656,2100.581652899072,-0.006505546331956727,0.5193990761818957,0.2398836725007877,434.13963856028766,1,1.0517094124530049,0.67,0
1.4015853334152624,1.3415816487851115,0.09464929467987433,1.1522830594253628,1.5308802381448603,0.0006444995670816947,1.0857229642239983,0.20302545353726612,73.16455328427693,75.63752074770092,2.1334778284145437,71.37056509087184,79.90447640453,0.003994538363958979,1.3765645048788449,0.4492767067827843,182.61559243576124,169.42699925648137,2.7402549440376283,163.9464893684061,174.90750914455663,-0.002480367845795412,1.2855819787094929,0.3176934257284055,2181.832295244602,2043.8697584034812,55.84335743395885,1932.1830435355635,2155.5564732713988,0.004492634965407394,0.8113672889386592,0.28995598701353187,249.92824522266739,0,0.7275221827819791,0.67,0
1.4026022992325375,1.4001572184738664,0.0945825612575044,1.2109920959588576,1.5893223409888753,0.00360960626204186,0.7154518366439168,0.05248044740615915,73.69659170356353,67.51691273227169,2.2436684774902638,63.029575777291164,72.00424968725221,0.001331076300764535,1.364248564411074,0.33014290029879306,188.75420535825015,172.10772629385824,5.0081219644776755,162.09148236490287,182.1239702228136,0.0064521266230843114,1.4107316054538748,0.3346797080851438,2158.7393562227144,2161.792086120885,35.5219417288527,2090.7482026631797,2232.8359695785903,-0.0007479265765868809,1.0008894689735237,0.45844120826711293,60.793175805582415,0,0.14100937736870128,0.33,0
3.9600437982245857,3.413001721010112,0.4949428309551199,2.4231160590998724,4.402887382920352,0.09760181293687664,3.0289384433236686,0.8973413497015288,81.70857208927526,80.26634007560462,3.7410032534565625,72.7843335686915,87.74834658251774,0.0773200811902357,0.7661090300907186,0.4106888460329594,185.71163227269176,176.07247891771354,5.44305052799073,165.18637786173207,186.958579973695,0.010786541066327518,0.9890308833086741,0.5519258125642349,2169.714253849833,2260.6147223895578,30.25591502859646,2200.1028923323647,2321.126552446751,-0.0037670893517309173,1.1061506530822283,0.447867975508435,421.4598579704066,1,1.2541747707830995,1.0,1
4.0525723064251,3.671354424783022,0.34368349879307614,2.98398742719687,4.358721422369174,0.13235522266118188,4.572305929451773,1.1308654844025592,82.33012798591801,77.65760971132656,3.533714861603723,70.59017998811912,84.725039434534,0.03969076896785672,0.9044053265240062,0.3280439212992751,179.6586118868033,178.07969988564508,3.274335437561224,171.53102901052264,184.62837076076752,0.006001308748694146,1.2354354161234602,0.43715194110370054,2176.84193189573,2184.8709285950154,43.60502534403559,2097.6608779069443,2272.0809792830864,0.002246093606425171,0.04898859117674381,0.019117233197902598,396.86796923333605,1,1.4095844555676593,1.0,1
2.0008874440996136,1.8485632062892519,0.3634993402184653,1.1215645258523212,2.5755618867261827,0.011582300262504525,0.5141930649897744,0.9415211738488098,73.09189109179083,77.59386561300627,1.5979574249870678,74.39795076303214,80.7897804629804,-0.0013875680943011674,0.1931316560520832,0.11183278180410873,170.10397070379668,189.18357226823372,3.5851190840435754,182.01333410014658,196.35381043632086,0.0014676876498432025,1.0095122494330155,0.22086691376983772,2212.4708843842523,2223.581540898228,55.88732867738477,2111.8068835434583,2335.3561982529977,-0.002500989085479979,0.030182582779611056,0.015124216215079096,331.20541949428076,0,0.9680632953037641,1.0,0
3.8412991654387563,3.7528985304122777,0.5728473129934449,2.607203904425388,4.898593156399167,0.10651331835892089,4.020988440402479,1.0657416825353683,85.66874535882971,76.62740020613185,2.983092064400352,70.66121607733115,82.59358433493256,0.05640290278297136,1.041520611549848,0.444978434310527,180.91941675952577,195.4706096285135,2.8963331604426434,189.67794330762823,201.26327594939877,0.00027862456144347303,0.8869131536173939,0.3189349292800085,2254.7095759235476,1988.9135554527913,43.8088461028273,1901.2958632471368,2076.531247658446,-0.008274283359328847,1.3797834246191407,0.46710966980758317,581.547482016506,1,2.158751622542673,1.0,1
3.903383490116194,3.61488772554667,0.24553535739064059,3.1238170107653884,4.105958440327951,0.08452231428016921,3.8363649842214445,0.9663912678268496,85.30666893513882,82.23794860828747,3.982760413597769,74.27242778109193,90.203469435483,0.027889347193878897,1.1501336339073451,0.43983348051060556,173.11149613441575,174.00977064712302,4.999114255633997,164.01154213585502,184.00799915839102,-0.007905953510160667,1.235685576331942,0.7191989146928717,2244.751915703806,2334.0813285468485,34.01625271168026,2266.048823123488,2402.113833970209,0.0007339650599277468,0.08928705052165753,0.03942185614922713,454.985940089428,1,1.3488339294856766,1.0,1
4.351818927957077,4.193504859522363,0.2823364840147073,3.6288318914929487,4.758177827551778,0.06119196193977279,3.998125592122342,0.8416185460464195,79.17815142066986,78.91328040386968,1.6944244976044232,75.52443140866083,82.30212939907852,0.02732659484060161,0.45478868105529385,0.19813310421084085,179.0500280640881,180.93303855320593,3.0192012033673112,174.8946361464713,186.97144095994057,0.0045816383735124075,0.6821097834507887,0.2770991948510693,2217.3244237948998,2211.7152375641076,32.06487082430319,2147.5854959155013,2275.844979212714,-0.005199529635627654,1.010148649987376,0.5939318675901762,453.8337558171261,1,2.0743827536926642,1.0,1
2.6376881597956876,1.650239943464575,0.2535606129766897,1.1431187175111956,2.157361169417954,0.047344615113403765,0.8625005111031039,0.8761170194536773,73.15156207203997,79.1262263483795,1.9540448575240397,75.21813663333143,83.03431606342758,0.0015322543148167033,0.09530358363587788,0.034166233590300396,180.22409098550085,173.1635725242298,4.962349190635357,163.2388741429591,183.0882709055005,-0.006421935180362571,1.4264120277987513,0.2979505493584847,2273.7939575251985,2096.583001470791,43.69771434759365,2009.1875727756035,2183.978430165978,-0.00410907414210673,1.235702624880807,0.2981240142422989,568.4017294410218,1,1.1770437287086986,0.33,0
1.5759631417167042,1.407785147696965,0.07850600993704245,1.25077312782288,1.56479716757105,-0.0070992876729248635,0.16138266689981157,0.2593474287783419,72.61858113610968,79.45682320889418,2.1897153389151187,75.07739253106394,83.83625388672442,-0.0025454732528675367,0.34914894644002975,0.11377672343761282,177.13889420862853,165.84045335820556,3.9870172030473503,157.86641895211088,173.81448776430025,0.003230404688188647,1.46885263880426,0.3372391946435112,2224.1660339312944,2045.586533332517,32.195638143653525,1981.19525704521,2109.9778096198243,0.0023366556482282454,0.42071632746367205,0.15638681372927493,222.47959459854044,0,0.8213807647014005,0.67,0
2.8673155137664352,1.9502976525940494,0.3814467636654865,1.1874041252630763,2.7131911799250226,0.026377917505092364,1.3143474771977506,0.9253222556172045,76.08004839397849,66.55306576755723,1.7488218580622572,63.055422051432714,70.05070948368174,0.005899942648448933,1.314897178252528,0.7429090448525523,178.6204226478191,179.21085716234282,5.995160617075346,167.22053592819213,191.2011783964935,0.003910136937870638,0.5670465933497928,0.11524840883897321,2154.419134892305,1977.6463360048308,49.04245958710058,1879.5614168306297,2075.731255179032,-5.232564526364669e-05,0.4410050828924297,0.18696729803999032,232.30202571148445,0,0.8002805889215843,0.33,0
1.4719322414042,1.5343098241626068,0.10080990530882646,1.3326900135449538,1.7359296347802597,-0.0022728321127088117,1.4056745189152293,0.5433981268064392,73.2406086410597,75.11367046141818,1.632390348809042,71.8488897638001,78.37845115903626,0.0007365260698422268,1.4924767210247976,0.4806269660688241,177.11045254174078,182.97395658253689,5.18102822331427,172.61190013590834,193.33601302916543,0.0007082895156064102,0.14566478235324992,0.06246199917139237,2152.3349764782783,2342.506215242457,34.6791922478975,2273.1478307466623,2411.864599738252,0.0016093519119152859,0.9451534243236624,0.19183292355290676,86.15196940817475,0,0.24036813422743616,0.33,0
1.556572475793793,1.4668160561707098,0.17038665703952796,1.126042742091654,1.8075893702497656,0.002470008336515089,0.43445809498786014,0.4244514393540173,73.3000667666514,80.73921207733375,1.6879961621133388,77.36321975310707,84.11520440156042,0.005718359209902354,1.0306362957940662,0.5867138985816853,187.0598100297483,167.6475313928326,2.6929785730644533,162.2615742467037,173.0334885389615,-0.006887183249414479,0.5797675696920832,0.32877873540106484,2151.868836119621,2158.532759336014,43.26125344752341,2072.010252440967,2245.0552662310606,-0.0011954035281065171,0.4670292651424724,0.17734965559005053,95.37070674828385,0,0.2579312496684407,0.67,0
1.2438159697591962,1.5947920552064734,0.1168170501101489,1.3611579549861756,1.8284261554267711,-0.006839358884727155,0.3490578134086854,0.1046993943483359,73.75571809085574,80.18836311058668,1.7108555784856447,76.7666519536154,83.61007426755796,0.009675761341326587,0.4007082682401905,0.09205325410238921,179.72788112057086,160.94000105810343,3.4205883150959853,154.09882442791147,167.7811776882954,-0.006493598174946873,0.1768290994320077,0.051338534588362676,2119.0944091094752,2087.287255779746,49.62102450883845,1988.045206762069,2186.529304797423,-0.0010620371190910277,0.5790716498359656,0.19149954804926483,57.94150329018123,0,0.23120292435591666,0.67,0
2.7608522896879406,2.3362033679959326,0.32767333286003963,1.6808567022758534,2.991550033716012,0.04576365477031382,0.7773050582266074,1.1039078568514629,74.22424843627506,71.7349107001851,2.156704326085308,67.42150204801447,76.04831935235572,0.0006941604135890666,1.2091451219411211,0.4127912502952415,172.26288935815424,185.38621413997458,2.8463901819304738,179.69343377611364,191.07899450383553,-0.0011797774301158925,0.4070720926193769,0.2206508912562929,2206.9514343476562,2410.4062639456374,26.434237778746166,2357.537788388145,2463.2747395031297,-0.0021602190712238715,0.15112926593936443,0.07299681489487346,255.8534282649788,1,1.2221180142953454,0.67,0
1.440161821628347,1.5124968436865942,0.1071973782556845,1.2981020871752251,1.7268916001979633,0.003920477981862493,0.7831939403771784,0.6126715139364926,74.87918773556773,77.66411636506518,1.9008237293548427,73.8624689063555,81.46576382377486,-0.001273593949929459,1.4724708548554122,0.3863551600531023,175.27068896983982,171.66084124066882,4.052130005148722,163.55658123037136,179.76510125096627,-0.006911429520680151,0.11954988497138352,0.05779196982970126,2252.106994631759,2196.6014536906855,44.5560749008233,2107.489303889039,2285.713603492332,-0.0005573304138970802,1.3849152597776246,0.559824484670356,106.00203106941771,0,0.3343540697409572,0.67,0
2.481826261088772,2.4564776229230043,0.23370411560786808,1.9890693917072682,2.9238858541387405,0.04014015604429232,1.1248117953592636,0.8314790896563861,75.96136252844079,67.5161286337203,2.274310381974437,62.967507869771424,72.06474939766917,0.0031486975720436904,0.45616501101425533,0.17329260095330648,175.36115850452148,195.71016552694618,2.782727248560203,190.14471102982577,201.2756200240666,0.007274130870733253,0.7704790077319943,0.3681478059401826,2118.179849039676,1997.8689890271803,46.42731721400255,1905.0143545991752,2090.7236234551856,0.005240583796345773,0.22933067347199726,0.05193594170080622,205.6590152802096,0,0.7767122907452173,0.33,0
1.426894658297994,1.5723570141460752,0.08972964240296608,1.392897729340143,1.7518162989520074,0.005537496200590781,0.23989355786450883,0.26423914574013757,77.61129112368009,77.07749438711652,1.1814150351018917,74.71466431691273,79.4403244573203,-0.004116747691813181,0.28600287153175985,0.1507463148015357,185.94837599092511,179.2366002547518,4.915919132148904,169.404761990454,189.0684385190496,0.0003640089718115466,1.4539038665227895,0.8465788868830669,2285.540427205716,2173.684072824132,26.923742148252817,2119.836588527626,2227.5315571206374,0.014985991458595693,0.8609620657024653,0.4823377873099784,347.7118587861292,0,0.6790537157594096,0.67,0
4.425234702712813,3.705232501032934,0.5812480457576551,2.542736409517624,4.867728592548244,0.12192452005758318,4.202144270134219,1.1883367315028388,82.70690979954124,75.40713050682157,3.342603643561241,68.7219232196991,82.09233779394405,0.027278179880332046,1.0203198069219934,0.39877418020236866,192.42484976793327,185.49991867096622,3.8290809168757707,177.8417568372147,193.15808050471776,0.00173780806901776,1.091446706549533,0.6210784741620767,2204.33488497072,2323.8948537351675,46.818284808596744,2230.258284117974,2417.531423352361,-0.005248277494549706,0.9037037556858997,0.3577892824903205,499.8020071682537,1,1.634775285253535,1.0,1
1.7436877469071281,1.3954769057164644,0.169151153164466,1.0571745993875323,1.7337792120453965,0.009050225518322253,0.35829309250188784,0.04345139131262354,71.88180735783695,68.61467182250217,1.8318370988933923,64.95099762471538,72.27834602028896,0.0017678293218758405,0.5531533205012065,0.14902977131228776,174.50580099228048,177.84926736690713,2.9523025589660494,171.94466224897502,183.75387248483923,-0.001673235793169743,0.8278759606834485,0.24893351869309158,2177.4767750063575,2174.4197550317135,59.30043314629978,2055.818888739114,2293.020621324313,0.00025252445243143304,0.7390768517129517,0.3676592295736807,212.47152937592764,0,0.4424474998514889,0.67,0
1.567366213603558,1.395519846018924,0.15649224283341753,1.0825353603520889,1.708504331685759,-0.009331229674247947,0.07685931171963706,0.27217504525532266,73.47943112275681,82.18929261562633,1.05928964646698,80.07071332269237,84.30787190856029,-0.0022176079991855753,0.8382258523774822,0.35023493270318296,183.25115754724771,187.2079845757675,3.704349174104078,179.79928622755935,194.61668292397567,-0.001420939410773893,1.1900172417914638,0.6040638137541587,2278.389575489783,2275.6217793015594,33.3114117527961,2208.998955795967,2342.2446028071518,0.0033115344832398397,0.5979434424661125,0.30095826000516657,88.49772459438368,0,0.19223867085219898,0.67,0
1.347417723881409,1.5456634606262327,0.12381672835149517,1.2980300039232424,1.793296917329223,0.0009269854418825646,0.5140772685403483,0.8710912594483644,75.13619497440618,78.60454598388478,2.332499647993091,73.9395466878986,83.26954527987095,0.001971278463905064,0.6685592167804912,0.24509671791785786,190.2314082814454,189.15672118966867,4.0967376399891196,180.96324590969044,197.3501964696469,-0.0036574870847326363,1.0731111822397434,0.2917391376008073,2164.7253733958423,2160.085685236836,38.07290217641201,2083.939880884012,2236.23148958966,-0.006020755379613055,0.693351259272669,0.19299099627081395,153.04149701563162,0,0.3017696667605966,0.33,0
1.4288757471752516,1.662986405014355,0.1379265408467191,1.3871333233209169,1.9388394867077932,0.002770714632563744,1.362573821056896,0.6194986497097648,73.77115295110431,78.58891505233946,2.2988795377695466,73.99115597680037,83.18667412787855,-0.003613901277222469,0.9434825808365284,0.4867796134337416,177.57580037915568,180.32417663309016,4.722482745773232,170.8792111415437,189.76914212463663,0.004696014258310236,1.2121655199215151,0.4673079689598087,2166.4394462433056,2044.332930854573,53.45679225001578,1937.4193463545416,2151.2465153546045,-0.002996513943118627,1.2672085005540006,0.3845312622737867,78.93083952755285,0,0.23899757417209172,0.67,0
2.8169550182784517,1.7459624705109988,0.31910941820307953,1.10774363410484,2.384181306917158,0.03237207488307308,1.8541639439022162,0.7331261646622745,77.84512065768503,76.84216290702996,1.453053257207699,73.93605639261456,79.74826942144536,0.002247167579736311,1.2579857317386858,0.30371628326776984,178.72370921668903,165.35776718508586,4.151780780143531,157.0542056247988,173.6613287453729,-0.0012328552712978717,0.430728395156443,0.17241797604020967,2236.7566056527044,2196.4578405132606,54.85443891605478,2086.748962681151,2306.16671834537,0.003941458283180019,1.4592849070655143,0.44750792403491313,388.50925509655053,0,0.9365549412974471,1.0,0
1.4758175091611347,1.514891857191399,0.07768319988818484,1.3595254574150293,1.6702582569677686,-0.013361036922356746,1.2564913586640831,0.3540296697293418,72.82809453284293,71.25345907530922,1.6601356796329116,67.9331877160434,74.57373043457504,-0.008089553228950273,0.5053418477685869,0.17673101291092433,181.3901473378947,170.27394200130934,4.978737931558655,160.31646613819203,180.23141786442665,0.003944321079260626,0.607987061514956,0.2566199301322015,2255.4388330153615,2098.195373492629,50.94034356499806,1996.314686362633,2200.0760606226254,-0.002648040997847794,0.2675625029041357,0.09865872866641368,242.8593308653165,0,0.6579714066441988,0.33,0
4.346985408685319,3.822088858989238,0.42426403776646837,2.973560783456301,4.670616934522174,0.11034876665964548,4.921259368816626,1.0551456670438402,84.78741749760577,83.07510303358566,2.795813637432289,77.48347575872108,88.66673030845024,0.02462349674805987,1.2846193354257582,0.4079504973719158,185.57951026682682,186.50261528355907,4.310441697545633,177.8817318884678,195.12349867865032,-0.005708445570667526,0.4922891304139673,0.1839230326254168,2190.317027036014,2041.6859352076633,59.94216289875324,1921.8016094101567,2161.57026100517,0.003154058422773888,1.3996699970153366,0.6396856917692996,576.1826514873227,1,2.0270305741207024,1.0,1
1.3395338404693835,1.6692496427986745,0.1447872747706929,1.3796750932572888,1.9588241923400602,0.0054611972095037495,0.9619866616007365,0.6930979590839199,73.8997102033032,80.34610974533808,2.2169045450326794,75.91230065527273,84.77991883540344,0.003372495992172852,1.0266551462781233,0.2882222083254811,176.06292608550572,187.36236393777446,3.0310661058507318,181.300231726073,193.4244961494759,0.0009161779951754536,1.0379716877152765,0.47957591904169045,2212.4837513993893,2031.7255010510567,57.45602356762929,1916.8134539157982,2146.637548186315,0.002585531885047046,0.829625177096988,0.314475175905862,247.38140288873944,0,0.4213049502381248,0.33,0
1.2908550340497447,1.3796605371412098,0.15952275349712705,1.0606150301469557,1.698706044135464,-0.004826980795908503,0.6407340617245114,0.1623399902089448,73.82096573500698,76.86940463234697,2.266542812544431,72.33631900725811,81.40249025743583,-0.00017406157378976227,0.13572943777432905,0.0743701770304057,184.49152756928447,187.7989323883156,5.410377002782738,176.97817838275012,198.61968639388107,0.0017254309300754128,0.9939007543204275,0.495619119788771,2153.400443735823,2303.173102850771,34.127698493355915,2234.9177058640594,2371.428499837483,0.007404962020587464,1.3685649205960773,0.28368381763767825,219.44678471727462,0,0.6330962344777307,0.67,0
1.4050588204876664,1.47191137978349,0.09052254842972217,1.2908662829240456,1.6529564766429343,0.0024199008098309527,0.8607281400506199,0.2835941553956385,75.24831720769443,72.73900787754316,2.1782844248659656,68.38243902781123,77.09557672727509,-0.005730459802265477,0.3505204266217148,0.09641844372867218,179.85475023742669,194.1378183956985,2.947100946281557,188.2436165031354,200.0320202882616,-0.0020560340528540796,1.1709368177455528,0.5207631351729257,2133.894102927813,2205.3306923742357,59.72221513386948,2085.886262106497,2324.7751226419746,-0.004599053065754537,0.13266922040863172,0.054089064850363335,153.37910235545678,0,0.48193063748956716,0.67,0
1.4504732137844718,1.671065288415022,0.14512965883716022,1.3808059707407017,1.9613246060893426,-0.000469761828161422,0.9024536037350046,0.3246819795063026,75.79916910641552,71.47203965624446,2.312691758443213,66.84665613935803,76.09742317313089,0.0019297836812931638,1.3715452803671424,0.4135278213915942,188.48229110122216,178.90621436650886,5.977943105445053,166.95032815561876,190.86210057739896,-0.0019349204957884523,0.9272528244994369,0.21793142176368135,2278.4620590642353,2193.46669289021,43.597875233746855,2106.2709424227164,2280.662443357704,0.0036306376067518687,1.0460752861314702,0.35148517369350946,102.66190047031344,0,0.4543533253742437,0.67,0
1.493128343352288,1.4515673994483194,0.10585350646976484,1.2398603865087896,1.6632744123878491,0.0032732099641225184,0.22592784016985606,0.08663527812535439,74.20660764006959,81.47127219374146,1.0279050339676075,79.41546212580624,83.52708226167667,0.008452263347929197,0.969195552550808,0.4388223917537628,179.52160252121803,193.47428630447075,4.113845641219386,185.24659502203198,201.70197758690952,0.006786707478581418,1.236863805494167,0.6230179066189176,2191.5053399166204,2160.817065303993,49.59613010711767,2061.6248050897575,2260.0093255182283,-0.005585988328702225,1.4475003142150786,0.552158392865289,218.04036861968675,0,0.4813526965780253,0.33,0
1.5189274735880396,1.6264628501550986,0.10105741353697449,1.4243480230811496,1.8285776772290476,0.0006674224770725578,0.6162851286638993,0.34456797737699973,73.96720503067846,80.11004749520094,1.0357106371351985,78.03862622093055,82.18146876947134,-0.0032464433068050565,1.1735091866073761,0.25947310846573574,183.34789215252542,195.51171419441587,5.89478637509393,183.72214144422801,207.30128694460373,-0.006027643023053688,1.2042020159518754,0.3830944829187408,2290.8684164890924,2081.9145403292487,27.34374823514681,2027.227043858955,2136.6020367995425,-0.0015075466985006393,1.181763864372716,0.5558595242288349,279.73316980168215,0,0.7669821081368453,0.67,0
1.809477512897337,1.5781515279563514,0.1410817886795192,1.295987950597313,1.8603151053153897,-0.007410366377412131,0.9729031839559186,0.05832233144152749,75.31407834039354,78.6272926400595,1.6119202123431964,75.40345221537311,81.85113306474588,0.010355856512665554,0.43538496065379095,0.15370717703372438,186.5032510218462,164.17207881356393,4.810045479729611,154.5519878541047,173.79216977302315,-0.01113899778668291,0.22866432661185532,0.08332776042429581,2273.884643651608,2322.6418288858054,48.46434218103914,2225.713144523727,2419.570513247884,0.0007426550782075238,0.36147838431944185,0.1178782808574406,186.66231875517275,0,0.6706046324961636,0.67,0
2.2995577010429735,2.0444547421511445,0.33224043611444154,1.3799738699222615,2.7089356143800276,0.04462803969296015,0.6994619446877648,0.7555757402563185,76.54569567708745,81.26100543909908,2.2989340863067746,76.66313726648553,85.85887361171262,0.00020059541218289342,0.021119494924336013,0.004282675276762196,169.54067952724566,169.52109869034965,2.599820086935269,164.3214585164791,174.72073886422018,-0.002780484681144012,1.363956219609074,0.2772776404028313,2165.5444101139105,2388.3963852377074,47.886540122924,2292.623304991859,2484.1694654835555,0.001496182309592205,0.5171803929818048,0.28830710240607055,298.2711294118751,1,1.0376269260053217,0.67,0
1.2594534403691107,1.3492343889383067,0.17436117664603631,1.000512035646234,1.6979567422303794,0.00954388136688868,0.1712756519819389,0.043585774177781506,76.38765082571204,74.99195173542086,1.1684040307959962,72.65514367382886,77.32875979701285,-0.001613038864008231,0.9255258104005651,0.4074582869569943,177.1615763596217,195.25686004910057,2.6293682257719615,189.99812359755666,200.51559650064448,0.009912565318489382,1.2660704480517964,0.7337433545859114,2319.614919183488,2202.769026859774,57.49472488303742,2087.779577093699,2317.7584766258487,0.004523749016294121,1.001164764272812,0.3660642556108061,175.1716539654325,0,0.37105026219500065,1.0,0
2.4476157489567516,1.8162101042029877,0.373793391514545,1.0686233211738978,2.5637968872320775,0.046450246073371525,2.41887919148233,0.6897781986892123,76.75509510690284,78.9357794298218,1.751176539415119,75.43342635099157,82.43813250865205,-0.0029472365931984624,0.5224119230447872,0.18588443586387035,182.06242231395757,179.7115205081831,3.5176035306173588,172.67631344694837,186.74672756941783,-0.005325780070476799,0.9221564297343934,0.5174315807693902,2205.0894166853664,2353.3852616254585,32.291443140101386,2288.8023753452558,2417.968147905661,0.013268624376831753,1.1136863463203348,0.32068954263413474,285.16199387372853,0,0.9184164815287398,0.33,0
2.9934617579063283,2.929635636871982,0.41286814863326676,2.1038993396054484,3.7553719341385157,0.04611604044653485,0.9895790380588496,1.013131770939924,73.58977895966808,66.9937803361721,1.7070809203785722,63.57961849541495,70.40794217692924,0.002275330767673787,1.367181005182259,0.361872456567721,180.1212012131274,177.03516202306415,4.334131844536554,168.36689833399103,185.70342571213726,-0.002733920779578549,0.8581497254574375,0.4644352856742715,2183.8416167148757,2298.1546023429814,35.31271160718752,2227.5291791286063,2368.7800255573566,-9.178112096868472e-05,0.533155021086797,0.16026918020626976,474.43646377633013,1,1.1616912323893522,0.67,0
2.7384748131925583,2.4279192880147775,0.3436423049539786,1.7406346781068205,3.1152038979227346,0.04603471577606317,0.9345148009877291,0.8561610294565564,73.22518127439771,74.15646972888189,2.0579938914893496,70.0404819459032,78.27245751186058,-0.00106225851356528,0.6770040491089331,0.3949685695472169,184.3247441900582,194.1676306213664,5.54945517666088,183.06872026804464,205.26654097468818,-0.0022883849649421653,0.9001859099092449,0.23630288452653814,2253.5737965127278,2218.526233012658,39.39295769210812,2139.7403176284415,2297.3121483968744,0.008382274809573313,0.40319564425046633,0.24170747996927738,160.84876769143733,0,0.726136408343452,1.0,0
1.4192246021666004,1.7008505909951261,0.10307044405322474,1.4947097028886767,1.9069914791015756,-0.007537494583008753,1.1492645992048671,0.05309015105442463,76.98370740101572,69.50528870396292,2.2258069133348,65.05367487729332,73.95690253063252,-0.004334867282162761,0.7727065101916509,0.3799404009209033,179.48867127508004,178.72189218250435,2.9206703950593855,172.88055139238557,184.56323297262313,-0.0011246011546776086,1.4374284422167105,0.3353013046467984,2168.6269416762148,2262.82974935474,30.69621877238332,2201.4373118099734,2324.222186899507,0.0020632068072148286,0.30312647246615826,0.16848998761524397,302.8363359055738,0,0.5363037150988438,0.67,0
4.601697148222986,4.436339313103293,0.2786614339811835,3.879016445140926,4.99366218106566,0.12374260857706772,3.987299313571353,0.8504227631867396,84.76980234264697,75.29334813720743,3.7536780778982366,67.78599198141096,82.8007042930039,0.057357832015919485,0.815276132362474,0.4826555248272073,185.96248279515734,164.06601600472092,2.734557882129235,158.59690024046245,169.5351317689794,-0.001029297154401702,0.10655233356600319,0.030294665461109052,2162.671082672988,2073.553635689444,30.86218811829377,2011.8292594528566,2135.2780119260315,-0.0014243774668483541,0.2209133453281364,0.13016892934082597,864.8998301870612,1,2.4580899048504303,1.0,1
1.603488675894422,1.6625870210731497,0.1017473880170821,1.4590922450389856,1.8660817971073138,0.0003245275779639295,0.30397765693084766,0.3536200367492207,72.2980179292223,72.80854985556799,2.2110668624426286,68.38641613068273,77.23068358045325,-0.000584350019766684,0.07035397814693911,0.024782781512899914,180.97925321803726,172.83133773215337,4.360219546025799,164.11089864010177,181.55177682420498,0.0042039826191634655,0.045426289261486896,0.011481072991341887,2152.0866691984943,2228.3768093031626,57.056597215723535,2114.2636148717156,2342.4900037346097,-0.009138320644579437,1.3378252357729403,0.6085339425738677,204.98865589124168,0,0.6766302479026891,0.67,0
1.4355627531612425,1.586425453929511,0.09570661920925508,1.395012215511001,1.7778386923480212,0.002997893139068767,0.5320874519212913,0.20245188836810962,73.27898534698937,69.77688371426237,1.1371137115359984,67.50265629119038,72.05111113733436,-0.004755540233712323,1.1857625717597344,0.5058945582536643,177.05702507718863,178.16042664207217,4.333494624649879,169.49343739277242,186.8274158913719,-0.014841842151179261,1.1107775470236738,0.5920463875464763,2267.477315691687,2299.78205211403,49.31178006041668,2201.158491993197,2398.4056122348634,0.0010242865010884538,0.57275864484169,0.1449076980219447,294.86040414063405,0,0.5412066712311498,0.33,0
1.9563919075243696,1.9558731646945353,0.38136718548419374,1.1931387937261477,2.718607535662923,0.022335783678605843,1.2486723073934791,1.2704705581446964,73.92993383061686,67.24732171373275,1.3168631756319042,64.61359536246894,69.88104806499655,-0.0022961019899462027,0.7028697065627085,0.2600246594030214,175.80686260668395,188.63011253835612,5.222270531468915,178.18557147541827,199.07465360129396,-0.005094025987953567,0.32649881409890735,0.08315207470531433,2159.2657173381167,2237.9570535488388,35.231665894918386,2167.493721759002,2308.4203853386757,0.005842901821366907,0.4954665080952698,0.23416035245576802,252.2729082767841,0,0.8275739137715878,0.33,0
2.1292113070673455,2.058546204331137,0.2830363890270526,1.4924734262770318,2.6246189823852424,0.029660569033273063,0.5959154648739753,0.9901429094774162,73.38055032846543,76.70290524001716,2.3429296094533507,72.01704602111046,81.38876445892386,0.004590157343399931,1.0561565411574554,0.4603697798165472,183.4353353481806,178.19495833884696,5.760372672043417,166.67421299476013,189.7157036829338,0.0030046919035586323,0.8749993649827763,0.36343420165701423,2128.0639949471565,1978.2577111225758,42.84031100612478,1892.5770891103261,2063.9383331348254,-0.004568966757917607,1.4709723293460744,0.5002908518648278,261.84750523094164,0,0.7801093308116918,0.67,0
2.519135012352062,2.432142892079301,0.3258361965080254,1.78047049906325,3.0838152850953517,0.02097650526542727,1.8107663989269065,0.7881823190746352,75.96844154869369,71.23023226357186,1.4823082507516885,68.26561576206849,74.19484876507524,0.002591094752227058,0.09231455120225529,0.028431908289552107,182.0633251159091,170.40652387900278,4.146134167780222,162.11425554344234,178.6987922145632,0.0017305866439886136,0.7696158275520748,0.3604102302181435,2224.600714028345,2365.132319478993,50.91095607953831,2263.3104073199165,2466.9542316380694,-0.0009773632179298692,0.814262061501112,0.3353601900787861,308.0780503560459,1,1.0123123201849087,0.67,0
1.3631667248105812,1.6769265102608601,0.10777370110754399,1.461379108045772,1.8924739124759482,-0.0002552720638002907,0.5464841357963997,0.17709293264872641,78.79837064167374,80.3739922168626,1.3004658106921685,77.77306059547827,82.97492383824694,-0.006650501913999396,0.816952481094493,0.2115699212018678,177.26209296693477,184.4801293318054,5.9245860187501425,172.6309572943051,196.32930136930568,0.006490815757219519,1.1529717534749757,0.5597415202991758,2190.8482757503157,2326.678869044539,52.50550824233065,2221.6678525598777,2431.6898855292006,0.004411287548040382,1.4353031397718332,0.8046249290162286,85.02131082172114,0,0.34564193653825676,0.67,0
1.5727052625336426,1.4147701699995532,0.08686632566143274,1.2410375186766878,1.5885028213224186,-0.003660543873441853,1.106740991015681,0.11592335135809628,73.88653097535047,75.9379339268188,1.1358970594169113,73.66613980798498,78.20972804565262,0.00084346372404696,0.1808535254326727,0.0784103997287067,180.26406101247133,196.69294950919823,4.025443862782042,188.64206178363415,204.7438372347623,0.009639745901210413,0.551423949676999,0.3008317692196492,2200.003593352943,2029.8727192699048,34.66251693280522,1960.5476854042943,2099.197753135515,0.001266212111820712,0.6412199564787531,0.25252210133757874,317.53893935456296,0,0.6688353477886512,0.67,0
1.527539208646096,1.52260355834821,0.1478943472764294,1.2268148637953513,1.8183922529010688,0.0014395981062300014,1.2751260319959543,0.07568213015901946,74.46561686868942,68.8940093729216,2.035070674254401,64.8238680244128,72.9641507214304,0.0008500510949010484,0.8116543746812266,0.4651159476916285,193.47744354734542,182.0350888784873,5.434689416980385,171.16571004452652,192.90446771244808,0.0011482152778389838,1.083349884280791,0.608398969334191,2134.086185398503,2350.807472094716,41.38622170080701,2268.035028693102,2433.57991549633,0.008174314255801736,1.3593986888595744,0.7779588529968026,89.6953678178523,0,0.1606966894509106,1.0,0
1.5543204168823688,1.5732617147048895,0.0991530271373013,1.3749556604302868,1.7715677689794922,0.0026521173198761896,0.37549266570304835,0.2883908731263994,74.20332275462249,79.13399792319514,2.375217810848587,74.38356230149796,83.88443354489232,0.0008810635281931151,1.4203281665619252,0.7523075978076107,184.9911955291517,167.62016226534922,2.51990878235282,162.5803447006436,172.65997983005485,-0.0009165842101165196,0.21980482618361002,0.12323695329238002,2145.3115799887246,2345.2651911667235,53.10661442959557,2239.0519623075324,2451.4784200259146,-0.002821802123420167,1.4181758251766832,0.8495144130292779,223.2772189027676,0,0.3781103885771531,0.33,0
2.8418933829276343,1.998425615567274,0.31967104674970365,1.3590835220678668,2.637767709066681,0.03826777521370059,2.3162641131212616,1.4046677021730292,76.78083717098042,72.34935956570503,1.0850769757547372,70.17920561419555,74.5195135172145,0.002578303150416971,0.35572210985475333,0.1317737202843534,183.8162142445969,172.6773860526726,5.7417493688949905,161.19388731488263,184.16088479046257,-0.002790666298287253,1.4733968420335444,0.712310992487376,2249.7189365496024,2015.3982565616034,31.430862404484976,1952.5365317526334,2078.2599813705733,-0.0038421775845174644,0.7672301538132502,0.18206682130304275,431.67610899418895,0,0.9063763681501406,0.67,0
1.3396323508951768,1.5574916989210765,0.13311592012635443,1.2912598586683677,1.8237235391737854,-0.0036478646661019525,0.2887211516556325,0.3322292270083373,74.18316029973737,71.9158853809278,1.0246435331818828,69.86659831456404,73.96517244729156,0.004803700059120177,0.36280445417068546,0.13510414734558093,183.84372227305812,189.8531806905968,3.683148455989639,182.4868837786175,197.21947760257606,0.00412612209590813,0.89224556603848,0.45842201943315974,2224.0950816020168,2326.124476726805,32.23787282251622,2261.6487310817724,2390.6002223718374,-0.004207537294557656,1.1692325197073006,0.6101273663718553,226.52719503019748,0,0.42833277678276604,0.33,0
1.3536970067598841,1.4500145359659162,0.09856482252692801,1.2528848909120602,1.6471441810197722,-0.004130849771945889,0.6312498055891009,0.17437151658306824,75.85081725883717,82.07588064101849,1.197442105398666,79.68099643022116,84.47076485181582,0.008061953110787796,1.4093106765459276,0.4768370495898681,179.69163949826566,173.87177812843711,4.6699209223297995,164.53193628377753,183.2116199730967,0.006161896000086451,0.010110845383600742,0.005993904885283408,2126.8807134066305,2042.7204707580786,28.90992987358465,1984.9006110109092,2100.5403305052478,0.002695560326260154,0.228865787767213,0.06836845937715572,157.48882303213634,0,0.5891995415648653,0.33,0
4.023438875473274,3.6964677219563264,0.4286430597931775,2.8391816023699716,4.553753841542681,0.06848383979470249,4.306258924282197,0.7312832261104004,83.28269489786078,79.33517386446906,2.14425430076715,75.04666526293475,83.62368246600336,0.05999131860158209,0.7827040882545626,0.2536209503893502,173.9183708360245,168.32527547646797,3.8534746996539226,160.61832607716013,176.0322248757758,-0.0006382734075909506,0.7675611706720513,0.30189540499355605,2171.9696181576346,2148.7072899234468,27.1714495934794,2094.364390736488,2203.0501891104054,-0.005858271736587809,0.10673351831686462,0.045846992134546294,733.3487532567601,1,2.341443566697794,1.0,1
2.2142476567977445,1.9250371451473431,0.2560562120110268,1.4129247211252896,2.4371495691693967,0.03693566316463323,2.2806289124273027,0.8140126401241983,75.49786421192053,67.05568758050423,1.5275474486071592,64.00059268328991,70.11078247771854,-0.0016933452694187882,0.9422739067655327,0.39471380099156006,176.537325578225,182.31706082790853,5.13624703558607,172.0445667567364,192.58955489908067,-0.010295802418461602,0.5475769163127082,0.3021348308251793,2239.925066895361,2016.0523688923106,26.329924305665976,1963.3925202809787,2068.7122175036425,0.005682277871624226,0.9082939123369083,0.3577871667932412,200.85590331025426,0,0.8667532064616155,0.33,0
2.9856735852810283,2.4568431483753934,0.2372714236519089,1.9823003010715756,2.931385995679211,0.0436884032084104,0.7689140815341289,0.9048213375284605,76.64408400785788,67.02302050426042,1.2686425696053334,64.48573536504975,69.56030564347108,0.0022384813319750595,0.9799073487491156,0.2170287773774052,175.7634298607443,182.2098584129856,5.023975487596653,172.16190743779228,192.2578093881789,-0.0018158777936640809,0.11802548541284674,0.04372379442870253,2189.1790644180815,2389.5200987140693,46.19495958628755,2297.1301795414943,2481.9100178866443,-0.0013513518383730452,1.0198093109207624,0.46622875512970363,454.6061307995998,0,0.991855501015643,0.67,0
1.2994302073980777,1.4005356297246732,0.16999263984479884,1.0605503500350755,1.7405209094142708,-0.00225309574893245,0.11399736602461397,0.2166184213090242,75.21381385858251,77.48383736931534,1.8262066134179902,73.83142414247936,81.13625059615131,-0.011756119706741596,0.2956990827870758,0.16882440474592708,173.9082142230925,189.0908414953427,3.0023524627514924,183.0861365698397,195.09554642084566,0.009421730417483265,0.8543441109973744,0.39522322489357264,2234.5411157343683,2033.8533604826387,26.736837696281356,1980.379685090076,2087.3270358752015,-0.00030434586108115216,0.44744130458988457,0.25805948046529337,421.26620736474877,0,0.7099212861817068,0.33,0
1.4580010396788272,1.5386837931461386,0.09474180112312566,1.3492001908998872,1.72816739539239,0.0015959822232106016,1.2292001272416326,0.3515061304920816,73.45937292421821,80.35622340811592,1.007484860605515,78.34125368690489,82.37119312932695,-0.006817679318640163,1.069581594039431,0.3911597281707174,183.04855377818356,190.0711394423998,2.643485166433119,184.78416910953356,195.35810977526606,0.005658392685006088,1.1901292907829495,0.49797984689177927,2125.48250962696,2270.7497392048795,43.06760689917957,2184.6145254065204,2356.8849530032385,0.0030464255820792986,1.3206873500515561,0.3885549975672089,46.5636271251211,0,0.1523691692814606,0.67,0
1.735698657068007,1.5413726213085879,0.12607551315172885,1.2892215950051302,1.7935236476120455,-0.008339137572085436,0.2423684727897225,0.660542340725539,72.22887147220126,76.10532706426555,1.4469016469098035,73.21152377044595,78.99913035808515,0.0010652281103719298,0.8369172955634547,0.17346544453534923,187.77687543644453,167.34102821302363,5.426101992546944,156.48882422792974,178.19323219811753,-0.00574840763278962,1.2094574708747903,0.5602833366121925,2220.8439756001826,2131.196032755398,42.81523280753097,2045.565567140336,2216.82649837046,-0.0014313561693385089,0.8355286149654908,0.4623788334884513,21.363320999883857,0,0.10353845001863364,0.67,0
1.654631999651816,1.6115074888655838,0.09954223083989737,1.4124230271857892,1.8105919505453785,0.0039031533717574724,0.2822170317793278,0.4841759250951802,73.85162986396725,76.03480014087859,1.675635013590834,72.68353011369692,79.38607016806026,-0.0006168945517175234,1.3705757157730076,0.7074737841790801,177.07093347378748,184.65980457143948,4.827319982591235,175.005164606257,194.31444453662195,-0.005038365323938802,1.3661613662060323,0.42403371457207484,2189.9773043323535,2056.2950284183116,25.714470773979524,2004.8660868703525,2107.7239699662705,0.005158993772997004,0.28769679873406445,0.12479486601884388,197.2365086273102,0,0.7570686455450617,0.67,0
1.4898856505485876,1.3303536299580878,0.13662237813865968,1.0571088736807686,1.603598386235407,0.005546857847296427,0.4487932591975881,0.4539530525004274,72.7216357514725,81.19887510018509,1.4507914548574707,78.29729219047015,84.10045800990004,0.0016976497413182991,0.44807278068692247,0.14429645876901595,182.24069363703353,174.5011533143336,2.986266303041591,168.52862070825043,180.47368592041678,0.00021453663083845716,0.23825872155937028,0.13795776958959624,2199.865713706838,2334.895543186441,25.590351360720053,2283.714840465001,2386.076245907881,-0.0028992759073166417,1.0870527193734083,0.4974764990881966,185.22468727487546,0,0.6829159724336575,0.67,0
4.47618111599798,3.9154540704129923,0.45908802176824476,2.997278026876503,4.833630113949482,0.05292994431034184,2.9973297457706054,1.0245040569198907,82.57131654918152,77.72131156825432,1.7955373545110607,74.1302368592322,81.31238627727645,0.031600354016723134,0.8163586304027651,0.4777521847031195,175.6127262999845,160.2907281459482,5.010135064663652,150.2704580166209,170.31099827527552,0.0035570528973274756,0.364686795634003,0.18157766227247887,2355.645510052192,2027.089447218286,33.66120434316012,1959.767038531966,2094.4118559046065,-0.0016504509585071863,0.9678564668299975,0.4455901786993506,636.0343635193869,1,1.7430211370648685,1.0,1
2.914447606965277,1.8479229893236913,0.3074934825217027,1.2329360242802858,2.4629099543670967,0.03476485600186785,0.8822112453822899,0.979717777622821,76.07763385636224,80.42281685211636,1.8386154618989945,76.74558592831836,84.10004777591435,-0.01088983866097344,0.10760301562113744,0.03128056754437759,185.46051480509666,169.69215216141242,4.718613116413547,160.25492592858532,179.12937839423952,-0.00946381088795026,0.5892586147221035,0.16019613407462208,2215.5745429398894,2221.5786251887716,46.700046671709295,2128.178531845353,2314.97871853219,3.1365780922091426e-05,0.5103344916768855,0.2767901569527838,269.511333764204,0,0.8157037653653475,0.67,0
1.5502475333246888,1.5735694787237617,0.14181655315304093,1.2899363724176798,1.8572025850298437,-0.006352441227909109,1.3144449607372275,0.055450141907009726,76.92645306778788,76.37937434193606,2.0592434976113965,72.26088734671326,80.49786133715885,-0.0016237096754098694,1.2487342116291729,0.689592211479895,185.11380278320613,163.00928139795707,2.8240162346823454,157.36124892859237,168.65731386732176,-0.0018085849390863228,0.7445465586994606,0.28969022960114965,2208.9334887609534,2109.7161394898694,52.09600250080252,2005.5241344882643,2213.9081444914746,-0.0052072647588740925,0.04563347158992637,0.021410319506414168,419.0432388173365,0,0.7958142710705337,0.67,0
2.207576022885279,1.6545923308303676,0.4229371199385486,0.8087180909532704,2.5004665707074647,0.0179891407648962,1.658145055371989,0.9855022724782743,78.52595930507479,76.01040571060908,1.7753632822149528,72.45967914617917,79.56113227503899,-0.00011777700110377115,0.19775492670527128,0.09210192800732225,178.6271100012352,170.03854459784972,2.906187107845991,164.22617038215773,175.8509188135417,-0.0069144795963626896,0.03466027918122039,0.007640950576952578,2181.682916143112,2030.241986532234,41.270482555402026,1947.70102142143,2112.782951643038,0.002470200096062001,0.6824404760895165,0.23371635463388485,514.0187791430166,1,1.0617452868548114,0.67,0
2.137248088049627,1.8536543563947219,0.2815182010360051,1.2906179543227116,2.416690758466732,0.02282270344065996,1.2034196359176166,0.6357663377504666,71.74599015826651,73.91433555688036,2.250913959950645,69.41250763697907,78.41616347678165,-0.0038253116645546293,1.1166632517563304,0.29121692425686385,185.8470411607823,165.78384738911436,2.7213869311453784,160.3410735268236,171.2266212514051,0.00367000192406779,0.19756430280953263,0.10737580096140273,2133.2068797915695,2235.192211534117,47.94025924542314,2139.3116930432707,2331.0727300249637,0.0025733577719411482,0.46405284312001926,0.22165607563491352,189.18664492423576,0,0.9235942779364883,0.67,0
1.8224332633842009,1.531799644590864,0.09232891970460874,1.3471418051816464,1.7164574840000815,0.0026841234197783797,0.649737329020796,0.3498394096637744,78.30926949680418,75.29432506161716,1.282663014759915,72.72899903209733,77.85965109113698,-0.007846781713625971,1.4034290344929856,0.408384177755986,174.38244827308276,180.84536206084147,4.212453819916294,172.42045442100888,189.27026970067405,0.003088103325423252,0.5111090335665194,0.11193169762425301,2261.117262823399,2360.280483782237,36.91353484679693,2286.453414088643,2434.1075534758306,0.0038405847621534703,1.1126392153364457,0.612770206567917,130.9117848988083,0,0.37587500173614985,0.67,0
4.510618372239928,3.675934115198345,0.40451018488030044,2.866913745437744,4.484954484958946,0.09923254800011819,3.552651655519293,1.003071490347394,85.24182859218413,79.17440760109406,3.5860454130551274,72.00231677498381,86.34649842720431,0.06587166767928306,0.861784988297624,0.40681308870483407,185.82903009604192,193.8445649175071,5.592126670451211,182.6603115766047,205.02881825840953,0.0029677836114043094,0.9398887666398154,0.5362563955984103,2052.980568266786,2005.2727723488865,49.23863510379878,1906.795502141289,2103.750042556484,0.004737632310614289,0.20165269411218278,0.0644801096226172,610.2720701573693,1,2.2457683699833564,1.0,1
4.066809623446451,3.6465754603889438,0.4533912879304589,2.739792884528026,4.553358036249861,0.07578876854332023,4.428510695559249,0.7731619388882327,85.01197677599474,80.26319789658294,2.0120302860359285,76.23913732451108,84.2872584686548,0.03633843959116213,0.8408894185993644,0.2569061831727038,171.85203507011838,182.77820357353283,5.404096312975206,171.9700109475824,193.58639619948326,0.0012801486715693783,0.90077529065048,0.4197744996531488,2249.1345491972756,2029.550249124343,43.16211968489932,1943.2260097545445,2115.8744884941416,-0.006397884833678508,0.07044895016258257,0.018775585535861866,454.5438536871192,1,1.3076382683026644,1.0,1
1.5488340610663984,1.4014086688409313,0.10513501880329183,1.1911386312343477,1.6116787064475149,-0.0011215341397182296,0.0764581032283349,0.6624295909917962,74.86108972429795,73.67283851294115,1.5038710984911425,70.66509631595886,76.68058070992345,0.003661090365454974,0.6959198125830197,0.21600878694402326,181.1437779010859,190.40008367305805,2.614570192114765,185.1709432888285,195.6292240572876,0.001722224721752901,1.393873372864704,0.5270397563537994,2259.06108171103,2422.9013818420563,38.23538887826261,2346.430604085531,2499.3721595985817,-0.006432347467847062,0.9395483129643867,0.3025328724660722,121.00213440486166,0,0.2705970084680291,1.0,0
1.5254083474748124,1.4280399517481568,0.13321115772852613,1.1616176362911046,1.694462267205209,-0.005523124870469963,1.2801349042637145,0.3263323116735366,73.63855678176459,73.80818250776187,2.379265565548344,69.04965137666518,78.56671363885856,0.004512458277789236,0.4428449660574522,0.20277438537129233,181.22864195909847,192.06970630596066,4.566719709791816,182.93626688637704,201.2031457255443,0.0017414312383340921,1.041441417214419,0.2857923673793163,2214.166179626783,1971.301274530285,44.65855355936306,1881.9841674115587,2060.618381649011,-0.003270921628801643,0.631347783713579,0.29084070958225255,239.17450319756563,0,0.6077865123522165,0.67,0
1.5906071489067832,1.5770109995060995,0.08406341871604726,1.408884162074005,1.745137836938194,-0.0044623248385782886,0.45554770369342007,0.4475933015399492,76.87481256493899,72.9742219273478,2.068610973582526,68.83699998018275,77.11144387451284,0.0007287931966382863,1.3028634480561807,0.27107970074071525,178.45248308620103,177.6245475793811,4.136390917934042,169.35176574351303,185.89732941524917,-0.002207379026564548,0.5093551092078786,0.2843345990227931,2244.6673631304075,2190.002747404338,28.133049492820994,2133.736648418696,2246.2688463899804,0.0021706349077048625,0.7389963387457931,0.4141449281069397,48.16945337763811,0,0.08745116578738203,0.67,0
1.5322060567130642,1.405519317829255,0.15285324422846808,1.0998128293723188,1.7112258062861914,-0.00802662640676859,1.0954242110309174,0.2294627230940143,76.21430208155861,81.36447444989126,1.765457625422263,77.83355919904673,84.89538970073579,-4.016801779636063e-05,0.49280321543542227,0.11737928020718327,185.61595003720527,193.40636536170067,3.8770342713197445,185.65229681906118,201.16043390434015,0.006156502691453414,0.6174371765911892,0.24111024715017626,2235.2978703653725,2273.8512406102122,45.449727282518296,2182.9517860451756,2364.750695175249,0.005624031533489381,1.3587674736429696,0.7671920091563258,111.71691847039364,0,0.21767115068774318,0.67,0
1.5285156092175811,1.6144798224637273,0.12820957089249574,1.3580606806787359,1.8708989642487188,-0.005658620942998297,1.0372187733623686,0.009732266277520052,73.30992297656745,74.38396767897521,2.252468376695294,69.87903092558463,78.88890443236579,-0.002326612591705387,1.4051581045306283,0.6283859896809928,181.60624961845411,188.95032258424607,5.831593320163957,177.28713594391814,200.613509224574,0.004405066735826011,0.3926147582746536,0.22375408536893088,2254.295920575336,2047.4155070861852,53.93390595449097,1939.5476951772034,2155.283318995167,-0.0019558908181786052,0.0037431804012437175,0.00199449875338744,231.06495784303084,0,0.757777018204497,0.33,0
4.279173559179691,3.158302863490329,0.4766880456538755,2.204926772182578,4.11167895479808,0.11613426789447244,2.947447818676366,0.720160460596331,81.5118758054635,77.73978424226446,2.80466897231642,72.13044629763162,83.3491221868973,0.07459580948958311,0.5484058476844742,0.28252693641911714,186.69012701314426,193.67029268133044,4.162879277261424,185.3445341268076,201.9960512358533,0.0019418786461508418,1.0457493814355256,0.2439620642904089,2195.2587884359564,2360.9938972816126,39.60074976414957,2281.7923977533133,2440.195396809912,-0.003734616425350838,1.3166241072939373,0.37075850660678356,703.1871572448274,1,1.9249952985410883,1.0,1
1.1817724006065264,1.5437173676234701,0.093560813306001,1.3565957410114682,1.730838994235472,-0.005590058540177991,1.3560935812997617,0.31003799763982054,74.37347712451192,82.24921156251298,1.449967000246622,79.34927756201974,85.14914556300623,0.0008489255822737793,1.011245803451385,0.5085198575522117,175.23461105850234,179.38294014014605,3.4326185112727488,172.51770311760055,186.24817716269155,1.0627710789581414e-05,1.2847165407651358,0.35731431136281444,2223.3689784863395,2386.7988192552134,41.99729475771902,2302.8042297397756,2470.7934087706512,0.006119601008084587,0.8900314888480201,0.45917277618138347,60.673151536528046,0,0.11243624748154754,1.0,0
1.5450821172601497,1.4830893975861665,0.17931576977915617,1.1244578580278541,1.841720937144479,0.008910120563507363,0.16332242404674863,0.47274910919750407,74.26223379412595,79.80798905152886,1.5507790068905938,76.70643103774768,82.90954706531005,-0.0010264626081425705,1.1009046820999262,0.6258803460894533,176.25268768308405,165.61421913493916,5.860659505034738,153.8929001248697,177.33553814500863,0.006401760104185679,0.8302348957506509,0.1954225962087714,2277.072859741613,2311.759038088686,52.43862754713562,2206.8817829944146,2416.636293182957,0.0014545670079616586,1.1713728782317891,0.6687057436471576,306.94220591907794,0,0.5150261855688477,1.0,0
1.3557462577461226,1.5651595957131077,0.17202946364267832,1.221100668427751,1.9092185229984644,0.0035525704356093074,0.09038593630760039,0.3957890262466603,75.59882387603497,76.97870761051246,1.8855107090616812,73.20768619238909,80.74972902863583,0.005823665210566576,1.382813880746745,0.790895688656521,182.59367217938242,180.66707068940553,3.22663977948955,174.21379113042644,187.12035024838463,0.0057126140975207245,1.1867830031645994,0.5789996941298967,2226.67599965712,2374.251182239632,53.77965620332012,2266.6918698329914,2481.810494646272,-0.004292458001227302,0.8730653677208597,0.5109169757452016,316.4459938975282,0,0.6106334407274087,0.67,0
4.3098316181574425,3.7273786867324255,0.24218947998265225,3.242999726767121,4.21175764669773,0.1156780104724294,4.461304667688466,1.1316041593151183,81.60315005630672,81.36858407151166,2.089039501906454,77.19050506769875,85.54666307532457,0.05139977787168448,0.6198004416398393,0.23933060246166624,181.81285407513244,186.89759996351995,3.885896654318592,179.12580665488278,194.66939327215712,0.00033927755263701647,0.236932234253022,0.11333882000358125,2242.638683756111,2324.013364211234,31.447869373330917,2261.1176254645725,2386.909102957896,-0.0020182423162099835,1.3409845650118055,0.6191553984703423,408.4026370127099,1,1.7724204438788536,1.0,1
3.8476791853389622,3.397558799907666,0.5120850594142534,2.373388681079159,4.421728918736173,0.10638929210554024,5.220751577866327,0.8371102770682016,83.96214839507286,82.13605338657658,3.364060446855576,75.40793249286543,88.86417428028773,0.05660647532217408,0.9529794750620144,0.42546083394501255,178.00928994705765,176.16969784289742,4.297977493253566,167.57374285639028,184.76565282940456,-0.009200388722528765,1.1019124510658025,0.23093716535638864,2198.3859694475263,2235.627316186812,28.19976971359984,2179.2277767596124,2292.0268556140118,-0.006496081817229121,0.9385228683920289,0.39437920248394737,528.5474175471982,1,1.8777901279158633,1.0,1
1.3194994734621086,1.5819352903696224,0.0988509335753524,1.3842334232189177,1.7796371575203271,0.003273341125359646,0.018556774300397927,0.2294965830912342,73.09669435276558,75.81637616513443,2.0437141920630877,71.72894778100826,79.9038045492606,0.007225336644368843,1.3338456990531737,0.5016272468684408,176.3262706127304,173.6896551196457,5.309870718695091,163.0699136822555,184.30939655703588,-0.0017512166745393219,0.3894618508147363,0.09627809697052189,2264.9612212173147,2365.6373223498686,34.0528782676636,2297.5315658145414,2433.7430788851957,-0.007097378593014017,0.3376899407153682,0.0704026862872381,73.22669085722852,0,0.16995323454844574,0.33,0
1.5036844399644107,1.4248253265194017,0.1743832688593974,1.076058788800607,1.7735918642381965,-0.00035454053540379235,1.4143331940846062,0.4584158446976962,73.39091477061183,74.34121010095805,1.8562889356127,70.62863222973264,78.05378797218346,-0.007452329970269258,0.2516309337983043,0.1279656112619171,171.91929719078672,180.8317806947672,2.571720352008179,175.68833999075082,185.97522139878356,-0.0011908477118798583,0.9576595826697422,0.2728288897026207,2130.6810463892107,2384.4553445764504,54.01338770073203,2276.4285691749865,2492.4821199779144,0.0039526478171267795,0.5673288253491694,0.17082311153996826,69.89093192298832,0,0.12377478054308363,0.33,0
1.4203023433107103,1.5274585126307942,0.14066620196991905,1.246126108690956,1.8087909165706324,-0.004579837906825758,1.4691380937479084,0.20085976890153265,71.90954177000266,71.82739235240781,1.4343760661518354,68.95864022010414,74.69614448471148,0.0012423121056564577,0.3321711628652336,0.11829455005100352,187.14325890314447,194.2278032192193,5.812654902541063,182.60249341413717,205.85311302430145,-0.0064648300620176406,1.0277678672703296,0.5367072164590168,2149.137731535658,2150.9763340752697,26.196876994979156,2098.5825800853113,2203.370088065228,0.002132839558918388,1.2410533670492823,0.6326795538919956,307.7655792965214,0,0.6580179352703228,0.33,0
2.397161988927301,2.227783384657374,0.3317338439942893,1.5643156966687954,2.891251072645953,0.024045747622272483,2.022699312405785,1.034146558348612,77.21120163050739,76.0098642117848,1.0348262348204476,73.9402117421439,78.0795166814257,-0.0006419913295880443,0.5652533415242484,0.3155919873210404,175.25687744906784,171.4812191199188,4.034164714650238,163.41288969061833,179.54954854921925,0.0026517145083529,1.011299062414291,0.2849706134551515,2215.224610084007,2375.730732300668,29.857155943942075,2316.016420412784,2435.445044188552,0.0008013442870878836,0.45004572089324496,0.14071183689272765,453.73148889871084,1,1.1900471676836089,0.33,0
1.4850878566026298,1.4561405512268113,0.11699943266499747,1.2221416858968164,1.6901394165568062,-0.007430811373033081,0.9593608099981216,0.10901006107738828,75.98543869313406,78.39303082367574,2.309267442640598,73.77449593839455,83.01156570895694,0.000853994519669012,0.5053442779721593,0.30270237331038435,180.17324218379844,164.55236914574587,5.26372688426591,154.02491537721406,175.07982291427768,0.000395369289813066,0.783259206726507,0.3192482616328204,2217.2304660297054,2158.9697142707414,45.85595183896108,2067.257810592819,2250.6816179486636,0.0009312622995063315,1.2856739134760509,0.7008362327083326,133.66094939634345,0,0.32797571319809726,0.67,0
2.2540618399042636,1.689802942444489,0.26804006025671573,1.1537228219310576,2.2258830629579203,0.026296210864453953,1.4037380893045557,1.0068879597102398,74.34640531420142,76.95127926511088,1.2436146272225739,74.46405001066573,79.43850851955604,-0.0024149196303642037,1.1411389625804251,0.23545716845500864,169.64410058709768,181.72580174911934,3.5967869306004734,174.5322278879184,188.9193756103203,0.005185907028245252,1.3069154821817357,0.3620582632539003,2154.475664823424,2033.350518660346,37.58401005820012,1958.182498543946,2108.5185387767465,-0.010138386358354243,0.18870350451907697,0.08222427959406686,293.8268438785004,0,0.8217961355147183,0.67,0
1.3152886825741046,1.5412881583900309,0.1325292481783978,1.2762296620332352,1.8063466547468265,0.0048998852017966416,1.2978443937906692,0.3444638521887926,77.7828686503013,74.97845245784228,1.967947625098092,71.0425572076461,78.91434770803846,-0.003039211032132421,1.0641403549424142,0.3442568659990019,174.09847621681385,198.16865632972753,4.610563819155358,188.9475286914168,207.38978396803824,0.0018389394453280155,0.6568929051808664,0.2260986250383205,2211.318760142003,2177.4506534092766,29.41248522712784,2118.6256829550207,2236.2756238635325,0.000976827878243038,0.8413830971552354,0.4703832053114969,106.84255204619674,0,0.44509232861302467,0.33,0
1.3448430926755601,1.4582452084830118,0.15546025444693165,1.1473246995891484,1.7691657173768751,-0.005815495925255271,0.627922478962283,0.2870767486140546,70.86495335960318,80.84683464547308,1.2517417979734333,78.34335104952622,83.35031824141994,-0.002274503340525667,1.2043163068347522,0.5200244757799586,182.1377590055468,191.73266994094175,3.1614132047977717,185.4098435313462,198.05549635053728,-0.0034101090743202567,0.7958053455701365,0.35307056897436917,2260.2684777892246,2240.106102730589,41.00714590821875,2158.0918109141517,2322.1203945470265,0.0010007583240371233,0.9960324100799689,0.317133923373309,48.67088661217968,0,0.14965403820369244,1.0,0
2.6641151833549412,2.605635719112731,0.4101946940265481,1.7852463310596347,3.4260251071658274,0.011678909049740241,1.8543814473453109,0.8266443885505232,74.70527973048742,71.45775884223278,2.3709666118520993,66.71582561852858,76.19969206593697,-0.00990418235461317,0.13294946212437114,0.07563393166469426,191.61633492227364,191.3300017260364,4.006476678307884,183.3170483694206,199.34295508265217,-0.00878434349700751,1.3882939824703424,0.7379781484272901,2136.550871137275,2014.6271000691745,46.66825833448919,1921.290583400196,2107.9636167381527,-0.0007987424899579332,0.21553741089260087,0.08814387451248874,179.91919627457813,0,0.8899578090475881,0.67,0
1.5827368300097784,1.413500194710722,0.16120717048351876,1.0910858537436845,1.7359145356777594,-0.006241373780148633,0.34141753254872004,0.4676243872285592,74.08791665142806,68.94620888892663,1.9100471579318679,65.12611457306289,72.76630320479038,0.008312062989111284,0.9470629614062318,0.23881286807659316,183.0174710053205,160.62049779158733,4.828853183247611,150.9627914250921,170.27820415808256,0.002692346936272472,0.8011350910856467,0.24376667708709057,2128.4406617076556,2212.432132799568,26.237278736424297,2159.9575753267195,2264.9066902724167,-0.005412205218902178,0.1167001699831482,0.027135500386829457,168.83286028980663,0,0.3302055158427621,0.33,0
1.4304012414718659,1.6348681462991728,0.09276067966301875,1.4493467869731353,1.8203895056252102,0.0033812408861730774,1.234735842109104,0.22901283033798375,74.93242060883968,76.38779249977641,1.2587614731143393,73.87026955354773,78.90531544600509,-0.00028161948246665093,1.0425148346326698,0.6107862905261761,178.7472987015282,168.6432232975499,2.9164504539988827,162.81032238955214,174.47612420554765,0.006345228556769384,1.0151908650345844,0.5785192886349978,2238.5208623399603,2026.1413145255635,29.97717304549383,1966.1869684345759,2086.0956606165514,-0.003472534252353377,0.7300552138893956,0.3896858432306604,89.29274257493142,0,0.15347250577479815,0.67,0
4.386473392208916,3.708598714218569,0.43464338527018964,2.8393119436781897,4.577885484758948,0.06680142077448634,3.673103217711906,1.0868587160956955,85.22097808157422,75.9782963740592,1.6567326065112074,72.66483116103679,79.29176158708161,0.05851829002659596,1.4000498272530768,0.6750035182816642,172.3152601998684,176.4742426891452,4.238684006007093,167.99687467713102,184.95161070115938,-0.004018372839848654,0.6422994223884222,0.312824936633472,2281.955840272203,2293.206652770502,34.59562332959321,2224.0154061113153,2362.3978994296886,0.00814198311564269,0.11912905348347991,0.02790756517568576,549.098477182788,1,1.4494275221343655,1.0,1
1.3365229521572661,1.6223644252194251,0.0760566572499182,1.4702511107195888,1.7744777397192615,0.008890389383758204,0.8746729924401407,0.262009851649234,75.12689345733068,74.23367508658322,1.5400007026440288,71.15367368129516,77.31367649187128,-0.002553658410082067,1.3691606518856554,0.5697105176497839,173.49726335671494,164.77372699374433,4.537584973936127,155.69855704587206,173.8488969416166,-0.002877467175464057,0.4361844637137411,0.10420236930377608,2228.889331531592,2111.3763973543246,52.400587542271836,2006.5752222697809,2216.177572438868,0.0014408269347308334,0.48826482783073527,0.12587717503217927,77.23814803367526,0,0.2551741527994569,0.67,0
4.570863758236737,3.6568978725293118,0.3123738038749523,3.032150264779407,4.2816454802792165,0.10426960831582485,4.725760925502087,0.7739852181117504,84.7664773556553,84.63840891890098,3.453387446311978,77.73163402627702,91.54518381152494,0.03192294089205035,1.514815737644877,0.4569542182706484,182.9106139735652,189.57588073886558,2.759156281069316,184.05756817672693,195.09419330100422,-0.004196087616113193,1.2946551388133902,0.5817134769267013,2184.5393812074394,2109.000106325075,50.53621624183224,2007.9276738414108,2210.07253880874,-0.005981033120403354,0.9563362070328196,0.5306567090332157,399.1093748356705,1,1.355472519719792,1.0,1
1.460094412328438,1.5520050343553342,0.139147400392743,1.2737102335698482,1.8302998351408202,-0.0022783124900683034,0.9847996048545028,0.47752500119235425,76.47404571111262,73.27863914505487,1.44702044845746,70.38459824813995,76.17268004196978,-0.0044446240452988535,0.11201914922506445,0.029226249939424905,178.108036536531,167.74907754250063,5.988103192192186,155.77287115811626,179.725283926885,-0.003845726399033089,1.4577705814211828,0.3958000413429542,2153.299724896864,2196.403604083076,39.122061634817676,2118.1594808134405,2274.6477273527116,0.004831393696173358,0.36345852549963203,0.20219313600638159,217.89659357324052,0,0.3850965297968377,0.33,0
2.8395153298532634,1.8834015250242067,0.34832701462090915,1.1867474957823885,2.580055554266025,0.028120590015207537,2.0473586929585013,0.7846828447668411,76.72550918390537,68.42675737758213,1.5420175516755763,65.34272227423098,71.51079248093329,-0.005322327695498108,1.2909067355245643,0.4892754615829664,181.90858925420017,193.9735597156249,2.5131078314894966,188.94734405264592,198.99977537860389,-0.0021757110470110967,0.7982362274772534,0.193861788496999,2271.708851826016,2075.210415973704,52.115256791326956,1970.9799023910502,2179.4409295563582,0.0018944189390141804,0.4754179329533782,0.21951117015149538,189.37738698277215,0,0.8453978868722435,1.0,0
1.6161632105408232,1.617125388842378,0.15879644335701346,1.299532502128351,1.934718275556405,0.005855648877549472,0.53621638403722,0.5292119571675733,72.98233743509874,79.54323175145619,1.0363136987481643,77.47060435395986,81.61585914895252,-0.0007418962924888459,0.3261410172912439,0.1282283025204104,188.44731448999372,167.01233212858827,3.7926668923166496,159.42699834395498,174.59766591322156,0.013214552413121519,0.9022402853137002,0.3784580393014158,2251.908723834712,2074.8124219519464,42.27157045632918,1990.269281039288,2159.3555628646045,0.0048245137937711745,0.4907966112833383,0.19768918651484982,286.29374352149733,0,0.8453663919248402,0.67,0
1.645819219785014,1.5695402714855848,0.09486970764967335,1.379800856186238,1.7592796867849316,0.0030521999965842463,0.07999618475788345,0.1476682179369833,74.34120708807491,75.14968429083882,2.3419260514539966,70.46583218793083,79.83353639374681,-0.002701427639478416,0.39922492039459706,0.12719652816628912,178.37798540025943,170.00056441619856,4.093787067262472,161.81299028167362,178.1881385507235,-0.005150475382447449,1.20317467074435,0.6179960874298894,2207.3316293823086,1996.2727732713697,33.27413856335901,1929.7244961446518,2062.8210503980877,0.0013326082498910036,0.6844438246916984,0.18739740024060075,163.02359950817845,0,0.46779460125350714,1.0,0
2.73238938592332,1.7624318880734096,0.3847826334592132,0.9928666211549831,2.531997154991836,0.018353480818079353,1.7681010166134388,0.7996202368278013,78.57447992920933,76.59108262432085,1.9996760629176402,72.59173049848556,80.59043475015613,-0.005059709732574626,0.6569966218433312,0.21219996797972077,174.0938877619581,197.58842261191003,5.502983279545754,186.58245605281851,208.59438917100155,-0.005038921359588421,1.105125331369841,0.31633508118798687,2209.8837783477125,2298.666501759537,56.840140916772164,2184.9862199259924,2412.3467835930815,0.009706030041329609,0.16770055685090574,0.07145982071656201,263.3569077891035,0,0.9590301310159667,0.33,0
1.325821139409877,1.331629803195185,0.08929794373214263,1.1530339157308997,1.5102256906594702,0.001009476080321256,1.1205102029426706,0.5425642657345857,75.61864699744044,81.1261462835088,1.8129044955096731,77.50033729248946,84.75195527452814,0.005648167683175428,1.088715796291682,0.5836786244866665,178.9132518173355,169.45774862173516,2.961448602272955,163.53485141718926,175.38064582628107,0.004510585816557676,0.7136512635037651,0.3590817790141549,2151.816485377622,2197.828606840457,51.53442862698442,2094.759749586488,2300.8974640944257,-0.0017592463512420956,0.4613423875209294,0.15290327546397592,201.8193309582368,0,0.7010717408289222,0.33,0
1.6074464775849022,1.4995926057687594,0.16590628284738793,1.1677800400739835,1.8314051714635353,-0.010192232624410864,1.2490846466957197,0.6801121587273583,72.88738373904849,80.87661082396995,1.4080729416107378,78.06046494074847,83.69275670719144,0.0012970999563157956,1.4532636106475874,0.4763345271287314,181.368959626431,187.6193225323671,3.541851927712063,180.535618676943,194.70302638779123,-0.0020558669777665816,1.1839845155417454,0.3869681887821392,2198.6626849413537,2336.6576824466956,43.071079658140945,2250.515523130414,2422.7998417629774,0.0058364535869189,0.6672438863969385,0.22389552400342397,235.54942446541352,0,0.4368056596621322,1.0,0
1.4592558030384046,1.4252992840715024,0.08750490466960927,1.250289474732284,1.600309093410721,0.0022369314823671373,0.43071640615219714,0.03038353590717068,74.18728629725915,68.56498557989693,1.5241358986004663,65.516713782696,71.61325737709785,0.006308805801975001,0.31240173190135356,0.1524920592419144,178.35058057419909,179.951841135316,3.0883740142214675,173.77509310687304,186.12858916375893,0.001384971655595503,0.32427799856800166,0.1050660729902955,2285.1863577348618,2403.6988182317873,46.833254237230626,2310.032309757326,2497.3653267062487,0.005158694902570295,0.5651516103066174,0.13059794134159758,189.29109112057833,0,0.5251846025657158,1.0,0
4.2568880582735185,3.8445783037378063,0.5494708456745354,2.7456366123887355,4.943519995086877,0.1484083469199295,3.425513593735297,1.103343542278872,81.883250866255,80.0769640163461,2.1730651498439255,75.73083371665824,84.42309431603395,0.02662844678788368,0.8071219798201948,0.3280035953349983,174.96942053458253,168.83351110105448,2.5625587715669482,163.7083935579206,173.95862864418837,-0.0001734244369339059,0.5764899707395226,0.27202193099307403,2211.710736626826,2090.796546637777,58.06562078019935,1974.6653050773782,2206.9277881981757,-0.0010699442211275449,0.7011022668748046,0.312246099575941,580.8372796429551,1,2.488519213978069,1.0,1
4.149876507246024,3.241570763604184,0.5669254301848972,2.10771990323439,4.3754216239739785,0.06368186309189613,5.08028337604469,1.1988746107559214,82.09504329718467,78.84481068443485,3.69507000610338,71.45467067222809,86.2349506966416,0.06393349318457367,0.9977844572728671,0.5407675903347553,186.431343067023,194.16435823272207,4.212987372750991,185.7383834872201,202.59033297822404,0.0021480910956629294,0.2708630176910003,0.11570674715047849,2210.3843843581553,2366.5990028326146,57.35386683817856,2251.8912691562573,2481.306736508972,0.005265764266664518,1.4565873677480516,0.8414801294817826,684.2286501757102,1,2.3206554462861075,1.0,1
2.995257791269881,1.8018232984831073,0.3621302467574899,1.0775628049681276,2.526083791998087,0.042823057573353994,0.5933696397985475,0.6636883751510704,72.8749848489794,79.36638742503195,1.7844881440904528,75.79741113685104,82.93536371321285,-0.011570220330000528,1.0929227351891653,0.37371213048663826,186.7873068284165,184.4016856893202,3.408072098738267,177.58554149184366,191.21782988679675,5.549723436465733e-06,1.26066412581903,0.6057709683824295,2122.7783075875877,2302.1764147470626,31.715561454157555,2238.7452918387476,2365.6075376553777,-0.007473780732248221,0.09182498721535803,0.040069342510755376,397.4605990492027,0,0.8000978229701576,1.0,0
1.4582211009734918,1.6450779605269676,0.1031250529728521,1.4388278545812634,1.851328066472672,0.0022673820232203407,1.319074511572865,0.06779347580724705,71.78674856257437,72.04398269830342,2.1335023562759616,67.7769779857515,76.31098741085535,0.00836431318506248,0.06151616017647071,0.035154163791373594,183.1179485209612,165.4737818033921,4.527753810013143,156.4182741833658,174.52928942341836,-0.0032627645197630347,0.9071047647701108,0.19101445052054664,2189.0060517620836,2187.7434638351374,36.94008713831472,2113.863289558508,2261.623638111767,-0.005772486134465595,1.0973740677882526,0.6284965338975244,475.7047663006997,0,0.8066490932465032,0.33,0
4.00948130954332,3.7877311704402303,0.22091164130750385,3.3459078878252226,4.229554453055238,0.13525426448755,4.92415213978056,0.8040531028713759,85.30798523781247,82.44941161729255,2.3661407146868525,77.71713018791885,87.18169304666625,0.07435470027407885,1.2702110144276648,0.4293200658289688,179.8559865266279,162.95703001185058,5.80318233774205,151.3506653363665,174.56339468733466,-0.0003132411106091075,1.3849290315209035,0.5788032104758192,2212.0620124203365,2111.718272493319,26.82083142603064,2058.0766096412576,2165.3599353453806,-0.005931682135549272,0.1704690580450791,0.03436099628380795,896.9403888069585,1,2.242955806291721,1.0,1
1.999032708779369,1.759503867234146,0.3245825302480032,1.1103388067381397,2.4086689277301527,0.014585597743428273,0.7667772341865191,0.7204493497170911,77.70588409554139,80.20951771866866,1.230538367510227,77.74844098364821,82.67059445368912,0.0027991422441402997,0.8487269892892022,0.27588933880382593,181.41689001200882,176.14603097854263,3.09460336182317,169.95682425489628,182.33523770218898,0.004765047491070249,0.5446930657344539,0.31627135787562577,2185.006126275169,2400.227664511561,38.74663216236517,2322.734400186831,2477.7209288362915,-0.0011423627190477027,0.006560973424514005,0.002030940977226893,447.39361710204753,1,1.1795595795759808,0.67,0
4.509706543755208,3.913172278395829,0.5083868719818243,2.8963985344321803,4.929946022359477,0.09937955963643907,3.097140196224727,0.9744347354255469,81.95655763768912,75.75055293049145,1.6754300456481623,72.39969283919513,79.10141302178778,0.05818462467582683,1.1306852414871462,0.4458368729590084,184.51766245312922,171.00302074595274,5.144428984900671,160.7141627761514,181.29187871575408,-0.0040424680144659384,1.3945464785138597,0.7296938675175085,2174.912147820773,2250.751249808081,56.23956494714921,2138.2721199137827,2363.230379702379,0.0025663371655667805,0.8090133628734761,0.423094622674039,611.8324537639317,1,1.613404517463423,1.0,1
2.7694946952991626,1.7396305544187787,0.3317519654650177,1.0761266234887432,2.403134485348814,0.01039876938938074,2.1099336677633707,0.8593992893846618,75.29919591503757,80.376427843486,1.073266000220928,78.22989584304415,82.52295984392785,0.0026025094153848734,1.1986232186579318,0.4835145548999809,182.130515654917,169.717462589833,3.2412935245852594,163.23487554066247,176.2000496390035,-0.0027904317506833682,1.188809651432005,0.32664080946358637,2251.69405274621,2217.92111452353,57.41675452451194,2103.087605474506,2332.754623572554,0.0039902993667617105,1.332408294767259,0.5116138473596576,310.67891850540417,0,0.8130999116773365,0.67,0
1.6733294664536187,1.5120309073154714,0.17729858525543432,1.1574337368046028,1.86662807782634,-0.000840698230245836,1.4984144429707766,0.525805398942254,75.29999017981548,73.36099117424935,1.0829478333596185,71.19509550753011,75.52688684096859,0.004939172106539968,1.4364065566742563,0.37219255065512286,183.68309966450286,170.74412187122505,5.546146577966422,159.6518287152922,181.8364150271579,0.009112316714968954,0.7561065057850098,0.37120399166369844,2152.6599952909332,2205.259086166297,41.38121425229544,2122.496657661706,2288.021514670888,-0.0018252751640248535,0.3201739983669139,0.1837293372717649,49.02856925411893,0,0.09453291684495929,0.33,0
1.2250936372375334,1.6549393979391918,0.1225546365461954,1.409830124846801,1.9000486710315825,0.0005843848495928324,0.022363183324527747,0.3609023515743661,74.58914134101359,72.20432922820402,1.3284623396953263,69.54740454881336,74.86125390759467,0.0013250317953415202,0.8116500775911271,0.3369943268059177,173.6464836017721,162.3218250530245,5.917647354968696,150.4865303430871,174.15711976296188,-0.003968082498266888,0.8728727326898666,0.28578343387711963,2215.862929063949,2175.915818369241,51.89288240067671,2072.130053567888,2279.7015831705944,-0.004290435246727892,0.493766533801682,0.2813213024934299,47.49950968665656,0,0.08255234972091471,0.67,0
2.9771829602989373,2.126552619487335,0.23523447183126178,1.6560836758248114,2.5970215631498585,0.043825052004600754,2.072734771923396,1.3169877711932245,76.75802830911401,80.55262866744276,2.2715619765478925,76.00950471434697,85.09575262053855,0.0005014486125351938,0.7981667007555056,0.3122035681565948,178.93022285406227,170.39088591978535,3.3863587706408778,163.61816837850358,177.1636034610671,-0.006730703612901028,1.4334320696720342,0.30310276250921525,2168.497578432583,2151.177415346024,42.19721815940748,2066.7829790272094,2235.571851664839,0.0019421144715643247,0.8699429708026666,0.20495966978658564,326.4962928853681,0,0.7998485705865639,0.67,0
3.9864204092603166,3.7397927727236007,0.38206879669346255,2.9756551793366754,4.503930366110525,0.11677605916031529,3.370325944976914,1.1396177168793287,80.02296321432692,78.913403631653,3.0632738203662786,72.78685599092044,85.03995127238555,0.061978374177327294,0.8214342847711343,0.45297705515348935,175.09869411851244,181.06085964417562,4.504125315087078,172.05260901400146,190.06911027434978,0.0019316165890577999,0.8747862064156464,0.38240060629011197,2189.776438950694,2135.0576373017584,27.959788233403327,2079.138060834952,2190.977213768565,-0.002258297380798114,0.9102704333102087,0.5028235584933249,774.5404115136193,1,2.056759033171902,1.0,1
1.4996680935060367,1.498860801494765,0.08374677122673861,1.331367259041288,1.6663543439482422,-0.0027526698410035065,1.2109714511535785,0.16483767029760177,73.7665397800872,75.04610157403344,2.2142837065829575,70.61753416086754,79.47466898719935,0.0017177728851996788,1.273128700003265,0.5151178316882344,175.4531237623546,187.6998952873653,5.412217338639527,176.87546061008626,198.52432996464435,0.0003571041629054659,0.1499053598529293,0.08281906783265368,2194.557568746542,2079.601408460176,47.590464161422375,1984.4204801373314,2174.782336783021,-0.0010671634854396226,1.421284470826857,0.30771931458877044,304.9201757392853,0,0.5372653240168108,0.67,0
4.719463550009729,4.531621931728225,0.44936238326377603,3.6328971652006725,5.430346698255777,0.10693773611822827,3.3487023459324354,1.0258467519079066,80.25984080866824,75.20755086139054,2.741310489968384,69.72492988145378,80.69017184132731,0.05258147503745979,0.6283538231335466,0.2314383721594964,181.32943149029666,195.97256479771158,5.266784279962097,185.4389962377874,206.50613335763578,0.0013456347062255367,0.41365135237703543,0.22785415247354052,2182.8403862251294,2401.0350271917077,41.91926025906013,2317.1965066735875,2484.873547709828,-0.00014631406842489177,1.2953212837718178,0.5641028451719946,432.27131238835057,1,1.5715186221836313,1.0,1
3.9253609910891485,3.5499791961521647,0.3070370706911886,2.935905054769788,4.164053337534542,0.13354802257421944,3.5170736489882364,0.707714029043851,81.59320536503952,75.12743103985943,1.8984841576012246,71.33046272465698,78.92439935506188,0.04481856049511812,0.821678109666336,0.36799624492097943,183.89489856022,179.80990804594433,4.124333058087263,171.5612419297698,188.05857416211884,0.0001123294640602319,1.0163134011884298,0.3300432474965871,2227.3559557587605,2327.133342469361,29.394257516692868,2268.3448274359753,2385.921857502747,9.808328846994952e-05,0.02542149733437149,0.012915729437765228,490.1979504990718,1,1.356269397856749,1.0,1
2.9435777176532363,2.474654246506245,0.3701874949478016,1.7342792566106415,3.2150292364018482,0.04306910593585129,2.108405814595562,0.7254058840646671,76.47988810275864,80.99953449468234,1.9669814552988323,77.06557158408467,84.93349740528001,-0.01131573395377572,0.5104124733510462,0.22883478252273629,183.18645727506996,193.53658532222542,2.858380619776118,187.8198240826732,199.25334656177765,0.00596551836666134,0.09225860468795782,0.02034613592593397,2123.365801453813,2278.963430297475,26.779888909180894,2225.403652479113,2332.523208115837,-0.003624520159123966,0.8214179762142142,0.21176655634435929,304.1365250207585,1,1.266273333524775,0.33,0
4.149210526920385,3.420179818164016,0.537084760864222,2.3460102964355722,4.4943493398924605,0.08133479175851431,4.151083093417543,1.1141895476824037,85.43904108608051,84.49893386469327,2.505563329511663,79.48780720566995,89.51006052371659,0.07784470498940649,1.2134321687396352,0.3965336850391296,179.67226196609496,178.92789470600331,4.963499820720159,169.000895064563,188.85489434744363,0.004826987422955854,1.4490712576930158,0.7309334466868495,2261.806536090311,2389.0752129702732,52.363835217072754,2284.3475425361275,2493.802883404419,-0.0015803642801352489,0.9662238322138739,0.21186815586427715,664.7490808703119,1,2.443839760129572,1.0,1
1.5434258114730377,1.5305805526862843,0.12605315388679333,1.2784742449126978,1.782686860459871,-0.009956234900153108,0.8645634765135242,0.3046882435849662,77.24752126063842,73.2226297304106,1.557520939455094,70.10758785150041,76.3376716093208,-0.0012636554667866734,0.1417734661043194,0.059495575044252035,187.5739354934017,197.88886014666434,2.8907778233833086,192.10730449989774,203.67041579343095,0.0004798958161821575,0.9755011928038901,0.25827931262812637,2192.885327849516,2120.811509240093,32.35030349507684,2056.1109022499395,2185.5121162302466,0.007610016246177771,0.9435869724865673,0.47957943579807655,354.2776249067088,0,0.6393738598544394,0.67,0
1.4645437764185738,1.3786034018899933,0.14711888642403123,1.0843656290419308,1.6728411747380558,0.010632209137631925,0.9124925188567399,0.11558987144862018,74.75960331282512,82.05565741534527,1.8890266981006243,78.27760401914402,85.83371081154651,-0.0038682545593386217,0.28589140585895684,0.12327507184097897,172.75314783572045,167.33432615339078,3.629052561523718,160.07622103034333,174.59243127643822,0.004074937273981324,1.104103038034473,0.342890970998331,2156.1532709062735,2350.6885957757318,50.43483900757162,2249.8189177605886,2451.558273790875,-0.009388624319551033,0.317375749343238,0.1229844729784693,222.22094306646852,0,0.48159883840697054,0.33,0
1.6911854545402862,1.620054985131186,0.10536233140371214,1.4093303223237619,1.8307796479386103,0.0024890638320665456,0.8858966908571531,0.17950377750676833,78.77995728880451,71.06500649754193,1.2613435750740374,68.54231934739386,73.58769364769,-0.008716776356755867,0.20790382785553463,0.05893399650496825,184.07212077621352,173.89957391197746,4.474492054104039,164.9505898037694,182.84855802018552,0.003532033043266121,0.5667720639633929,0.2245419998788041,2187.6713043439254,2191.7193785491404,29.339552231922855,2133.0402740852946,2250.398483012986,0.0018760078745823326,1.406661820033446,0.7323435883708915,147.9412491802434,0,0.707223187458838,0.67,0
2.811362265799907,2.1896003477758668,0.228073013195868,1.7334543213841307,2.6457463741676026,0.029267292898207682,2.0243422109673554,0.9231053490292521,74.89983880228706,69.6818357117074,2.062269250982628,65.55729720974213,73.80637421367265,0.001455259505131816,1.221316347574302,0.6195726974456899,173.40129590983003,190.6974408528012,4.49069185883007,181.71605713514106,199.67882457046136,0.003247012579112314,1.1859892890684163,0.5679179987428222,2133.0638146932215,2082.133951312739,49.81933442853301,1982.495282455673,2181.772620169805,0.0010052749365528479,1.04013876302441,0.31237619266123906,297.1778608637236,1,1.0773163512067012,0.67,0
2.925572170325892,2.9251553200272964,0.26359260610211704,2.3979701078230624,3.4523405322315304,0.0408618582924951,1.638670403552188,0.5588234811297138,74.61409202080047,81.59422681997275,1.779892305757484,78.03444220845778,85.15401143148772,-0.0038521239956893945,1.2794341705106231,0.41712418320997785,171.06594389093158,179.07809778486074,3.080572736318874,172.916952312223,185.2392432574985,0.0012345303170830586,0.986241344977413,0.2740248910529068,2143.740108613114,2163.6187004098256,50.90522877941568,2061.8082428509942,2265.429157968657,-0.005871011478600733,0.6721930491977393,0.3865179905363652,410.36884465507154,0,0.9747547479165387,0.33,0
1.7488994089671852,1.5145173366185216,0.1354705990788266,1.2435761384608683,1.7854585347761749,0.0016561137992993815,1.359795948179234,0.3101751542025389,76.01360518910495,70.12033724768422,2.235177323197302,65.64998260128962,74.59069189407882,0.0075583670709271555,0.22186670451829316,0.08948745888125459,181.25693019428758,197.3013526204561,2.9054213041947943,191.49051001206652,203.11219522884568,-0.00518897736509092,1.099971991898859,0.3983973038556335,2273.8371835394146,2283.5815787299234,28.08820138499721,2227.405175959929,2339.757981499918,0.011161730165928693,0.6161726143641522,0.25775169701796413,296.5308204450728,0,0.7706256001507403,1.0,0
1.7204017107720795,1.5900417338422197,0.15646536041483664,1.2771110130125465,1.902972454671893,-0.004042560963748354,1.3184470810829139,0.5833757132788588,77.26518261784375,75.91495306969063,1.4720736188429386,72.97080583200474,78.85910030737651,0.0028259860291876488,1.202343326362936,0.6320521714488975,183.87886199800465,167.28915102508995,4.510900542175796,158.26734994073837,176.31095210944153,0.00012933255144149657,1.2913431730818448,0.6939559073704206,2265.2540796069206,2360.163587127949,35.63486021062295,2288.893866706703,2431.433307549195,0.0017513052398352394,0.3637292562109446,0.1807630091241732,51.18868361547656,0,0.19578223230223085,0.67,0
1.5798123588998458,1.490172119837881,0.12667225940008986,1.2368276010377013,1.7435166386380607,-0.007820917011694435,0.6724368663072959,0.1797976446373909,75.59592311232892,73.09852222758913,1.5396922206296928,70.01913778632974,76.17790666884852,-0.005824042789301346,0.4290057252633941,0.25714540105056255,181.03510254695414,167.35358682581548,5.699687876032553,155.95421107375037,178.7529625778806,0.005982633933414419,0.37486417402509065,0.09597550092778252,2181.778657419447,2094.3031204237486,39.390055849767634,2015.5230087242135,2173.083232123284,-0.006647604791590868,1.065050048707695,0.3176320627296564,91.63115468878601,0,0.44174444110501726,0.33,0
4.0388737895931595,3.7972924254343168,0.3471132530877013,3.1030659192589143,4.491518931609719,0.11323058305935794,4.299042191318549,1.0326030981494698,82.76831013056069,81.4888888385685,2.369872155932166,76.74914452670417,86.22863315043283,0.031191110623991256,1.1874993150021405,0.3707759303002614,188.5330247683923,163.9075459648559,3.292735213192783,157.32207553847033,170.49301639124147,-0.005311518568630525,1.0364066071536988,0.36760734868104006,2223.679621531759,2380.4123956591197,57.364276639749704,2265.6838423796203,2495.140948938619,-0.001610307581028378,1.3160090300714715,0.3989832105360857,751.1058827919346,1,2.2623888602615807,1.0,1
1.498994124032195,1.6603558618497656,0.1782487677519097,1.3038583263459462,2.016853397353585,-0.002659218114056137,1.3060501663476312,0.26876830443870736,74.45989020371138,72.0893990997753,1.8839159407408916,68.32156721829352,75.85723098125709,0.007549898052077445,1.1686071728981637,0.5894466863375187,185.3658240879898,175.23149980699893,5.575654679299998,164.08019044839892,186.38280916559893,-0.0034231489858877542,0.2513737249860292,0.0871765829955268,2186.8982389079283,2246.5020382269126,57.82089942858146,2130.8602393697497,2362.1438370840756,-0.006118346360303855,0.9780211907534258,0.25763629995598697,208.81505619083512,0,0.4835164134135862,0.67,0
1.5966102814492436,1.6141017316778346,0.09658153942302607,1.4209386528317824,1.8072648105238867,0.00048708671532156296,0.5174742685438175,0.10719001376536165,74.48062627311786,70.5892517500409,1.5782760871347572,67.43269957577138,73.74580392431042,0.0020262001277457273,0.7237131666267488,0.27768509202035524,180.52719613090684,191.51667650480348,4.088432584399432,183.33981133600463,199.69354167360234,-0.0035973619216896867,0.7443527608049266,0.4169200284136849,2168.7446289653176,2136.315206864424,44.73735602723371,2046.8404948099567,2225.7899189188915,0.0036049457671545977,0.6036827674184544,0.3542449087861137,281.3232312179467,0,0.6328521693066167,0.67,0
4.349633451123837,3.453629072930789,0.38010169845715613,2.6934256760164765,4.2138324698451015,0.14575810150838173,2.837112995830632,0.9094935417622783,85.0485120499832,81.75722741754221,3.9448166906534645,73.86759403623529,89.64686079884913,0.02611358605237621,1.4090827021217143,0.4262418566390107,175.67804464542908,188.7304447169279,4.019073404480656,180.6922979079666,196.7685915258892,-0.002183821186191087,1.0851717267750014,0.2209644734176687,2119.671144963066,2219.9758149466825,49.99184531823443,2119.9921243102135,2319.9595055831514,0.003448539026225972,0.1370872294976646,0.03834441323845339,811.1947641445072,1,2.160340095944536,1.0,1
2.3093788724292335,2.3046339676795515,0.2536160520673149,1.7974018635449216,2.8118660718141815,0.012893935353442295,1.8796421426575238,0.9289361313952265,72.33510330421086,74.07451464154076,1.4802616081102142,71.11399142532034,77.03503785776118,0.007989529300982042,0.7673042913521877,0.4430615143885204,176.76311364676016,164.66272790889198,2.6720548326749967,159.31861824354198,170.00683757424198,0.000771721163211705,0.860249377402824,0.4657837213000016,2224.9441597384107,1983.24687031378,57.65896274090285,1867.9289448319741,2098.5647957955857,-0.0037702124583377373,0.06732152470907704,0.03824169086932039,244.6964867652234,0,0.7173980466015688,0.67,0
2.2947696775012543,1.6973007932549715,0.26906382942620255,1.1591731344025664,2.2354284521073766,0.029410130183729073,0.6995260080762671,1.0182068598985858,75.00948671905518,71.5114648738527,1.8609078490840063,67.78964917568469,75.23328057202072,0.0018703104406552176,1.4657816086986275,0.3584213158223494,179.3112945047121,194.65945900043835,5.643802176069905,183.37185464829852,205.94706335257817,0.005617136435478809,1.1642091055372832,0.4820169137582324,2233.8497048687527,2339.999289319527,43.67280051470797,2252.6536882901114,2427.344890348943,-0.009209595394657715,1.235179580638981,0.7320796811947367,374.4073114706516,1,1.1580344070648159,0.33,0
1.445527428909665,1.40182941753496,0.09325261987269494,1.21532417778957,1.5883346572803498,-0.0006535016336627025,0.8504586659501874,0.11349789391804109,73.48518268804118,71.13629620405888,2.3529254871921594,66.43044522967456,75.8421471784432,0.0002757727867079313,0.5119957826024494,0.24476624196656888,176.97609606984113,190.22919002139562,3.3446103183406475,183.53996938471434,196.9184106580769,0.003357388357160432,0.2911965375836293,0.1395716493280801,2166.068969123156,2363.6492140546043,39.40678038385875,2284.8356532868866,2442.462774822322,-0.000131481004328205,0.32719205951157865,0.132698871717835,191.50106195381252,0,0.41637065283995506,0.67,0
1.3679601540784452,1.5662429976486518,0.10232298789410998,1.3615970218604319,1.7708889734368718,-0.0021606905678438803,1.4683714847422984,0.18391394949609507,75.24318307914803,71.6767214931672,2.3094820321207354,67.05775742892573,76.29568555740866,0.004871996776506605,1.413559307253772,0.5946291721318954,169.4657213615056,187.6718813917495,5.765062779090435,176.14175583356865,199.20200694993036,-0.0038835604542970556,0.4741356711299531,0.24768818149837035,2146.5045428416897,2012.3553769510681,39.37789494905215,1933.599587052964,2091.1111668491726,-0.0006346460003573602,0.770066974925972,0.17406738442949207,330.18061284357566,0,0.8173903237467207,0.33,0
2.658163124935212,2.519420103344822,0.26573915230109196,1.987941798742638,3.0508984079470056,0.0317694703044167,0.847278625250824,1.1949356299379836,76.03232604585294,80.7298177872269,1.3820904185458316,77.96563695013525,83.49399862431856,-0.00031120239162000894,1.0527936402363238,0.3062329306342878,173.57857090785274,160.25859530303705,3.7463138581416144,152.76596758675382,167.7512230193203,-0.0020211164518759324,0.25475914995187193,0.061784782259423625,2177.4629861348626,2040.095758687493,32.03047574920802,1976.034807189077,2104.156710185909,0.003702600766499975,0.9524272736414726,0.3380041938975907,605.8845620147121,1,1.281719524921012,1.0,0
1.2581649301335096,1.6377065926162084,0.09961215264099224,1.438482287334224,1.8369308978981929,0.0018208503157120537,0.11843224039735228,0.18080597439251567,73.00162619407668,72.46498555402852,2.0691080874775754,68.32676937907337,76.60320172898366,-0.004829358171275484,0.8632003332794805,0.45794205929584786,179.09882147491754,182.3751749259942,4.935252072481994,172.5046707810302,192.2456790709582,0.004271586695868916,0.14134213341130147,0.06757882182037996,2264.5873925366313,2315.322968349039,43.01846515636902,2229.286038036301,2401.359898661777,0.005664211058564474,1.3018843628776708,0.7794823081635811,276.2738466177146,0,0.5400003022862467,0.33,0
2.501912579400388,2.0218158812165674,0.3559030345749848,1.310009812066598,2.733621950366537,0.030882942845493325,2.0239394891943068,0.8472231795838387,76.91078599291471,81.6652761981341,1.092982966274009,79.47931026558608,83.85124213068211,0.0006124546268722733,0.8277423363353775,0.20029350818618608,188.79034680364413,170.13024929922474,3.1386671588473023,163.85291498153015,176.40758361691934,-0.006847318873280291,0.9806992640004251,0.586478853599283,2288.241294189587,2381.0254158662665,28.929546541511836,2323.166322783243,2438.88450894929,-0.0011183328590172207,1.0901108478439794,0.6297928952319841,432.85596333090575,1,1.1295100093160866,0.67,0
1.3778246111576373,1.3253149628267,0.14780970922045758,1.029695544385785,1.6209343812676151,-0.003345483800688567,1.2227748484391292,0.309020940178704,76.60797299178101,73.58534481129216,2.0934603695077554,69.39842407227665,77.77226555030767,0.0014810022167741905,1.0810145386387773,0.49978951090922524,177.60129052352218,175.08456593268656,3.29733601736646,168.48989389795364,181.67923796741948,0.002607975801762536,0.8482081973253754,0.2463036160865232,2257.6106831534335,2366.303214611639,32.1336822800779,2302.035850051483,2430.5705791717946,0.0031454270450700017,0.4868464263832145,0.09875777522249765,125.22894861933615,0,0.26493422770226205,0.33,0
4.069469863146932,3.325259997131424,0.27385298293894766,2.777554031253529,3.872965963009319,0.0842107620863594,5.031687900316953,0.9257277503844065,84.982118782913,82.33611710532882,2.8754917940543328,76.58513351722016,88.08710069343749,0.03727672056055955,1.485578797363096,0.665310336921105,183.90171405808223,175.1811842376343,2.908040760944939,169.36510271574443,180.9972657595242,0.0045568136108736085,0.5159365298365284,0.25445991864340306,2205.287689563574,2273.7712973935027,47.996067438193755,2177.7791625171153,2369.76343226989,0.006361767500533839,1.3475796998760523,0.4848693015066132,322.1601924241252,1,1.2140544087257552,1.0,1
1.589375594106138,1.4567349552617876,0.1766229695357219,1.103489016190344,1.8099808943332314,-0.0016755853389697833,1.4573102914627727,0.3271851638478436,76.42930796096057,69.51285729964103,2.1881170458186316,65.13662320800377,73.88909139127828,0.0025603740958057993,1.2039701390892303,0.28941107314646325,186.69032963489514,189.07392369874904,3.093102249771631,182.88771919920578,195.2601281982923,0.004374955926839885,1.3475876253413244,0.4200101205353216,2176.495086332814,1967.4736405769966,37.144988789101895,1893.1836629987927,2041.7636181552004,-0.00544258610767,0.6235446359514623,0.21905537634725536,48.26761067920837,0,0.11315222279855215,0.67,0
2.569947408263286,2.1541509560485084,0.38311611734015705,1.3879187213681943,2.9203831907288222,0.041708136231230056,1.6778720451250957,0.7362434280840274,76.99453113531774,68.57553726964483,1.4661303457473225,65.64327657815018,71.50779796113947,-0.005523631525488374,0.8863078844613878,0.5010142345294959,183.29654059755663,188.81784743424512,5.509490716172926,177.79886600189928,199.83682886659096,0.00893298511963348,0.37772205301369755,0.22376699968094965,2263.4291617823733,2025.0349945873509,51.54412855619711,1921.9467374749565,2128.123251699745,0.006527012131325831,1.0440471104836706,0.35183352729822315,172.38306314199048,0,0.7417875206489594,1.0,0
1.5622721599394753,1.4513519085074917,0.14997028439496868,1.1514113397175545,1.751292477297429,0.002228545700676835,0.7925984751022299,0.3693461545566841,71.39845859615473,80.1233721637345,1.6833168680760024,76.75673842758249,83.49000589988651,0.002076898112529949,0.5721574472235108,0.3047027423135756,171.7721147053363,180.16900574779189,4.920703217095796,170.3275993136003,190.01041218198347,-0.006083928205407089,1.4347631193521175,0.732808704206251,2158.292047664171,2333.5545303761933,45.95707964467658,2241.64037108684,2425.4686896655467,0.0031601161180851074,1.441686602777576,0.3988252694034658,214.28445884699616,0,0.37115052959909195,1.0,0
4.345452126896557,3.192967267655814,0.38623920725298405,2.4204888531498456,3.965445682161782,0.10426446347075766,5.399150719630398,0.8504341573673493,83.18124945426759,75.3055548488224,3.5742413455831796,68.15707215765603,82.45403753998876,0.04161143848467577,1.3231841290595665,0.4473925748492138,187.8019007056644,169.962383489993,2.7987161274781878,164.3649512350366,175.55981574494936,0.00022785919951906892,0.8109526824151598,0.36896073187167266,2167.419982619709,2269.103048038107,52.83151681690463,2163.4400144042975,2374.7660816719163,0.0009322715738471382,0.40624837689311133,0.15258224624427336,265.9378459842681,1,1.2329559664400944,1.0,1
3.9342347320937576,3.923203818593644,0.5122728298751449,2.898658158843354,4.947749478343933,0.08902385495839951,4.284667687121768,1.003746064446661,85.58506362162306,76.84707758039929,2.5088880533947826,71.82930147360972,81.86485368718886,0.07058869190178473,1.1351766856369534,0.5599416845916699,184.45261088822735,194.7318940755224,2.831972176386046,189.0679497227503,200.3958384282945,0.008318664160717368,1.1353902676905208,0.5026219219248637,2215.2621563265675,2046.6582849328986,41.23334386360317,1964.1915972056922,2129.124972660105,0.0011927747688686959,0.26096609928270537,0.08742124714340728,350.3072122446521,1,1.7204288289339857,1.0,1
1.5867877962318828,1.3493099016008232,0.1777064719418663,0.9938969577170906,1.7047228454845558,-0.0007465671093583757,1.3904603561876523,0.3179706064414344,69.86776122813518,78.12414536472204,2.377499482382265,73.36914639995751,82.87914432948656,-0.0015364491933735904,0.7845913634595778,0.21417043345164166,179.90846687646606,194.96588918565575,5.808787911842009,183.34831336197175,206.58346500933976,0.0021245980119684186,0.8860292195733781,0.3682309115834905,2283.832540138068,2279.241589567276,34.29933572965193,2210.6429181079725,2347.84026102658,0.0017678307337023167,1.2540045582129442,0.7041230230955035,31.29845815425917,0,0.07530849377034592,1.0,0
3.8895982256038617,3.6548624855834673,0.29677267212621183,3.0613171413310436,4.248407829835891,0.12139526325065898,3.075109447778236,1.131830767051703,84.7796888066439,80.08709967338461,1.9429023072145881,76.20129505895544,83.97290428781379,0.06652076902418813,1.0498854227202656,0.4004502524522429,170.83329417746785,166.77569526959948,2.6901621218801637,161.39537102583915,172.1560195133598,-0.004112099661911003,0.0002020395067279801,8.171521301191082e-05,2256.051533366224,1995.6964190044516,54.37684723246008,1886.9427245395314,2104.450113469372,0.0007759534192948957,0.005729883987874662,0.0017116856519610322,560.9719299674261,1,1.6111511946480988,1.0,1
1.4543768026318198,1.5793248759526493,0.09886893863439546,1.3815869986838583,1.7770627532214402,0.0013292482425414224,1.338460571013181,0.6093854495828925,75.65731899634463,76.02376397499354,1.7803763207056527,72.46301133358224,79.58451661640484,-0.0029320863924427914,1.3342385185711325,0.5838530565955669,178.88062624409318,188.00977608419396,4.846518454219596,178.31673917575478,197.70281299263314,-0.0060514455711519,0.21538634742472346,0.12739053572352446,2231.5332704943835,1971.6005688449347,52.36943487518484,1866.861699094565,2076.3394385953043,-0.005054068355586584,1.118025432468774,0.6284308811381845,179.57878405681282,0,0.5013436223435678,0.33,0
1.434357296357019,1.6303054716750311,0.15253463563050274,1.3252362004140257,1.9353747429360366,0.009916363279603801,0.8792254862445396,0.28467720448594314,73.39921779140661,82.21913740587429,1.8449077048294675,78.52932199621536,85.90895281553323,-0.005451960994037194,1.0303306778885977,0.36824595934826776,184.6501859861164,193.85201278385327,4.883883245254908,184.08424629334345,203.61977927436308,0.0009652540147905742,0.8437842654068702,0.4050601764999859,2124.102443407837,2409.474882333453,46.785815607162085,2315.903251119129,2503.046513547777,0.002032710691333475,0.48700331684018766,0.1864871975807678,212.6622418849253,0,0.7428852490436336,1.0,0
1.3030039382071992,1.4896456429153746,0.12965936659484328,1.230326909725688,1.7489643761050613,-0.00607021936286697,0.10135580422799356,0.18309339968636998,77.75515467169083,77.78994973359409,2.1953580909658585,73.39923355166236,82.18066591552581,-0.005814085013304989,1.107378065365385,0.3697051854467971,185.20974946920597,187.81439760347794,5.149079133682379,177.5162393361132,198.1125558708427,0.0025986665299750074,0.87007298900456,0.5024358375028914,2137.7818757925106,2101.1922599397094,34.911860203264276,2031.3685395331809,2171.015980346238,0.0040370959119121405,0.8562726464095034,0.19164617103859538,80.55942168128995,0,0.13793997863933488,0.67,0
2.3027434610478807,1.7120475328473135,0.2701055357474308,1.171836461352452,2.252258604342175,0.026538630668406407,0.8933771164624262,0.9605377817813056,76.78002025365286,70.82913406154415,1.5362971176171094,67.75653982630993,73.90172829677837,0.00438357093193058,1.3036486030870928,0.5570851075815706,176.36450229912018,178.57636709243238,4.650893563774604,169.27457996488317,187.87815421998158,-0.00011525278042733097,0.17769255764172276,0.03650799116531116,2263.9287583969685,2103.309748971288,42.34788723091365,2018.6139745094608,2188.0055234331153,0.004787685816398837,0.6316783566511224,0.23006301444500568,210.62663271549118,0,0.781822663017675,1.0,0
2.5296190809104337,2.303999017176567,0.3446973716109259,1.6146042739547153,2.9933937603984186,0.04236138200961367,0.7513222911591655,0.8313303426403061,76.7863766944145,73.07674508545111,1.0036850178114234,71.06937504982827,75.08411512107395,-0.01025399927997074,0.8323647507381133,0.22908046101209753,176.58844463896435,192.78446697492603,4.24597858310496,184.29250980871612,201.27642414113595,-0.007730461601518363,0.32262784317763926,0.09960950459884296,2226.639160466131,2306.7562735141382,49.99304579397561,2206.770181926187,2406.7423651020895,-0.00320573317226433,1.449267037251805,0.7658112224333712,212.13351189599146,0,0.811699021447642,0.67,0
2.25118897792956,1.7460396147228439,0.2619143073597004,1.2222110000034432,2.2698682294422445,0.021407463840401913,1.0711592324772727,1.3108786458369615,76.07395139388748,81.91799564854786,1.157976762323638,79.60204212390059,84.23394917319513,0.003854011099939856,1.3050373882802484,0.5930641320983128,178.74013406420755,170.5353698193778,4.086956807184938,162.36145620500793,178.70928343374766,-0.00137401152376344,0.7547003321224797,0.24631481445802747,2089.937826327454,2303.379261189945,53.906087924938504,2195.567085340068,2411.1914370398217,0.005811297987528334,0.45525586372192833,0.16361508995193574,289.3000163931811,0,0.9804324012687552,1.0,0
1.8114838773442397,1.4489357767263902,0.16133754177443962,1.126260693177511,1.7716108602752694,0.0028042164298821034,1.3285908123554346,0.4474679401631819,73.16558660732994,71.97978605251369,1.5002332571712702,68.97931953817115,74.98025256685622,0.005305658784743996,0.5040092446482184,0.20134954228927746,184.9995353358253,177.24972990286477,5.022394875949603,167.20494015096557,187.29451965476397,-0.0028494895970605292,1.3419985809666937,0.6318751855056512,2185.654121203116,2269.179449417529,54.67595460611481,2159.8275402052996,2378.531358629759,0.006433848781876267,1.4618417756051423,0.8520200481241581,31.872384375378648,0,0.058757899065095126,0.67,0
2.6069505396631727,1.912195452984882,0.33865126165590176,1.2348929296730784,2.5894979762966854,0.048347626156470216,1.5009897901532276,0.8627877950812252,76.97959869185502,75.91025845080563,1.9578935388237184,71.99447137315819,79.82604552845307,-0.005375515240583779,0.323314927656818,0.11893524292133546,179.67430832135557,197.56906246275895,4.5557837281012015,188.45749500655654,206.68062991896136,0.0029742718669862234,1.1755544831414628,0.28806123218306934,2169.3394053762004,2382.854532588574,55.883878716822736,2271.0867751549285,2494.622290022219,0.00011990009507796482,1.4348458928417536,0.4835997544783308,188.3517812401824,0,0.8130081239736701,0.67,0
1.6159122506557064,1.591233667633211,0.1030143971196864,1.3852048733938382,1.7972624618725839,-0.0016031223815340576,1.4389858567623206,0.18672578491246825,73.78495818015858,70.35301103146318,1.7710720169210141,66.81086699762116,73.8951550653052,0.007690081409308167,0.3757521370439094,0.13093003423858762,179.10045684599237,193.91949847833325,4.7668085497410315,184.3858813788512,203.4531155778153,0.001152299403138166,0.04979472915820482,0.029812355013413106,2233.6485103015957,2014.1010186375204,47.607696468032835,1918.8856257014547,2109.3164115735863,-0.0071985264830901775,0.6547310239615606,0.19656231587771658,107.89005135421182,0,0.323238493538541,0.67,0
2.5580862942368015,2.4681019622274394,0.3766920634866631,1.7147178352541133,3.2214860892007655,0.035330756693499554,1.8812306247732726,0.7697610480733178,76.39075447280347,67.85322253450765,1.8243343782187125,64.20455377807022,71.50189129094508,0.0034208160430447727,0.1338332520858579,0.049838596375080486,189.17101017928138,174.6126551160045,5.915548019742378,162.78155907651976,186.44375115548925,-0.0029844739236598566,0.9747958825538625,0.20458910614862386,2116.2765269773377,2332.967284876568,30.68744454160545,2271.5923957933574,2394.342173959779,-0.0005980981218438568,1.3425507882801553,0.636919102705796,203.30232727523318,0,0.7393604589670176,0.67,0
1.3537800825909905,1.5681558103396498,0.1725247954164731,1.2231062195067035,1.913205401172596,0.003274066021824112,1.490208414386443,0.6917028375537324,72.97136590653842,67.79938480061496,2.1042792583420558,63.590826283930845,72.00794331729907,-0.004305539390355077,0.5605208116171507,0.27643962250880105,186.8302679946904,195.09865595820088,2.6948061736500817,189.70904361090072,200.48826830550104,0.004881135429982854,0.18625230850918895,0.047307117008028664,2233.535288269959,2038.1516964228601,43.06582281641407,1952.020050790032,2124.283342055688,-0.005918393922601152,0.8165848678107805,0.22715279608115063,38.36243014735163,0,0.08448042756666493,1.0,0
1.3181009627916624,1.478878832610945,0.15335581445232052,1.172167203706304,1.785590461515586,-0.006342295604613856,1.2956292751051268,0.5902395079767533,73.12464656655025,78.5604892301915,2.0495267768417245,74.46143567650805,82.65954278387494,-0.002074038135854361,0.7759114346496216,0.3139610047577673,186.181150128067,189.11208358343856,4.275489700805528,180.56110418182752,197.6630629850496,0.005040226463664255,0.34848009026507304,0.13158896474711385,2217.718822357441,2242.0204683111187,34.86253171472376,2172.2954048816714,2311.745531740566,-0.005649601324973136,0.885208178343358,0.4906249559986342,110.61486740115033,0,0.2432212471634873,0.33,0
1.705967376279973,1.4601040173494564,0.1402837706777212,1.1795364759940141,1.7406715587048986,0.00025621755826510254,1.4858473123375422,0.12679940487804028,74.69882332118273,75.87021619497251,1.505628763179539,72.85895866861344,78.88147372133159,-0.003584133039540572,0.7390433722514245,0.25399724414464825,172.2269825615224,185.34352517381885,3.284234664203243,178.77505584541237,191.91199450222533,0.010990697597397412,0.8469391968201241,0.29326097867433165,2205.8225988853674,2270.9358169708435,25.721460559255267,2219.492895852333,2322.378738089354,-0.011126889784528571,0.7614732445264497,0.35157355569933224,70.86783908446897,0,0.14069926512754433,1.0,0
1.5870629634701037,1.638248609962388,0.09443641669492374,1.4493757765725406,1.8271214433522356,0.00646908845407363,0.4008704626065785,0.04994051488266892,73.44903470263117,73.46637160564656,1.1566039248848514,71.15316375587686,75.77957945541625,-0.004802234769919408,0.9473053646139906,0.2813109963405792,182.64605021955518,178.37315689706975,5.0335486341015105,168.30605962886673,188.44025416527276,0.010751553966656056,0.4778446471889844,0.24320528762340787,2149.76475696466,2394.3860618708704,58.51216858574273,2277.361724699385,2511.410399042356,-0.0037237807839219433,0.6879427311471988,0.19490730803369008,133.99416882353844,0,0.27753625912303326,0.67,0
1.6359208377137067,1.6116376913581008,0.12984039469767306,1.3519569019627546,1.8713184807534469,-0.0051335524589263305,0.7225316529923069,0.06029508471243683,75.34083083518622,67.86394335801654,1.0811966014617918,65.70155015509296,70.02633656094012,5.825853842622783e-05,0.8752943232988699,0.297364453285588,177.94863243809593,172.90073211832657,3.811285820786413,165.27816047675375,180.5233037598994,-0.0002113399921739652,0.9817834035164128,0.29624707019376045,2190.6925890517177,2192.2772868202974,39.46593964903886,2113.34540752222,2271.209166118375,0.0025438166552465224,0.6303489492021901,0.1483293019268164,48.78215040904284,0,0.1737402425023301,0.67,0
2.978200076735984,2.818957742919398,0.273141389439179,2.27267496404104,3.365240521797756,0.04888168376706495,0.9639369043155717,0.5426735331755717,75.36061010267501,78.64093458899566,2.3690543829005772,73.9028258231945,83.37904335479682,-0.0057365324187450585,0.698950122279205,0.3296352683774966,178.92376070952304,189.6481951068047,4.760707842419299,180.12677942196612,199.1696107916433,0.0031006202547846813,1.4789579159255155,0.32481085097836093,2207.867328383654,2105.5710090433595,41.91740060706146,2021.7362078292365,2189.4058102574822,-0.005062371850771955,0.3666783153849931,0.1954907364933011,479.61488121936463,1,1.2479473716929896,1.0,0
1.404878483209152,1.4667908778844632,0.08787501814803104,1.2910408415884012,1.6425409141805252,0.0032479066582308657,1.4419188635510796,0.22000431500693607,74.31456444624371,76.28593131826703,1.8289500988594598,72.62803112054812,79.94383151598595,-0.006554560035360799,0.5261298221240325,0.1504513333734063,190.221619011874,178.1929739447829,4.414271983568738,169.36442997764541,187.02151791192037,0.004026199289522034,1.0795343940680318,0.26407566346802025,2198.177633987098,2060.685045915858,44.40593297533238,1971.8731799651935,2149.496911866523,0.00618102489129798,0.9478994442771668,0.35607492822177406,64.57341769985901,0,0.13678500605313254,0.67,0
1.7845393567453935,1.3713646082721662,0.09831047403766194,1.1747436601968424,1.56798555634749,0.0035570748460231924,0.9905034764360495,0.3167663658590399,75.00996260787917,67.47432019697342,1.5093608459055639,64.4555985051623,70.49304188878455,0.01354638324235518,1.384823828091176,0.4611366617188988,191.98551799433685,182.93289769537574,3.6797230760416784,175.57345154329238,190.2923438474591,-0.0005266906139576314,0.7926733010191135,0.3666836883994588,2243.7614314581533,2041.8955360331083,52.02042228947919,1937.85469145415,2145.936380612067,0.0008521623844233117,1.311149086146322,0.46793359373157034,134.85145934938862,0,0.25706951645272136,0.33,0
1.527013730821663,1.4830183146580784,0.12043401603578774,1.242150282586503,1.723886346729654,3.675337459849575e-05,0.5825897705758304,0.28212707781364216,72.83431894226331,68.92219615708908,1.5136157520007212,65.89496465308763,71.94942766109052,0.002335454719967873,1.1412465450291758,0.44982136487089563,178.41950357974474,174.0444623800537,5.99394141671424,162.05657954662522,186.03234521348216,-0.00039924576743897983,0.6781402835855762,0.21717630523841772,2169.419742689771,2221.554167537446,45.696990642952464,2130.1601862515413,2312.948148823351,0.005558157370705258,1.073458854100439,0.5964318239811711,286.73864703982264,0,0.5366472224828477,0.67,0
4.4168516030703096,3.869962665174191,0.237469907131237,3.395022850911717,4.344902479436665,0.08677158030594335,3.65568941392195,0.8392312430329059,80.57992232534313,77.19345476990965,3.740911732425072,69.71163130505951,84.67527823475979,0.05786831755983578,0.4713543229577599,0.25379762004534245,193.6721107953087,179.871285122707,5.028582403415269,169.81412031587647,189.92844992953755,-0.005354462490305562,1.4106878765293716,0.8204157667668602,2224.123620762159,2389.6388960656004,58.72669919812385,2272.1854976693526,2507.0922944618483,-0.00036414456328436387,1.2795141832010402,0.4066034500925549,638.9393971808904,1,2.306477672971914,1.0,1
4.206393107937831,3.511426520759056,0.5846202928550265,2.3421859350490033,4.680667106469109,0.09448524328275408,4.823297478941384,0.9567504102358737,81.38737404256429,78.63413148528912,3.429219009235947,71.77569346681722,85.49256950376102,0.06870840310105318,0.5574942744177275,0.2244219474005354,185.75564702979096,174.74864493880045,5.793473129010529,163.1616986807794,186.3355911968215,0.006967272637622157,1.2076459680617022,0.6497326835492632,2235.527455114889,2178.8595115443854,40.76226350232774,2097.33498453973,2260.3840385490407,-0.0047127900289593815,1.1234447262905978,0.3851089563641098,471.57325164537286,1,1.4423457463101668,1.0,1
1.76276943256059,1.6861882131250903,0.0845804513819407,1.5170273103612089,1.8553491158889717,-0.0008718141820626713,0.019090922534880816,0.6625566241195286,73.54876508687343,78.19059873074544,1.0814142391857902,76.02777025237386,80.35342720911702,-0.001305017446758398,1.2781990794290794,0.6290970154956064,174.84962058759456,177.59073503348287,2.723316604342773,172.14410182479733,183.0373682421684,-0.0036344469160235603,0.05858192761883413,0.029116860915536506,2252.2603791016127,2130.21087000453,52.2080595223692,2025.7947509597916,2234.6269890492686,0.009172156665700438,0.8715574862568651,0.27423969522617664,257.3435736183998,0,0.5213118527021788,0.33,0
1.2125753428101083,1.5443377925075796,0.14686715008863568,1.2506034923303082,1.838072092684851,-0.005214641309043688,0.4281716807997983,0.352670464230728,75.73810409717994,80.93727613511003,1.4448995720216093,78.0474769910668,83.82707527915325,0.0049503061535818,0.46500277917345795,0.2321093464924638,185.00301704258135,173.2880933168222,5.135320098820887,163.01745311918043,183.55873351446397,-0.0015560414458684073,0.7242262415256167,0.24788450492162703,2145.447664140296,2132.232689939202,57.72654687367557,2016.7795961918507,2247.685783686553,-0.004750762650259361,0.8477962817666267,0.3769079253343419,168.76399186621194,0,0.7415815228942626,0.33,0
1.5437000464978199,1.6247241191969717,0.15046391469770715,1.3237962898015574,1.925651948592386,0.0007179491273974609,0.4823759105436976,0.4843047749930378,73.37375181230723,74.88309166974312,1.2853113694198903,72.31246893090335,77.4537144085829,0.0007560811066877352,0.0466628762811242,0.018913277229905875,179.68615287753295,194.30789094548874,2.7709408597885252,188.7660092259117,199.84977266506579,0.003485913103964265,1.3420527915362754,0.28608195081125243,2144.640836505912,2346.0833524062123,51.167561440887056,2243.748229524438,2448.4184752879864,0.0002887707333361393,1.2751783020841678,0.435598648143748,228.7229981930448,0,0.5423245419422166,0.33,0
1.6644919775193079,1.3879771427003127,0.14403687622190636,1.0999033902564999,1.6760508951441255,-0.0030299502304245596,1.278765954433808,0.06980960858988809,73.11444951953905,71.95453946780077,2.279892305553137,67.3947548566945,76.51432407890704,0.006479639307868754,0.7590080021504063,0.31687109174649264,171.32256232416177,163.69772517309494,2.6840701493423746,158.3295848744102,169.0658654717797,-0.009279666435942184,0.8004036022881418,0.20307743008893625,2224.3143652370445,2382.19306843145,46.47224701481928,2289.2485744018113,2475.1375624610882,-0.0053887196746517175,0.1435293109588594,0.04906221221296598,235.07212212916528,0,0.7824133829733573,0.67,0
1.5591172461621914,1.5831950455396007,0.12396385871602332,1.335267328107554,1.8311227629716473,-0.002446661877311028,0.11470969896608146,0.31212862189651136,79.26652936312371,80.65827189267789,1.6822795431944504,77.293712806289,84.02283097906678,-0.0024887257114058594,0.26195829710619223,0.06053462910538786,183.7600702303087,191.68458280137455,2.994812694616688,185.69495741214118,197.6742081906079,-0.0013360601184732289,1.2823663355981532,0.7497925538256274,2165.0009549898314,2079.3487622841403,44.00207224765289,1991.3446177888345,2167.352906779446,0.0003602542509332792,1.2089106044840328,0.37530522526650284,133.59242474509384,0,0.23900832549970952,0.33,0
1.6819168980306818,1.477711869891688,0.0902968936455937,1.2971180826005007,1.6583056571828754,0.000472216627493277,0.7828939329379534,0.2889045154732585,75.44242505983449,74.76719092103102,1.7060401208464415,71.35511067933814,78.1792711627239,0.008897242961350568,0.38614114151204376,0.11219568783013424,176.22115898756584,164.81159717858486,5.719342168735837,153.3729128411132,176.25028151605653,0.0009707979784749828,1.2727135827092462,0.7404388431788814,2154.1223540829033,2360.565647716032,26.26660114053752,2308.032445434957,2413.0988499971068,-0.0025696795048152678,1.1088599346983259,0.5377840890570507,179.7484202587207,0,0.7752978920294356,0.33,0
2.9181972862509484,2.397956889192927,0.3980670277490838,1.6018228336947593,3.194090944691095,0.02715417445226554,1.0077680219221363,0.9294469049459481,76.63493425339675,73.24700923457969,1.4892792552313414,70.26845072411702,76.22556774504237,0.0036820687226800674,0.6496117577168476,0.3683362918652806,176.81271737841195,175.89613992925072,3.1977254513064017,169.50068902663793,182.29159083186352,-0.0009337553325034158,0.6381467913845184,0.3204759547896111,2280.0537153082196,2117.6012030159773,26.553834273926448,2064.4935344681244,2170.70887156383,-0.0006488611219922941,0.25468895932642105,0.11741434843599338,449.8828492452187,1,1.1727188317513264,0.33,0
1.4422949986713676,1.3420136692145301,0.0791644370222984,1.1836847951699334,1.5003425432591269,-0.003347761631879053,0.7744739832736769,0.2994356690404958,71.93163807862555,70.426638484878,2.1622804629190693,66.10207755903986,74.75119941071614,0.0004891324592613377,0.8184616898903476,0.2724723521799446,172.7373727684386,184.66867619546255,4.693502780363471,175.2816706347356,194.0556817561895,-0.0017282682830283456,0.6104306737113834,0.3433734167704664,2238.59252429034,2308.8083101744755,43.587380693782706,2221.63354878691,2395.983071562041,0.007494792313337658,1.3507732386947051,0.5682145070727505,120.40908754742556,0,0.3984958502159595,1.0,0
1.3216486979648003,1.54038420349933,0.09530895291007274,1.3497662976791847,1.7310021093194754,0.0015937062307862645,1.0359168121933497,0.7066476498252063,73.2131238753079,68.05493343766416,1.087200328156337,65.88053278135149,70.22933409397683,0.002688351699192023,1.020921779196191,0.322177887617487,179.8971697051988,166.48926300476523,5.094416298948088,156.30043040686905,176.67809560266141,-0.0019042588563822646,0.01996469584596544,0.006067158773158253,2253.204163636277,2196.2098683876043,43.34922556095009,2109.511417265704,2282.9083195095045,-0.011314049813453962,0.24747352403747486,0.11117000698133006,261.61352633260884,0,0.6963349613219944,0.33,0
1.4306707225105564,1.291432443872258,0.13470007607972248,1.022032291712813,1.5608325960317029,-0.0044286780031687735,1.284444463198457,0.5852266148236033,74.47436631494777,72.14829802726959,2.301949006092714,67.54440001508416,76.75219603945501,-0.007589745574733516,1.2850407049898467,0.49365140688646564,178.5516277245255,172.92802325800764,3.5636064878978764,165.8008102822119,180.05523623380338,0.001895618165346186,1.4037191377240896,0.5681103987671363,2173.364945622251,1978.0767201184265,52.65093665747996,1872.7748468034665,2083.3785934333864,-0.004685288382330668,0.6580673233257007,0.24530778805763606,217.84762594929498,0,0.5153524677981441,1.0,0
1.5481999771971149,1.4104575825376806,0.0765085727142559,1.2574404371091688,1.5634747279661925,0.0023548353489258106,1.320094047297231,0.39217993854115574,76.46992963150397,69.17642924411618,2.3072466893496246,64.56193586541693,73.79092262281543,0.003336915515702843,0.5202649568482106,0.29153148807864465,185.88200768206843,187.18631224406397,3.763708943973683,179.6588943561166,194.71373013201134,0.0005892216307065033,1.1858343581439559,0.3326329894707055,2148.0015924191475,2200.26073913783,35.47677600162778,2129.3071871345746,2271.2142911410856,-0.0027802627873970173,0.3165346145082605,0.13399400815679918,286.28590030671006,0,0.7862287557091342,1.0,0
1.6235538358264152,1.4933720223930427,0.12107785749883374,1.2512163073953753,1.73552773739071,0.0026378405805601653,1.3561225628119624,0.23095438118459732,76.2080496938991,74.42507864401833,1.4962853710955417,71.43250790182725,77.4176493862094,0.009708730610258514,1.219429475470809,0.485299920959179,179.92809159245198,164.69688746795683,2.663245078240339,159.37039731147615,170.0233776244375,-0.0037419159034551668,1.1092253784319914,0.4411326886880664,2136.169089987767,2003.9154968520904,42.48468088990824,1918.946135072274,2088.884858631907,-0.0007915980629768928,1.0634627189090085,0.3057959365563198,316.1332593637918,0,0.6267642483869379,0.67,0
1.5338506448944782,1.4622325559713074,0.14552488272938796,1.1711827905125314,1.7532823214300834,-0.004048802707999662,0.05746083298717647,0.2959735312344797,73.38919665986884,70.66869423158991,1.7667355283172848,67.13522317495534,74.20216528822448,0.0012643832875783353,1.0668608877044092,0.580626331698736,175.82380817437476,168.92045573302585,5.974580565664205,156.97129460169742,180.86961686435427,0.012127062959019464,1.0345113016542646,0.5047280647394499,2196.0438888807744,2227.768926218349,33.28940129042933,2161.19012363749,2294.3477287992077,0.0016497939392021736,0.48348274840540933,0.2749909992920291,207.63280186825423,0,0.37411715068647167,1.0,0
1.4487457181712067,1.4673854774572785,0.11638203049947335,1.2346214164583318,1.7001495384562253,-0.003829420341603103,0.034791210640264136,0.4757166473949694,75.91180526633529,71.91729687759498,1.3084006348454256,69.30049560790412,74.53409814728583,0.010690276058170023,1.129471610964295,0.36299454906424816,178.85682791768556,183.68254491012505,2.994750350962364,177.69304420820032,189.67204561204977,-0.0033132169691401383,1.1378261212076137,0.43134209512281035,2192.0781677936384,2292.8802009295673,58.02627376382793,2176.8276534019114,2408.932748457223,0.006035132567138427,0.11822195871605129,0.04796391715106429,268.55037517667074,0,0.5301221184588917,0.67,0
1.2122048863708894,1.2916712123678673,0.1327168468645898,1.0262375186386876,1.557104906097047,0.006677369489253273,1.2387801515084473,0.13761571232157208,73.44924194065479,80.08333576424262,1.5505450507088527,76.98224566282491,83.18442586566033,-0.0008271202609094671,0.32585021188865204,0.16411002262319282,180.59538284112304,171.53460572943808,5.128615365381631,161.27737499867482,181.79183646020135,-0.00418169268248144,0.6055104864360418,0.29371163544939505,2106.677592361826,2406.511094725821,47.43399634427481,2311.643102037271,2501.3790874143706,-0.0007694888699281764,0.09091553567672023,0.02166202961695413,89.39169638414388,0,0.41545306096505585,0.67,0
1.6141756519610497,1.4116619121037164,0.11786027359082887,1.1759413649220587,1.647382459285374,0.0025404385721039323,1.01869160610131,0.6307715646597519,71.81830828628262,80.58912125784246,1.020479954887098,78.54816134806826,82.63008116761667,-0.007475987936515778,1.31898248889759,0.3453476822060957,177.98050544567792,176.53641211728527,3.6440757641786186,169.24826058892802,183.8245636456425,-0.002086326826611968,0.5563851376635974,0.1496989022074691,2195.829463262672,2065.896505961195,45.62684322826917,1974.6428195046567,2157.1501924177333,-0.0023634613886178582,0.21316043974887355,0.06474889959177343,100.44751928562508,0,0.24001843347845503,1.0,0
2.374745500681147,1.807135170963062,0.3756625327209414,1.0558101055211793,2.5584602364049447,0.048826721111754824,0.9550677538729266,0.8028938008618078,72.01298044349372,70.03784065229681,1.6793578458061376,66.67912496068453,73.39655634390908,-0.009344015291412353,0.2727126985004246,0.06391408121848902,182.07737575753126,186.3480774842567,3.95521180346378,178.43765387732913,194.25850109118426,0.007861531280928886,0.7037662441391576,0.2442655831090051,2184.950984380339,2262.571563293085,35.017850753399806,2192.5358617862853,2332.607264799885,-0.00687612558981103,0.31555812229475366,0.06602070283573082,387.61266078034305,0,0.8264239990449437,0.67,0
2.1671830900507394,1.8350050618558789,0.4149912627657148,1.0050225363244492,2.6649875873873086,0.028131989545861713,2.2506581652758157,0.731744136595642,75.41869771466938,79.59987787135066,1.388869669268157,76.82213853281434,82.37761720988698,0.00588224412683136,1.1354921392344832,0.5675310568262811,173.34245850222774,178.81542538991908,4.475546445788346,169.86433249834238,187.7665182814958,-0.0008587902367998094,1.42845207690166,0.7387917867009174,2292.4020095885426,2404.3079545950136,36.59879486299231,2331.110364869029,2477.505544320998,-0.0020233755909709423,0.6226171935116986,0.1616552519099918,459.3660364535922,0,0.9425874587318552,0.67,0
1.5843861255547278,1.3569520137805322,0.09594590311008809,1.165060207560356,1.5488438200007084,0.0018835842393467928,1.1121505793654698,0.00775345068196057,76.38252498201761,72.74507279857518,2.3187312651259147,68.10761026832336,77.382535328827,0.0058095430981402255,1.4280598868187613,0.6619895591857445,178.81199558798187,189.43033871125954,5.598174421843039,178.23398986757346,200.62668755494562,-0.0015628352901066345,1.2496641261294545,0.6619755343747014,2173.882003707294,2096.475695441416,32.05092334376602,2032.373848753884,2160.577542128948,0.010152728616121012,1.3329647713411292,0.6280136538253752,164.2623487811593,0,0.6138418758726887,1.0,0
2.2784868594059517,1.9810976661721682,0.23784729265016466,1.5054030808718388,2.4567922514724976,0.01442172665234322,0.6780194697920177,0.7553364845142679,77.7264579502645,78.4099441645229,1.467185890605882,75.47557238331113,81.34431594573466,0.005359826837995636,0.07810860933190461,0.016022314351426727,176.40980593297425,190.09723214219423,5.763763835840838,178.56970447051256,201.6247598138759,-0.0025235970509355794,1.2892544634373468,0.6238883103204126,2328.5997658747483,2375.3661087119303,32.5344166025042,2310.297275506922,2440.434941916939,-0.0026217997784079173,0.3203062168259271,0.15068396416343255,404.74533104318846,1,1.2589266442639122,1.0,0
4.014634467480483,3.9778425580812473,0.20354531404538756,3.570751929990472,4.384933186172022,0.14978208556819783,5.378811059687594,1.0553311819001328,84.96351974586838,75.14263055170333,3.3708868445476723,68.400856862608,81.88440424079867,0.07004867582004054,1.2826832573326754,0.6697438782731745,182.1068990554904,188.79045991250513,5.181405764784551,178.427648382936,199.15327144207424,0.0017572410377079146,0.1329070709545186,0.05250508775043831,2253.5075119158214,2004.0380331308907,37.208718688931775,1929.6205957530271,2078.4554705087544,-0.0007225933535775892,0.16649714818697225,0.08712697264972809,504.0661087958321,1,1.2940114178353201,1.0,1
4.421831624077688,3.9072057774778535,0.3660582615970983,3.175089254283657,4.63932230067205,0.0922192233880678,3.12167981438933,1.1121585585493763,80.21784480074737,78.38506175523699,2.605527457070859,73.17400684109528,83.5961166693787,0.04748171699503212,0.47775811810009466,0.18011202144629065,180.42161913621118,176.0276184070253,5.98507058217963,164.05747724266604,187.99775957138456,0.003965878441093387,0.5175252598868492,0.11483527532763546,2193.897143393936,2059.146316647252,29.21272516734951,2000.7208663125532,2117.5717669819514,0.0026063995250690726,0.10140712420857473,0.04965011199232663,678.8233494370659,1,1.759696567186948,1.0,1
2.495244086515035,1.9808100190072366,0.42495597332657964,1.1308980723540774,2.8307219656603957,0.01960908665582181,1.2519198192813275,0.5624347841217638,74.24522696507557,71.74366162737941,2.2619599177209264,67.21974179193755,76.26758146282127,0.0009898304998677743,0.9241662006235816,0.3601755042823463,186.1743950869317,175.77059240229875,3.7059666779575635,168.35865904638362,183.18252575821387,-0.0050406497838842495,0.7472260803767226,0.2862270048240818,2142.9029090419344,2206.6808395177886,31.45159721458669,2143.7776450886154,2269.584033946962,0.009628130637309721,1.091390014957115,0.5148377731982936,318.2041511080522,0,0.9327391173710379,1.0,0
1.5429747913934004,1.5019800293320453,0.11902210033468946,1.2639358286626665,1.7400242300014241,-0.0015154303855600699,0.6704070560476325,0.19814700442848807,75.92065563676297,79.29458647940156,2.381505923798116,74.53157463180533,84.05759832699779,0.002218378634440581,1.0457168256155778,0.5232991996888602,186.76401074840254,196.18003251979877,5.446862384318281,185.2863077511622,207.07375728843533,0.00027869886663183923,0.010380143377240136,0.0021219271728176816,2233.2381544862183,2186.573953708653,57.12040331819325,2072.3331470722665,2300.8147603450393,-0.005395809084522461,0.5387555267546849,0.29226990416338605,252.2919990976387,0,0.4496014159991638,0.67,0
1.5339184557822407,1.5165140294678525,0.15992206234466788,1.1966699047785168,1.8363581541571883,0.0010074616156663717,0.5590971419231812,0.0688892227366414,77.5735977054518,76.0636108521592,1.8430773115765677,72.37745622900607,79.74976547531233,0.014668028530856364,0.048167686104848007,0.010266203991096371,175.7227414411555,186.4057370020655,5.936280649916181,174.53317570223314,198.27829830189788,-0.0015184409483841883,0.9246192301397476,0.22830308108527944,2258.63019793715,2145.556569163063,31.178518641843418,2083.1995318793765,2207.91360644675,0.011726522817359142,1.204718889236317,0.37257936514453194,284.8470131774411,0,0.5392872502359948,0.33,0
1.415345766965826,1.5783828370401736,0.09585121271373877,1.386680411612696,1.770085262467651,-0.006641758957564338,0.4083282012596635,0.342099278483678,75.33123025019344,73.92960673631245,2.033969824118153,69.86166708807615,77.99754638454876,0.0029725450131573477,0.7190284338237499,0.27430697732555354,182.29220200926648,164.34329275081927,5.548222312974644,153.24684812486998,175.43973737676856,0.0001697844258258413,1.0917385037609157,0.4899093936808035,2181.9282901824845,2328.479670484488,47.59917339573384,2233.28132369302,2423.678017275956,0.0027562796116735494,0.6036277413854731,0.23466852033988322,365.5259399764369,0,0.7510448237334352,0.33,0
2.5594390740691546,1.8091489539039696,0.42518108819870093,0.9587867775065677,2.6595111303013717,0.03434750111531203,1.9585328116732668,1.4692515988640258,72.09754740219768,79.82077978582942,1.8814977279254403,76.05778432997853,83.5837752416803,0.0031131351990616057,0.5330095623293205,0.2290385540816731,183.26114100058348,191.37286193932596,5.66921317121964,180.03443559688668,202.71128828176523,-0.002739107121216107,0.05533993336615223,0.015933489374752717,2246.9478589117425,2192.058132436141,30.748437352810402,2130.56125773052,2253.555007141762,7.698268438947611e-05,0.40676667856680515,0.23553458458558854,249.37643538746462,0,0.7352776099267821,0.67,0
1.40513229090737,1.3354204079554826,0.12285137707142585,1.089717653812631,1.5811231620983341,-0.0032193600555417636,0.45789645241115384,0.5563462187600231,77.22229043040892,79.21839878059457,1.8247325461432133,75.56893368830814,82.867863872881,0.003820791499659472,1.3727905671368497,0.7678142096402746,180.0564311158016,197.0365318209603,3.4479124911898573,190.1407068385806,203.93235680334,-0.007530414552010342,0.006295741245847808,0.0017327107657364596,2179.1122437539593,1955.2208059311674,51.66023118833157,1851.9003435545044,2058.5412683078307,-0.0035182818865754145,1.2487301619294675,0.7369004127170933,191.50342061310647,0,0.4192231668320413,0.67,0
1.412780753555166,1.4778424961446996,0.17978817653928475,1.1182661430661303,1.837418849223269,0.0036773425464084455,0.09458778836436554,0.6113238566733037,75.05924228391383,73.42702481262917,2.384054339341748,68.65891613394568,78.19513349131266,-0.0040803209424588125,0.09981422266226625,0.053642730166745096,174.85693039617317,189.20232195641145,3.7395938748209003,181.72313420676966,196.68150970605325,0.00044593848619272106,1.1324087472088356,0.5696040009853843,2210.1260441366967,1972.1190658260998,39.38193025964987,1893.3552053068001,2050.8829263453995,-0.0007627247381855903,1.172171067938509,0.24131684344604887,23.250773923557194,0,0.05008818544145797,0.67,0
4.153340223187019,3.793106496017793,0.3864726364510228,3.020161223115747,4.566051768919839,0.0689936136457561,4.576875988752528,1.06841259378556,82.92348478011617,82.22098220211143,1.6502418827841598,78.92049843654311,85.52146596767975,0.038946389074969764,0.9720004556288138,0.308186760055647,183.83098004587055,175.4443006138834,3.8857802916858244,167.67274003051176,183.21586119725504,-0.0014219232480325466,0.6184195917474984,0.35490603544167915,2279.5291036308927,2096.8115543375366,38.22437248045153,2020.3628093766335,2173.26029929844,0.0003857824810885837,0.09305514544317228,0.031240669488284956,424.82329216170604,1,1.4104999086218777,1.0,1
1.3641497496511474,1.4017612026742259,0.0858730589241445,1.2300150848259368,1.573507320522515,-0.0029031763987635317,0.7554322966330976,0.7041554209519979,76.80275343285784,69.6673932199355,1.7499676389001098,66.16745794213529,73.16732849773572,-0.015996323226060892,0.04675962347659629,0.022188397587853657,187.34432170298103,191.25559607128673,2.669480312493722,185.9166354462993,196.59455669627417,-0.00821634517285139,0.23500784187522145,0.07402235617476235,2181.7678972941435,2105.146804533218,26.784186721403657,2051.578431090411,2158.715177976025,0.0043704670138247454,0.5599179173590794,0.30361652455603116,328.1888933179938,0,0.821827006196328,1.0,0
2.8411903355934967,2.766279346123177,0.3662144716461088,2.0338504028309594,3.498708289415395,0.022873865408052814,1.8578060417194138,0.528661830982712,73.70436539754382,70.35774421208781,1.740081772551267,66.87758066698528,73.83790775719034,0.001890231302139416,0.8851746335167062,0.2825625071461119,185.1352292608888,176.59615016748143,4.295089108783508,168.0059719499144,185.18632838504845,-0.005020398164775138,0.18238102430029035,0.07704192740482152,2247.2192611417695,2122.5445549139095,46.7097585985295,2029.1250377168506,2215.9640721109686,0.011053448630078821,0.8163000031704417,0.40481831293685594,420.2282337155148,1,1.0205139350851715,0.33,0
1.4607751467543895,1.6242975206390842,0.09739512638463775,1.4295072678698086,1.8190877734083597,0.0008640613988564198,1.460369331302474,0.39912269645546433,70.76139726462358,72.88569566190614,1.7578621085640023,69.36997144477813,76.40141987903415,-0.0003765221037041741,1.33197794857,0.6035614657929775,183.40696890055057,187.48277079712074,2.5940328276853815,182.29470514174997,192.6708364524915,-0.004343384577404865,0.14539267566139868,0.07522773781763437,2188.4671915565978,2153.4260467141935,33.793098363506175,2085.839849987181,2221.012243441206,-0.004348055174515936,0.9242184396118789,0.4861386736694693,134.61127833647808,0,0.3533991125128659,1.0,0
1.34998788861195,1.4353498042097914,0.0887579931102914,1.2578338179892086,1.6128657904303743,-0.005159132753642175,0.980187417308094,0.5565292400060804,73.22149567505816,78.2087591456458,1.5796867162986779,75.04938571304845,81.36813257824315,0.004391069990774973,0.48719175429505296,0.2623580939451264,179.46926802588337,163.6677073267889,3.4977409416530207,156.67222544348286,170.66318921009494,0.009899741841452992,1.3720347317167163,0.5714106626816006,2209.308097779087,2216.0909293167574,40.71602359550779,2134.658882125742,2297.522976507773,-0.0032157699860055587,0.2452893129121806,0.05833262081128382,164.21491302959836,0,0.42196401889418433,0.67,0
4.162086106962626,4.112204741208085,0.49279757672456204,3.1266095877589613,5.097799894657209,0.10986584841970365,3.260415133955687,0.7819097862322792,79.91995890252151,79.26155103955716,3.042676028183701,73.17619898318976,85.34690309592456,0.062484354667762726,0.774979539414607,0.23727963039691513,177.09560932988242,167.81480764395639,4.336647510712832,159.1415126225307,176.48810266538206,-0.008624589162565165,0.9177793420835691,0.23476570187828505,2171.8856235379512,2130.528376889319,31.98858237554259,2066.551212138234,2194.5055416404043,-0.0011288815024326783,0.7713516576204174,0.337054315400172,416.4471449175237,1,1.98980830747187,1.0,1
2.594870837747009,1.9195508599603177,0.33208350690711674,1.2553838461460842,2.5837178737745514,0.048173838064932036,0.5751121394803791,0.9077381537150975,71.44112214915314,74.0189366062359,2.1181623193025074,69.78261196763088,78.25526124484091,0.004072333663742533,0.10252255717229208,0.05967216996632648,175.3624490764507,171.59104482281046,3.7974872996322437,163.99607022354598,179.18601942207493,-0.0008564166223209355,0.27655235702954073,0.10432394884423132,2209.4036678495886,2242.8763890750724,48.17650599991418,2146.5233770752443,2339.2294010749006,0.000715501038215496,0.4308188566910423,0.24818200201006696,550.1394145759512,1,1.2835086892958456,1.0,0
1.4724497393767173,1.5526294378954362,0.07866592953333783,1.3952975788287605,1.7099612969621119,-0.001624892970843339,1.3287945391134903,0.34441201316865994,77.3903708048062,77.70896873908454,2.151489327108478,73.40599008486758,82.0119473933015,-0.005724541288194883,0.30889822546851803,0.16874586234221692,168.52217477924157,185.790105156488,3.715509256487249,178.3590866435135,193.22112366946251,-0.004495980480240096,0.30115897253163765,0.15752374573696878,2255.210726040987,2362.983417604669,42.82460021168517,2277.3342171812983,2448.6326180280394,0.0012969216672140107,0.6255599384538488,0.3740583678214913,135.7926812210787,0,0.5241823833918885,0.33,0
1.4678389972876862,1.390741491913596,0.12645952257750795,1.1378224467585802,1.643660537068612,0.0005040193522988706,0.5562511268909842,0.06410404922357901,78.30933663173342,80.9220528733775,2.052862071635678,76.81632873010614,85.02777701664886,0.0021850881103670943,0.23362463969841651,0.0620713275151907,178.96328086732,178.30521272988778,4.008476697238593,170.2882593354106,186.32216612436497,0.004679865796328088,0.30672292537586937,0.06852277893436594,2254.7467027820962,2216.5121193135406,49.12940979506794,2118.253299723405,2314.7709389036763,0.004174947136892929,0.897379395775578,0.19849271016423709,15.410875481229265,0,0.06661127177956878,0.67,0
1.5250238357196444,1.493700942577402,0.11327658818740965,1.2671477662025827,1.7202541189522211,-0.0026298602970199216,1.281433198120239,0.6753892874380085,72.99411439381984,67.73404041513578,2.0270165654317216,63.680007284272335,71.78807354599923,-6.215676090899894e-05,0.7768694140618229,0.4054342966141334,174.92841409510393,182.3054369334241,4.079310945127312,174.14681504316945,190.46405882367873,-0.002659111376156107,0.4215711014339424,0.08604353013427732,2169.1624327924033,2393.6082446146,49.12587828563707,2295.356488043326,2491.8600011858744,0.00887209266440002,1.4727938248104546,0.5214634716940875,163.75070918777413,0,0.3376232035020225,0.33,0
1.3491997641210371,1.393468805987737,0.16135456038087986,1.070759685225977,1.7161779267494968,-0.0015196132380768629,1.0819024402281259,0.4571617185000064,73.18069594833392,79.8747895375104,1.5454333478140794,76.78392284188223,82.96565623313856,-0.0007689258257309588,0.022661168381556573,0.012674600548742322,185.93426895252438,164.29420672625437,3.407829983274132,157.47854675970612,171.10986669280263,0.006183098710714876,0.5798368105972389,0.16343362208248527,2176.8677629059353,2003.6449235203982,50.416339270000535,1902.812244980397,2104.477602060399,0.0077748136386288245,1.0234306826455464,0.2600997751866622,168.24984441538902,0,0.6542736123473072,0.67,0
1.6518845560044042,1.5753139305652144,0.11447591572694216,1.34636209911133,1.8042657620190987,0.0007854932532191507,1.2186839256046684,0.6330256377163255,75.13736141930107,77.48682755081701,1.6244801159302171,74.23786731895657,80.73578778267745,0.004129263349138548,0.4681378738606231,0.14391571409114035,170.1608493845371,183.13028954314458,3.5398102861553427,176.0506689708339,190.20991011545527,0.003230226717143658,1.0054800987461725,0.5635238307335229,2144.5912651757626,2022.0116354711286,28.198000419649517,1965.6156346318296,2078.4076363104277,0.0020197020803415225,0.6489223993080685,0.18878512925110272,136.7488695715614,0,0.45327609174082184,0.67,0
1.404900980511523,1.3646439895566707,0.1372922443684146,1.0900595008198415,1.6392284782934998,-0.0025304464559594425,0.41388382960215464,0.4780775113194322,72.73391530524508,82.10861105341029,1.102445138275203,79.90372077685988,84.31350132996069,-0.002940092595184835,0.1342175744736261,0.06184604709604584,187.3565748887997,194.88650781365877,4.5874350930462615,185.71163762756623,204.0613779997513,0.0019357415803045329,1.2466266110348927,0.7039639179759853,2200.0279996169847,2079.3155129535357,58.049315587944285,1963.2168817776471,2195.414144129424,-0.0033803535764680478,0.02895662507679997,0.016973084513503944,183.23481344376518,0,0.7055504654346145,0.33,0
4.545123824476868,3.487144117832214,0.2272149256366679,3.0327142665588784,3.9415739691055496,0.08169041377206247,5.27076582712308,0.8400671384527613,82.54444350109796,81.4755689180679,3.6276738049852204,74.22022130809746,88.73091652803835,0.04158053367338407,0.7073114187283264,0.35802003516009956,178.01802239911774,187.00290175171216,3.9321390561047096,179.13862363950273,194.8671798639216,0.0061014144820885855,1.1493682091405684,0.36968032469034073,2146.166043626449,2362.607426100866,49.2522080228676,2264.103010055131,2461.1118421466012,-0.0020089751347081683,1.4810527084683,0.42960067959626097,662.4624402483332,1,1.9925864807585105,1.0,1
4.354516998884838,3.6290176373761773,0.5895201653428598,2.4499773066904575,4.808057968061897,0.10441986625037022,4.974667289109963,0.8445005700444294,84.0707914847548,83.2022023478464,2.4993327292177034,78.20353688941098,88.2008678062818,0.05299211376657231,1.1889957449745612,0.3747380850695178,186.05121750253437,190.59983217345808,3.291276748536969,184.01727867638414,197.18238567053203,-0.0005533268427866473,0.5061814184463435,0.2775268106525897,2155.1678886342397,1973.1461391693836,36.704041264606204,1899.7380566401712,2046.554221698596,-0.0018741102831090306,0.5918584729783857,0.24383162521559598,451.4454749777394,1,1.9435946417686707,1.0,1
2.9361853429797673,1.9051801099923378,0.3313035739921382,1.2425729620080612,2.5677872579766143,0.02966453379361323,1.8765693407360158,0.5229281239627427,78.0166214974951,70.32611453881296,1.7802830906030536,66.76554835760685,73.88668072001907,-0.001638093330327579,0.20033739879522527,0.07927528977467573,183.65982068697159,188.4211894965557,2.6174571357653793,183.18627522502496,193.65610376808647,-0.00023989966959280014,0.7244300448249984,0.23129524179146818,2216.2742556162307,2196.224270131831,42.40359180663471,2111.4170865185615,2281.0314537451004,0.006273724186688268,1.2718862434176164,0.6368723050346036,357.58452572109184,1,1.0677132169391914,0.33,0
1.4519883115091807,1.4867192067382669,0.12673863409358047,1.233241938551106,1.7401964749254277,-0.0015492245068203655,0.819418657185426,0.307741214124027,76.57025317092011,73.73190463548772,1.9183281951737488,69.89524824514022,77.56856102583522,-0.004578161481792299,0.1797609923118058,0.09917576745902602,176.83016687185,187.84326846205082,3.145872677578254,181.5515231068943,194.13501381720732,-0.0031511603682321952,1.0488641028682109,0.4777464426415519,2121.4762477316017,2223.5723144173403,52.544652918468884,2118.4830085804024,2328.661620254278,0.006849341116809554,0.5013950621688138,0.277020677249583,315.6938419544396,0,0.7078908110499444,0.67,0
1.5349821840372522,1.4435899314929905,0.1723287654276114,1.0989324006377676,1.7882474623482134,0.0008976165076873077,0.8956865657663238,0.23804455936772428,78.69787723712372,72.50769106000347,1.3854827901938218,69.73672547961583,75.2786566403911,-0.003873420288319224,0.026452243578519552,0.011138571737220992,171.5262473757357,167.31810663383874,4.6400078252976105,158.0380909832435,176.59812228443397,0.0001457595616250634,0.7458814739227072,0.1671973487537232,2148.7552550309565,2235.4170456860716,55.1802385343974,2125.0565686172768,2345.7775227548664,0.00324186388854895,0.5138132484890263,0.2972940675267103,100.39138419653801,0,0.4389669508158741,0.67,0
1.6873908921275218,1.4418700566392486,0.10958048265101404,1.2227090913372205,1.6610310219412767,-0.002133956976992628,0.15809230208483077,0.07684830057605739,73.54875316272572,81.24977900985186,2.079257509940607,77.09126398997066,85.40829402973307,-0.00023997265799667087,0.9618392153316375,0.46156688853379974,184.48349744628533,176.65278770730092,4.933512277947203,166.7857631514065,186.51981226319532,-0.006867633107887678,0.475605927067368,0.11267950384641205,2204.5451928603816,2174.856941110199,56.25052489132383,2062.3558913275515,2287.3579908928464,-0.004388606401608623,0.5065855994782794,0.14630862755646762,336.3029723014145,0,0.603556188718039,0.67,0
4.527328952706194,3.8060709966841393,0.39901594085844083,3.0080391149672576,4.6041028784010205,0.07046801090572839,3.924727736902189,1.010343409210721,80.14601923315011,79.4000018624604,2.0969819421060527,75.20603797824829,83.59396574667251,0.02426949711040597,0.6441067961568147,0.2065665166635451,180.05570781524378,177.80329652117138,5.425390747686806,166.95251502579777,188.654078016545,0.006178910959110771,1.1566842237778299,0.5342264933888339,2146.4473160175476,2020.023019151946,39.88298649031928,1940.2570461713076,2099.7889921325846,0.0015982591295948861,0.05635663559836107,0.014153784208320157,423.73656096698437,1,1.2000151251819762,1.0,1
1.5908060091430354,1.651624780140117,0.1381411903402435,1.3753423994596299,1.927907160820604,-0.0013370640294427377,1.4805957063523116,0.29197876677494844,74.45046481124905,79.46422433198816,1.988220599474546,75.48778313303907,83.44066553093725,-0.00023550853946773022,0.5739579905000485,0.3389968152498003,185.9743183555822,197.00384485036855,3.1923724124173964,190.61910002553375,203.38858967520335,-0.0021596648467051218,0.6855651795813149,0.1645864858013096,2219.8604155065823,2276.332446868415,46.68012875109333,2182.972189366228,2369.692704370602,0.0053152374199141525,0.4410436839110597,0.23586295677974936,185.88803394584653,0,0.44188093857344246,1.0,0
3.9722545837244487,3.718817334702573,0.46971742948000983,2.779382475742553,4.658252193662593,0.14799554473582782,3.1944607269615646,1.21744038532522,83.90008958793098,82.10721850032763,1.8568699221064915,78.39347865611465,85.82095834454061,0.06684195825029772,1.1927714869737585,0.6835282414222739,187.6176265611452,175.43546691514467,3.5862981118784196,168.26287069138783,182.6080631389015,0.001851059449708705,0.3792561010354339,0.08605846018960357,2229.2157083217653,2118.81651629815,34.00033228881835,2050.8158517205134,2186.8171808757866,0.004196745571158011,1.0790822333622305,0.2279546137924029,554.1938102696186,1,2.0147793531050304,1.0,1
2.703273733175471,2.205888604912241,0.3465065682586547,1.5128754683949315,2.8989017414295506,0.02844134272391248,1.5229350800852348,0.8083151928045141,75.31618779715357,81.58653447055725,2.2447827499868014,77.09696897058365,86.07609997053086,0.010438729929375723,1.3426000844043213,0.4795503089785175,177.8683659256587,198.98587226939833,5.827072045765784,187.33172817786675,210.6400163609299,0.003794004669878845,0.36692441107839907,0.18289435012670524,2112.816369880173,2324.0593547518847,48.13408372273865,2227.791187306407,2420.327522197362,-0.0010683838443493081,0.9260313764821007,0.33519032277273686,331.3924444844303,1,1.2769842953891826,0.67,0
1.5954553282169772,1.3168345818583596,0.07741914417727926,1.161996293503801,1.471672870212918,-0.003917451708375248,0.06444508921145375,0.09271508423182222,73.21401896583954,72.71659812537418,1.3092174821490372,70.0981631610761,75.33503308967225,0.009636333638709377,0.613034158072367,0.15300792977126673,176.28702379205194,190.80275386023905,5.960650340401959,178.88145317943514,202.72405454104296,0.0027225661121422135,0.970581082358969,0.22739686826881508,2205.6996794695847,2219.2706382620327,48.97481529266552,2121.321007676702,2317.2202688473635,-0.004363917139268374,1.0539670805536319,0.5453160815101382,192.4076672361361,0,0.3393131564936917,0.67,0
4.503565713237106,4.239494215484762,0.20720262224018182,3.8250889710043987,4.6538994599651256,0.14628103570740258,2.8936097201615048,1.0815022708369195,81.035633215396,76.69915869599124,3.694609214958707,69.30994026607382,84.08837712590866,0.02675482342471622,0.5498752612303514,0.28104443157322245,175.44648088467633,170.84597493579093,4.140687879125771,162.56459917753938,179.1273506940425,0.00399970950971025,0.4458567115629258,0.1426597218291366,2119.1844695781706,2321.2596213215093,56.23058743488782,2208.7984464517335,2433.720796191285,0.008553066862909627,0.27799526929307167,0.06438027526224939,553.5532836601953,1,2.2329517623102473,1.0,1
2.735569888980131,2.4999297629799684,0.3929073512287962,1.714115060522376,3.2857444654375607,0.034184508540208866,1.177602339854226,0.6679496848202391,75.83637792885781,72.44360223908126,1.3715176263684814,69.7005669863443,75.18663749181822,0.0042535969723032346,1.0319442601780635,0.5334972964988484,179.02279063103558,166.65284103725205,5.189637284824469,156.2735664676031,177.032115606901,-0.003633870689169215,0.36407248019787475,0.21723084319550579,2156.119132156855,2063.147603382992,47.191926960384414,1968.7637494622234,2157.531457303761,0.0016661526749501088,1.1413372094418603,0.6784235874881528,294.6897882882298,1,1.159615539711578,0.33,0
4.04126921110533,3.2346396259351957,0.3259673778355583,2.582704870264079,3.8865743816063123,0.05966448342877523,3.3039278374537426,0.7928708991825917,86.1550211893466,80.93304082537867,3.696684468969317,73.53967188744004,88.3264097633173,0.07973413402944127,1.2874216598475245,0.6112862590319972,177.1902687615245,174.5287505477616,4.853775419357772,164.82119970904606,184.23630138647715,-0.005766752552979797,0.19981488620494303,0.09050785164982363,2256.8657271182365,2052.9757003393956,51.37152387308588,1950.232652593224,2155.7187480855673,0.0053068548243656675,1.3092891323484968,0.523694176389462,693.8038176089393,1,2.0049245559755877,1.0,1
2.414261819475912,2.397825959917171,0.35739755019369557,1.68303085952978,3.112621060304562,0.03227808366656701,0.5714967889317293,0.9681834032400032,75.1826294572227,78.01433461184665,2.06021380089967,73.89390701004731,82.13476221364598,-0.0035583076928815288,0.24212548153136093,0.08445286044270968,176.51477649320287,194.5006002296386,5.022857107662205,184.45488601431418,204.546314444963,-0.008801312502900045,0.36181016194203447,0.09669609379508207,2203.995763187002,2416.636868535697,49.6061094990946,2317.424649537508,2515.849087533886,-0.003643646963270113,0.767853181904436,0.25173855424716873,214.67781803201493,0,0.8577284211935956,0.67,0
1.411557110615927,1.5500567071202949,0.08185179485812562,1.3863531174040435,1.7137602968365462,0.007547619963494272,0.21090870611479018,0.621117550605511,69.06649386251854,72.16541275420826,2.254168547366227,67.65707565947581,76.67374984894072,-0.0003243572052668056,1.434339295614231,0.7915047049971218,172.72042540267097,193.05023669064624,4.383502005285091,184.28323268007605,201.81724070121643,-0.010620135379394255,0.9443510927531575,0.4434060645372693,2165.499370009271,2059.4754060085515,39.223994849907406,1981.0274163087367,2137.9233957083666,-0.0029560780962118688,1.095840121346198,0.642363147235701,420.1633894044381,0,0.8022787021361534,1.0,0
2.934002215155878,2.5714585225609206,0.3948702149585617,1.7817180926437972,3.361198952478044,0.013559021434773536,1.1646198214799193,1.2843579533288376,74.72332943596724,74.9128808195207,1.3747334636772197,72.16341389216626,77.66234774687513,-0.0011639600019272363,0.06832523394802875,0.02187028184304821,183.636651424515,180.14621993445124,5.367075750336804,169.41206843377762,190.88037143512486,-0.0019910296185961167,1.4942178631862877,0.49580666967081966,2273.906061304974,2273.8782970787015,56.67253309436353,2160.533230889974,2387.223363267429,-0.008689612229828975,0.9700091297398576,0.5636931986091587,317.3802119340352,0,0.7240078783210746,0.67,0
4.666089492643964,3.6099596349162058,0.5127563651987559,2.584446904518694,4.635472365313717,0.1265858643884742,3.8170263891595484,1.0631192172299342,85.992292314501,76.43688303146783,3.2121012621857457,70.01268050709633,82.86108555583932,0.06375858802863237,1.314658034464825,0.6211998112999216,180.11101967271318,171.04744310851117,4.758265015456323,161.53091307759854,180.5639731394238,-0.00417161522745791,0.60798804097043,0.18705641469477557,2238.201489078643,2063.8583602910576,51.294762353081836,1961.2688355848938,2166.447884997221,0.0037209285515751728,1.3454929340466166,0.7244802454470026,577.9650718588106,1,2.4431794459673695,1.0,1
1.6152923156500443,1.6313621652720147,0.08816478283135971,1.4550325996092952,1.8076917309347342,0.0023879440977650243,0.6077731557014416,0.16842918951355132,73.16547671564543,68.21997056946137,2.2474708637027483,63.72502884205587,72.71491229686686,0.004515290833684665,0.8905126115968527,0.4651701792903519,175.1861257436647,177.34309081998393,4.42830467844211,168.48648146309972,186.19970017686813,-0.003693693626524638,0.7902043782839048,0.3278425778198875,2168.64860740848,2209.913794704254,50.331123489272485,2109.2515477257093,2310.576041682799,0.001841760019204856,0.03753765234579992,0.016075787644171613,35.386098006646435,0,0.06391099434034712,0.67,0
1.425996304641223,1.6172845578292723,0.1796928620758801,1.257898833677512,1.9766702819810325,-0.002824757633276102,0.7520816520073261,0.23147237737982465,76.25827059651557,71.27280175244633,1.7215914272096784,67.82961889802696,74.71598460686569,0.003579585702427826,0.6991791289016385,0.38656209487272003,174.39800944049597,179.51476576424693,5.857673088993716,167.7994195862595,191.23011194223437,0.00016057727716160307,0.9896166424041907,0.4209287075135954,2254.3803492599477,2007.7307907603056,57.89393249254867,1891.9429257752083,2123.518655745403,0.0020783168626930314,0.37520093572386637,0.12224980593059841,297.5843373160487,0,0.6593015782314359,0.67,0
4.135932768351101,3.9417157273720718,0.4161115572749684,3.1094926128221347,4.773938841922009,0.057928028463119174,5.366438616576904,0.9970715441644544,85.56013909066247,78.12924168421398,1.9443266968432482,74.24058829052748,82.01789507790048,0.02908673131612144,1.2604793150452855,0.5417936457598779,176.21838287685713,196.08329449261225,4.553183713992819,186.9769270646266,205.1896619205979,0.01135724872711398,1.2429793591774339,0.6381304685095127,2179.780128840802,2108.4501007163963,45.3225829068372,2017.804934902722,2199.0952665300706,-0.012661230426098426,1.4039058723728393,0.6582918495141667,667.3386907996743,1,2.252577547145656,1.0,1
1.2896972256528185,1.584592725258464,0.09709853279991036,1.3903956596586433,1.7787897908582846,0.004373698107901286,0.10943979586943225,0.049201302831919494,74.38370474109372,73.98740922390223,1.6089427488917036,70.76952372611882,77.20529472168565,0.01092115300877451,0.16795945573048993,0.04306814282822492,177.9084029002927,163.49230540529757,5.003736243750719,153.48483291779613,173.49977789279902,0.007392569392867714,1.0694382233392892,0.6140039597203474,2147.669044595325,2013.8107700225983,27.928219351791412,1957.9543313190154,2069.667208726181,0.006881159853177863,0.4099685379805794,0.13081601593065606,108.80472147959446,0,0.25643511522937235,0.67,0
4.703955873583508,3.7361549253762165,0.5207360673811223,2.694682790613972,4.777627060138461,0.09345309633044954,3.9089751674257327,1.1565051777028643,80.10493155983477,76.11681459866567,2.3829292167542357,71.3509561651572,80.88267303217414,0.06537153404640683,0.4368372773079697,0.18265326038262483,174.57894960110093,191.90043796745164,2.7046029553290696,186.4912320567935,197.30964387810977,-0.0012134937391264087,0.25203007828901786,0.08617385113333596,2105.499491440853,2170.3594022662637,30.311001953356836,2109.73739835955,2230.9814061729776,0.001038016757003129,0.896712020102271,0.4177742581311672,599.3642745277732,1,2.1114268635735507,1.0,1
4.426276622913582,3.411616664303624,0.3172590921044053,2.7770984800948133,4.046134848512435,0.13963358185211197,2.8606671324643167,0.7068260098431365,79.39131398140852,75.11651123782869,2.0354450442155136,71.04562114939766,79.18740132625972,0.05498249365818153,0.6059226690013144,0.2583820072437001,173.7924938452544,174.44446858043935,3.4382227428800674,167.5680230946792,181.3209140661995,-0.006402146762481416,0.8280707712779704,0.3100716067979404,2287.739709099218,2101.391147896309,55.396379156426946,1990.5983895834552,2212.183906209163,0.0019956805717603544,0.7311467973742705,0.40784895778590874,630.9491792662247,1,1.7527775558100034,1.0,1
1.4091129042563428,1.3683237648966087,0.07548883606451214,1.2173460927675843,1.519301437025633,-0.0018069582028395741,0.8795287017377085,0.030420403772039323,76.3488096021139,76.97167541794747,1.4121325024291167,74.14741041308923,79.7959404228057,-0.009184915806125727,0.4537831387707996,0.1678047394915461,182.80253115070784,163.13413791505258,5.329934786795974,152.47426834146063,173.79400748864452,-0.001665014859931548,0.44570792935195075,0.11588802840612385,2113.8722586059857,2101.2932173037057,37.17655391917446,2026.9401094653567,2175.6463251420546,0.005434090150344453,0.7020010516219839,0.3213916939259207,155.9211491724372,0,0.311439603839579,0.67,0
4.283753467759362,3.490202095804478,0.26050571378507037,2.9691906682343374,4.011213523374619,0.07846747388464637,4.7529918207837,0.897384891512798,84.4223257273522,75.73007596794227,1.6432696215013896,72.44353672493949,79.01661521094505,0.02613993077204379,1.0199562219077385,0.4315940817085512,180.93429851116034,191.7494096636775,3.76583129118265,184.2177470813122,199.2810722460428,-0.0028092104967584954,0.7683908458143908,0.3034759055177708,2223.968047671471,2272.76379892836,26.761302652713237,2219.241193622933,2326.2864042337865,0.011718270264063125,0.0943612140270359,0.025943551074873405,447.3404210154208,1,2.166358764241016,1.0,1
2.75225836934506,1.8271500985308486,0.38997108111441975,1.047207936302009,2.6070922607596883,0.02725461825552008,0.7816237241859989,0.7639515303140955,72.58303559146185,77.15099426863131,1.0893564485935991,74.97228137144411,79.3297071658185,-0.00569122973029965,1.3334874578344986,0.29600938816629985,176.4090061974712,167.43269422722724,2.5253834980530057,162.38192723112124,172.48346122333325,-0.00012859536090278364,1.4821019129417248,0.6870044504740338,2175.641640848543,2064.017916797606,47.716556354387485,1968.584804088831,2159.451029506381,-0.0005481292524385782,1.2605422580779782,0.3133993589185185,191.0480331307795,0,0.7223051728297876,0.67,0
1.3678592977087993,1.5028624650508433,0.07724205589172398,1.3483783532673954,1.6573465768342912,0.0011695745818669481,1.2395083913785543,0.18748341738768914,74.44279259355034,74.21381427431785,2.358457341692224,69.49689959093341,78.9307289577023,-0.0006713283671971038,1.1922593621582367,0.35978253107514796,185.23607190106011,174.47185829484326,4.371999043826144,165.72786020719096,183.21585638249556,0.00845825204198832,0.7099361059528295,0.1480161382251596,2140.1531036665947,2374.442438688306,49.692711896765175,2275.057014894776,2473.8278624818363,-0.005410257728961987,0.6161948029319242,0.30453542259144617,144.64393041748465,0,0.5727564386166233,1.0,0
4.375207490622953,3.604519771492132,0.5088608110463353,2.5867981493994616,4.622241393584803,0.0670462511581642,4.036330796843092,0.90187080219579,81.3521921278319,79.96601565596225,2.762015277192178,74.4419851015779,85.4900462103466,0.06764086701595776,0.7394143328311213,0.34970354715924906,185.36624700463,169.75821600555236,4.265760234191926,161.2266955371685,178.28973647393622,0.0008214738268528453,0.6682767217397418,0.39213636393781853,2309.81115710764,2234.470654397624,55.379286935581604,2123.712080526461,2345.229228268787,-0.005458125860795513,0.8746586359198469,0.42613864782863864,362.27009522642334,1,1.3201843721481865,1.0,1
1.2549503557919508,1.4586934084364702,0.09078676322151918,1.277119881993432,1.6402669348795085,0.005177825338887049,0.5225812666728202,0.10097207752136743,75.68926100926902,69.35984505519532,1.1349475014922068,67.08995005221091,71.62974005817973,0.01035627727077431,1.1983697516787797,0.7061529384365013,183.5573689369149,168.4781698566617,2.709235514058659,163.05969882854438,173.89664088477903,0.001716851748977375,0.555382175883645,0.15338918672388188,2237.7752453232793,2327.0025500450047,53.92899296253317,2219.1445641199384,2434.860535970071,-0.010166495555200635,0.5083907900353015,0.11990552922197492,203.15406401815181,0,0.3598749917264276,0.67,0
4.604780865185731,3.2367301441449623,0.4768202212158979,2.2830897017131666,4.190370586576758,0.06399873767217629,4.804132759081174,0.9183047482096658,82.86441311291017,79.0864408768064,3.991663141116686,71.10311459457303,87.06976715903978,0.02811303882277128,0.934411223945069,0.4696694801966923,174.99468893307784,167.2889964409579,5.578605238491167,156.13178596397557,178.44620691794023,-0.00290891016696027,1.0038285448873001,0.39502762881789744,2141.3060017795515,2186.552869934161,30.6510241922484,2125.2508215496646,2247.854918318658,0.009288511717688663,0.7076097562776587,0.2981787627236976,462.65029629411714,1,1.473139350786057,1.0,1
3.9657259274803875,3.7632612542700032,0.4273074465075073,2.9086463612549887,4.617876147285018,0.07746658697879054,4.3588541832931025,0.9490783299272663,81.25332447802349,80.55920928058518,2.966331962589285,74.6265453554066,86.49187320576375,0.057903345099595036,0.6599201554910405,0.3006756946258866,170.17035502926512,168.4191985105991,3.6298342770674763,161.15952995646416,175.67886706473405,-0.0012453592232652036,0.19992638712325972,0.11417761845776644,2116.3553049344214,2365.1944402674385,53.27850648381567,2258.6374272998073,2471.7514532350697,-0.0016203408760448509,1.1516469265715066,0.2828287707682491,751.1417340292209,1,2.2846222344742184,1.0,1
4.301685520520406,3.4285377815347395,0.23724110712235968,2.95405556729002,3.903019995779459,0.13972157579533268,5.09290320833428,1.1727194800107483,83.4982609295495,77.96767408415538,3.3422936292885748,71.28308682557822,84.65226134273253,0.07382661559715463,1.0577634874593091,0.5988273351803364,183.08820422755574,166.8546449352919,5.644939659844777,155.56476561560234,178.14452425498146,0.0014653623664934064,0.00759237576932803,0.002006841215103635,2164.2824290986814,2203.573314863258,49.92627274716375,2103.7207693689306,2303.4258603575854,0.0032827680431691485,0.3558736312452001,0.11749519512505228,714.1482886419708,1,2.044522768761379,1.0,1
1.5843108250771836,1.629549499400179,0.17053435236072895,1.288480794678721,1.970618204121637,0.0011728500996826682,0.2827256627514266,0.24217365765678314,76.20216547621553,74.62769640900085,1.9784029227418518,70.67089056351715,78.58450225448455,0.003929232065780751,0.4358912407494111,0.1743689193176072,178.06961509484898,197.71465964004835,4.369031184091764,188.97659727186482,206.4527220082319,-0.0027133044948703324,1.0866045004768363,0.23556436737137967,2179.583165967716,2173.6725520237383,42.046550481448705,2089.5794510608407,2257.765652986636,0.001276771710560018,1.3819120746733393,0.6175560417364585,155.86762931866318,0,0.3190111037300119,1.0,0
1.651667860716653,1.5832329233494293,0.1338202181945945,1.3155924869602402,1.8508733597386184,-0.004142016108741256,0.24428743745674159,0.3751852252690682,73.48975120310297,68.21745503200964,1.0962929207767225,66.0248691904562,70.41004087356308,0.006327614607092702,0.5430837752587372,0.311813126839273,177.892688513189,168.7229889974841,3.745406325336813,161.23217634681046,176.21380164815773,-0.0028017657802992158,1.3464210125135778,0.2897227281883892,2191.232091280258,2398.993114160822,40.77181950995438,2317.4494751409134,2480.536753180731,-0.002907215431713785,0.49723840988232426,0.28992111499188433,306.45091271101643,0,0.5792656171004746,0.67,0
4.235612858059988,3.5506487057295435,0.24841000019407722,3.053828705341389,4.047468706117698,0.09189477901874754,2.918095495234158,1.0943684750994196,79.28255748399941,76.51932845096033,3.86014170788542,68.7990450351895,84.23961186673117,0.060114358803374845,0.6607783622743887,0.33276863543079493,185.8808755261996,159.76374733087275,5.696504316516828,148.3707386978391,171.1567559639064,0.004765683169566225,1.0859595831991407,0.2695605436913881,2214.356208260091,2359.9235620959607,25.40973137558164,2309.1040993447973,2410.743024847124,0.0005427985288826157,0.6330513901914585,0.20132065009570585,579.647140855365,1,1.950359852754916,1.0,1
1.2871812007067076,1.5359704608521039,0.09954754088245275,1.3368753790871983,1.7350655426170094,0.008583813745921752,1.0929171625090952,0.022674463556875694,73.68591260545418,71.9130084849837,1.8494241826112043,68.2141601197613,75.61185685020611,0.0047794063784035706,0.7565052621819405,0.2170231645053514,176.22680911953157,163.2364741687893,4.85476042870017,153.52695331138895,172.94599502618965,0.0019238251088551101,1.473127110086367,0.3384669192573236,2144.315424245586,2189.3030569720745,30.044067085190413,2129.214922801694,2249.391191142455,0.005714798684591399,0.7397898137945217,0.1691214956494664,26.77310025183417,0,0.06548543040323969,1.0,0
1.3895083599738722,1.4445692474489253,0.1600037814650595,1.1245616845188064,1.7645768103790442,0.0044473547322587455,0.13585271025279155,0.018505693041363024,77.21187092391541,70.74962194926961,1.8811315374636666,66.98735887434228,74.51188502419694,-0.0010099999852930864,0.07569345484984313,0.023933812773748092,178.1180449761425,190.20526666103152,5.989979553771697,178.2253075534881,202.18522576857492,-0.006172028288808727,0.18315930634619149,0.08646569154884537,2121.3282580504742,2079.0409979260126,54.983523218404606,1969.0739514892034,2189.0080443628217,-0.006652844247600741,1.108358867211105,0.29020865133932927,244.986286292268,0,0.5529125213390474,0.33,0
1.982365849634339,1.6543241506392143,0.43756876804729766,0.779186614544619,2.5294616867338098,0.029568649947523624,2.2134598930117946,1.0632852924927205,75.12729812299304,75.51092046057596,1.6004424038902947,72.31003565279536,78.71180526835656,0.00645274112883979,0.0010752880598696724,0.0006180125348638607,184.32578275060132,166.8468251606521,2.8744694141111813,161.09788633242974,172.59576398887444,-0.0017229326786731673,1.079189951504958,0.5847347563390086,2192.073115379177,2067.3937972545336,33.87228136400166,1999.6492345265303,2135.138359982537,-0.009697027040709374,0.5717203230521033,0.2085297927580679,406.13691206827326,0,0.9709833973113026,0.67,0
4.130316595056453,3.2112024661818084,0.3944694616419532,2.422263542897902,4.000141389465715,0.06090136156409287,4.992254833522285,0.8304834059868986,81.12706966325462,80.36417995036443,2.3259191619075272,75.71234162654937,85.01601827417949,0.07152188727467443,0.5645529722488016,0.314551573753363,177.1750904448396,187.48644105011178,4.88889167568505,177.7086576987417,197.26422440148187,3.589233453970971e-05,0.9685875650265805,0.391530372591303,2095.6761170814457,2038.3795227572975,29.805501145044953,1978.7685204672077,2097.9905250473876,0.0015618910523328587,1.428580128598087,0.4736158087964678,723.895307299598,1,2.1773726897436854,1.0,1
1.4151280317573809,1.5433894041202778,0.07708693756548674,1.3892155289893044,1.6975632792512512,0.0030275646011791967,1.3515528754777164,0.118141889443206,74.68316753066357,70.9732568207855,2.156699196730859,66.65985842732377,75.28665521424722,0.004695049392609194,0.31251354651457164,0.11099389004694542,184.41295413039612,186.2744072965641,4.158823305472541,177.95676068561903,194.59205390750918,0.01099418519130642,1.3168035103657691,0.479134323054304,2217.167767419315,2164.1836996102556,35.18805427479806,2093.8075910606594,2234.559808159852,-0.0019729973336955696,1.391931273587672,0.32723485717029516,310.04260218614513,0,0.8079745363018886,0.67,0
2.6331368494147087,2.0830074561681053,0.427764965223905,1.2274775257202952,2.9385373866159155,0.040026760571266196,1.0548534696019582,0.9564526308738147,74.3644782119652,72.46927569342762,1.0788665889189357,70.31154251558975,74.62700887126549,-0.00021764733252333166,0.499035269539005,0.18729763950716166,177.92648806636515,171.68380576393045,3.2005397393727844,165.28272628518488,178.08488524267602,0.009815429423407523,0.47938413938999747,0.2093581576777509,2241.011619915299,2307.4427441855273,41.69471703823612,2224.053310109055,2390.8321782619996,-0.0017738426057938208,0.9321966339851768,0.4764933182984712,320.1761160009256,0,0.9145079970563421,0.67,0
2.5940719388482796,1.7132444123718562,0.231343051600625,1.2505583091706063,2.175930515573106,0.01978980318547709,0.7525669451691379,1.0115934868415501,75.83751992025499,73.75295704668467,1.7239651031996872,70.3050268402853,77.20088725308405,0.0009189968649671483,0.8578462836884306,0.48295482210283813,177.92805104017384,166.06429304473969,4.186982212065034,157.69032862060962,174.43825746886975,0.004850505470063268,0.10569101650043744,0.03289711693695852,2219.5183097197687,2102.06506023349,48.49565482474979,2005.0737505839904,2199.0563698829897,-0.00025084633816941233,1.1078085592138613,0.6056855616789879,427.2210439754364,1,1.1014321091901689,1.0,0
1.5045312913617144,1.3702477208731199,0.09319571107824698,1.183856298716626,1.5566391430296138,-0.0002036303937259235,0.44205662255793865,0.6709099545453815,74.2545793907605,71.93690814600488,1.9068557196253044,68.12319670675427,75.75061958525549,-0.00037327035985711945,0.8745127405969519,0.26767567834255496,185.7328341815152,171.78242396961306,2.915381751850397,165.95166046591225,177.61318747331387,0.0048530208830918535,1.2383719577171897,0.40664444829354984,2135.4569696726103,2344.2221595816713,42.823017311240086,2258.576124959191,2429.8681942041517,-0.0017055176395835282,0.9723702338191234,0.3872489122897338,277.57769433456895,0,0.7283821737910852,0.33,0
1.3183688950323498,1.5107561053293708,0.12043417717111389,1.269887750987143,1.7516244596715986,-0.002610171449208782,1.152413921699284,0.16084938412259547,78.83856260028892,74.21738326029889,1.4964779322203658,71.22442739585816,77.21033912473962,0.0022538520859313295,0.06904970421257783,0.04106456609198059,177.0293990572755,174.74708555143454,3.5287080891169795,167.6896693732006,181.8045017296685,-0.009140824639635699,0.17664598841492773,0.05866674799589851,2280.8679348722526,2315.7075091382485,37.231607358535925,2241.2442944211766,2390.1707238553204,0.0025092602467994543,0.8929661277651753,0.23954480342340326,21.490491610848533,0,0.06621616453844208,0.67,0
3.848120680382467,3.3486442257657507,0.3772134825350477,2.5942172606956553,4.103071190835847,0.11171059444286563,4.771598637944573,1.146228648514183,80.22184287529625,80.03114089920962,1.8593069425033772,76.31252701420286,83.74975478421638,0.04870946420643135,0.7732284734922351,0.3678009064918503,175.73348346586835,164.1808952543703,4.5495568935541435,155.08178146726203,173.2800090414786,-0.0077448026252673755,0.9566612127683873,0.5051429509810772,2212.898799061059,1981.91228784173,35.771981685260215,1910.3683244712095,2053.45625121225,0.004173756631624411,0.9204568544840757,0.5146956491901981,708.791483051574,1,1.9580692848294583,1.0,1
1.5018181834638176,1.3726559067498953,0.1416680217325938,1.0893198632847079,1.6559919502150828,0.005118804050686521,0.7407655712196087,0.2674671508447419,76.35941359326418,81.0407091838941,2.3617023222746742,76.31730453934475,85.76411382844344,-0.0017518292220790252,0.9558286752118765,0.29890874027307146,171.85763071236272,187.98763415192892,5.753217142314129,176.48119986730066,199.49406843655717,-0.006405781713993489,1.087664810012827,0.34843486537581947,2226.4072734852,2122.859695873018,34.02482778322574,2054.810040306567,2190.9093514394694,0.0009066183561845441,1.1199271974504383,0.47806130792725143,305.53514269367594,0,0.8265353809571696,1.0,0
1.3803209146707407,1.4502476943783553,0.16838855294174362,1.1134705884948681,1.7870248002618425,0.002408705162938129,0.3266978413556196,0.059498816511405435,75.15180204576873,74.03353033510157,1.9382724521877115,70.15698543072615,77.910075239477,0.0018832829605363946,0.9623045463683304,0.5577630864526951,185.58070506465467,194.58897294960806,5.051859025111551,184.48525489938496,204.69269099983117,-0.005332167375325883,0.8797558222086379,0.24508999593525493,2180.776594365029,2157.0292168118976,39.627819742407034,2077.773577327084,2236.2848562967115,0.005108254175288387,0.6085658829874974,0.1427988230582132,154.8443806361809,0,0.7687385942914114,0.67,0
4.556827804033553,3.9778214298318697,0.2843052397719625,3.4092109502879446,4.546431909375794,0.07367204758538329,3.7055983964401364,1.0297159938990068,84.97454694909332,77.57642975730413,3.680827856585441,70.21477404413325,84.938085470475,0.06015609750505009,1.1743372888123451,0.5101622355313535,172.7653396509857,184.47609682072147,5.984758118360222,172.50658058400103,196.4456130574419,-0.010086693990612057,0.8487776811160078,0.48100435001372527,2058.383703750793,2341.9198341836363,42.23284670454371,2257.4541407745487,2426.385527592724,0.008081500213609583,0.2884736591765258,0.111228088452712,595.3255730494075,1,2.3892947948071512,1.0,1
4.317833138538362,4.104467419815704,0.38092731380732003,3.3426127922010638,4.8663220474303435,0.1143577695196525,4.763356488369031,0.9763613969914594,84.23692141316499,75.55746745694157,2.1930477616243516,71.17137193369287,79.94356298019026,0.0295726808067913,1.4233027262280784,0.799234395971879,174.84211876564922,189.6351989008099,4.243685007585986,181.14782888563795,198.12256891598187,0.008637715850503557,0.3426821119969481,0.20510674664279532,2221.8161834837015,2418.111760935541,27.526944314271155,2363.057872306999,2473.165649564083,-0.005113962825992028,0.0459787533087091,0.013934925846834893,681.2178873875596,1,2.3287542570308952,1.0,1
1.3952080119282952,1.5537513471237197,0.1150154842072261,1.3237203787092675,1.7837823155381718,-0.004793518645717919,0.20618915862806458,0.7958710785101214,78.64193445053246,75.29049734437986,1.990081222128645,71.31033490012257,79.27065978863715,-0.0016816018591476053,0.5387989434648122,0.1551057509308025,179.2813681909598,186.75432763464732,3.949235083018927,178.85585746860946,194.6527978006852,-0.002101195374324886,0.9047417402053153,0.2568944688900877,2259.295412771493,2176.6673028942078,56.570675482134014,2063.5259519299398,2289.8086538584757,0.0007382592026872509,1.4162217006367193,0.7904735799571766,160.4886847074443,0,0.7972119132652774,0.33,0
4.461657300029636,3.660536989588513,0.2915501849933996,3.0774366196017136,4.243637359575312,0.10968518768877594,4.418115713576482,1.1872956015098244,85.71854640011597,80.65593540599286,2.107926156567667,76.44008309285753,84.87178771912819,0.07973786656993301,1.3312596866310955,0.7912147215622559,185.59228822423938,188.56757927305054,2.686717989461142,183.19414329412825,193.94101525197283,0.00977078716875143,1.016297420825527,0.35494090606683976,2174.712664786903,2423.7832819874952,49.39975320621332,2324.9837755750686,2522.582788399922,1.847835923923663e-05,0.9729584351532233,0.301729282781144,468.6619561089269,1,2.026722424874724,1.0,1
1.3483791644232297,1.4102831353772987,0.15118434571974113,1.1079144439378164,1.712651826816781,0.00042738625174148663,1.0826554159767143,0.1996257241243116,74.62188415829525,69.71742645664887,1.4289360513559861,66.8595543539369,72.57529855936083,-0.001616768347193577,0.24135792594525052,0.09733336495978939,179.0605288835568,175.6215710470683,4.465926811980162,166.68971742310796,184.55342467102864,-0.0025931250063219147,1.3076195657888359,0.657758457738609,2225.8500151256967,2298.886302214697,55.20968868831064,2188.4669248380756,2409.3056795913185,-0.0015606568377064362,0.8766621962109539,0.2501064174222813,144.01059825452361,0,0.609677162254188,1.0,0
4.469691049256414,3.245129053009041,0.22850269110610344,2.788123670796834,3.702134435221248,0.05121084752348875,3.590619499092605,1.2021632341072268,84.28131269594255,77.75223945540381,2.439287751390039,72.87366395262373,82.63081495818389,0.06647921187087091,1.1430880024252332,0.5697278439289407,177.7429517119968,164.8881631582075,5.1753043177760745,154.53755452265534,175.23877179375967,0.004980238429029082,0.9369953532813957,0.3305493376917728,2162.160245571527,2090.42530749378,47.53664887393957,1995.352009745901,2185.4986052416593,0.0027811500470032997,0.7954531998737375,0.17243873394167278,881.2248865447762,1,2.238328449150947,1.0,1
1.562807183831369,1.392019088078646,0.07664296838391692,1.2387331513108122,1.54530502484648,0.006355150497155702,0.7105366984360507,0.39691466804080056,74.34585313827243,75.69702069810015,1.7335638837599996,72.22989293058015,79.16414846562014,-0.008094112859932202,0.20231226961207155,0.042565068647770356,181.88614793297424,163.10155995126038,3.6824885999335635,155.73658275139326,170.4665371511275,-0.005885158157265356,1.0089731091485568,0.4393842679997421,2278.1177254686613,2098.1895657533923,39.21043876658767,2019.768688220217,2176.6104432865677,-0.00016534000680883934,1.4770283308728587,0.7506195106315593,270.59164642312675,0,0.46146118312788703,0.67,0
1.5023107022336402,1.339947902877928,0.1323826799592777,1.0751825429593727,1.6047132627964833,-0.006548659871838161,1.0866906348771177,0.45047182248430645,75.9630152619826,79.11356563380834,1.6980208023476968,75.71752402911294,82.50960723850373,-0.00543739084056184,0.28601392013218724,0.12043583636961885,171.4582051688043,188.9940223004486,2.5925907691814847,183.80884076208562,194.17920383881156,0.00026010325219809875,0.5465524411501204,0.31450820577477695,2206.358695959714,2262.528906317234,41.754577029777494,2179.019752257679,2346.038060376789,0.006675563339020488,0.27919823155214923,0.08845157448296771,391.1998646821973,0,0.7651827135064866,0.67,0
1.6946649538836889,1.6116216380629553,0.15181934602790345,1.3079829460071484,1.9152603301187623,0.00044855284559658224,0.08334370907642691,0.451736580247408,73.67967182677287,76.95763594306561,2.190686264015589,72.57626341503443,81.33900847109679,0.002728053316904141,0.9624667456368304,0.5132694319304831,177.36380713841808,189.81817119359113,3.3281326990684046,183.16190579545432,196.47443659172794,-0.008025852212207663,0.4824776074543681,0.1291610936016067,2154.403002659417,2132.7369238877736,55.17865792286939,2022.3796080420348,2243.0942397335125,-0.0007878097777688865,1.2306428384391577,0.4511328514454488,137.96162790472061,0,0.28031261927616996,0.67,0
1.5014537506071863,1.6601545967510178,0.10136391198640864,1.4574267727782007,1.862882420723835,0.004696430801055231,0.15868836718730456,0.48079025469819014,78.19195048029852,67.81196954325736,2.0721744430473654,63.66762065716263,71.9563184293521,-0.0054849172181650205,0.4849153837022428,0.1433572540439906,177.95165466838455,168.34274467250626,3.7445998681901087,160.85354493612604,175.83194440888647,-0.003883681041235743,0.541260029174695,0.2810206422546439,2184.8367144711497,2156.8619609794196,37.26180315738464,2082.33835466465,2231.385567294189,0.0039277433456820065,1.3165317742182876,0.6360277427315373,299.2934289152612,0,0.5956027873341301,1.0,0
4.048640225833019,3.8185400643651475,0.21341297389431177,3.391714116576524,4.245366012153771,0.10698896848713166,4.45092643567355,1.1002908100138624,85.32574227571313,83.48009127009001,1.8655161686924975,79.74905893270503,87.211123607475,0.07078713750407109,1.2823041872067649,0.4337350298209366,186.43487481924797,166.7300710471874,5.0278839893757326,156.67430306843593,176.78583902593888,0.004348029600528301,1.04092266670065,0.4341582032813322,2267.7818929402474,2064.1107821854953,41.170203127544646,1981.770375930406,2146.4511884405847,0.007480221557445915,1.420925009417723,0.3713453394503195,589.3336453568188,1,1.8576552825498056,1.0,1
1.377702414499821,1.588741157715954,0.16297170059197807,1.2627977565319979,1.9146845588999102,0.0026239628775066087,0.24849475121461911,0.07656399144005467,73.243002418061,74.17982806624997,1.4794615787301604,71.22090490878965,77.13875122371029,0.003953088594199886,0.8511588768967093,0.2672530870168996,185.8280832455558,167.77565499717088,3.649252247965568,160.47715050123975,175.074159493102,0.006500882634065697,0.5586355442625106,0.28823620988181886,2084.7571413701858,2020.443896157215,58.81966881640886,1902.8045585243974,2138.083233790033,-0.006154892484026298,0.7655631099432932,0.4553192252189526,23.96944890763666,0,0.07469450603396881,0.67,0
1.614201353519027,1.6357913806529956,0.17909481793707102,1.2776017447788535,1.9939810165271377,-0.005294290044289972,0.8271067123588509,0.5859920806680113,70.63764952466865,68.45536623193443,1.8388759274295514,64.77761437707534,72.13311808679353,-0.000416661003121735,0.9534766067384082,0.4627233533410198,183.17682230585703,172.44464667431882,5.062419301437205,162.3198080714444,182.56948527719322,0.002463047434065263,1.4271082735652376,0.37169548735359303,2222.6381293924032,2213.0451063627897,51.68468675760032,2109.675732847589,2316.4144798779903,-0.0023549490513200162,1.0813246117621862,0.6475618146785898,193.90523958350917,0,0.638365801340337,0.33,0
1.785749976061537,1.3534285080127775,0.1739253933219505,1.0055777213688764,1.7012792946566786,0.001436339645603962,1.3217551327112615,0.041532180618537105,74.92417064373446,76.4022241230085,1.3625945026194857,73.67703511776952,79.12741312824747,0.0032264847921552146,1.35250371844844,0.5027499327769033,177.87614182941587,194.4345714143722,2.993663217543045,188.4472449792861,200.42189784945828,-0.005523341780510533,0.6178839418412441,0.16566595111857055,2226.7820112508302,1968.211145445661,42.552398343762235,1883.1063487581366,2053.3159421331857,0.014120835047013646,0.37153031766990197,0.1761293269416924,162.0332689954197,0,0.3363742604477324,0.33,0
1.4424567101994727,1.6368496125615684,0.17041946577799524,1.2960106810055778,1.977688544117559,-0.0024563151383066094,0.3642664545006715,0.16598544969152654,75.59904083883232,83.1568136451182,2.2888625179159034,78.5790886092864,87.73453868095001,0.002141271987584316,1.13332158876204,0.5324361954233487,191.68373227012498,164.25860894050916,4.403220580939599,155.45216777862996,173.06505010238837,0.0055158696939681985,1.2853319313080354,0.6764710116111466,2198.3990597756465,1972.9352036563976,31.12992218601524,1910.675359284367,2035.1950480284281,-0.007944948012388877,1.452616183036727,0.41436659602107373,159.90575967493962,0,0.5785831761193394,0.33,0
1.4294662000371887,1.4911955123041682,0.09845748558680377,1.2942805411305607,1.6881104834777758,-0.005676956619366157,1.3340821386348478,0.4089917241658648,69.7690620799923,68.13837112219822,1.0585871228361081,66.021196876526,70.25554536787044,-0.0033361161844332405,1.1191219002469894,0.3236501345930795,179.88880723082454,179.14531697544027,4.996038943625469,169.15323908818934,189.1373948626912,0.003211459968016508,0.6333888914806155,0.33152377103387226,2207.9195977876234,2134.023776494994,48.725433690610885,2036.572909113772,2231.474643876216,-0.005028564902112605,0.31906994242769454,0.0930604737900464,191.0543142400344,0,0.5931430157283006,0.33,0
1.6671659497500635,1.3555772986939105,0.10529128309020974,1.144994732513491,1.56615986487433,-0.005558136652405738,1.3567123015661615,0.08743113376436322,73.66951568450071,72.36960402642937,1.1468026201310992,70.07599878616718,74.66320926669157,0.0018747200427984732,0.6834249462632387,0.19935638895145602,175.25037678101873,174.78857699480014,5.199931541451132,164.38871391189787,185.1884400777024,-0.0006405604755873469,0.9398835775083509,0.4029251392676733,2193.288630803303,2030.9102153047384,39.7161028292106,1951.478009646317,2110.3424209631594,-0.007217942247063825,0.4840528061084036,0.2047456341544294,91.5476995893883,0,0.2575477807562301,0.33,0
2.307962229651695,2.203040861673621,0.4237578670569552,1.3555251275597107,3.0505565957875316,0.016415755000245807,1.9162946691971143,0.7368722099518327,75.21445857683831,80.0223781741798,2.0360503229778475,75.9502775282241,84.0944788201355,-0.007085382789609112,0.21158969923844562,0.10235218811629808,187.27621320410233,192.94313230139605,5.147671875941443,182.64778854951317,203.23847605327893,-0.0036451821401326905,0.16586878060298915,0.08879538493467475,2292.4054552052776,2415.5170804136515,56.54284080422263,2302.4313988052063,2528.6027620220966,-0.0013795510620101534,1.2771580444966715,0.7184035644229181,371.7814048275344,1,1.056462782965255,0.67,0
4.423420552038497,4.1629423281878575,0.5708711277917811,3.0212000726042954,5.30468458377142,0.07346420818554536,4.141801403845742,0.9096408557998867,79.89312009997813,79.53592706884956,2.8958971126733433,73.74413284350287,85.32772129419625,0.07052199766258528,0.409298253049323,0.18675763291766362,176.25410379685434,189.5277492684187,5.391236705883848,178.745275856651,200.31022268018637,0.0035405433834429525,0.05424057078714317,0.017424856176725807,2247.835115839729,2068.2264501642217,38.89435309759992,1990.4377439690218,2146.0151563594213,0.0025399566345627182,0.6708038107572535,0.2953131491664564,726.0739725926588,1,2.3952095651787424,1.0,1
1.519601234983893,1.4359500329978483,0.17903002633163487,1.0778899803345785,1.794010085661118,0.0027571826908777265,0.09165443472990537,0.17178076680372711,76.4516422960776,75.10787884441436,1.6663663561236444,71.77514613216707,78.44061155666165,-0.0009032669102286051,0.4047564072268165,0.19674873651466013,180.37075947965556,194.19585109274806,5.2007425801835545,183.79436593238094,204.59733625311517,0.0024365658152665803,0.7616659291043469,0.3430135425709143,2239.6370088152885,2316.2089884382344,50.795906702662386,2214.6171750329095,2417.8008018435594,-0.0016127435511331077,0.9933713212822204,0.4160696474779968,226.11573336841417,0,0.40914136741511553,0.67,0
1.2843769056739243,1.4413160619319694,0.09273912960241641,1.2558378027271366,1.6267943211368021,-0.0008196298837775798,0.9049234791758827,0.26847018056566735,75.80452468932876,77.51879271845642,1.2898011641812632,74.9391903900939,80.09839504681895,0.0007682456464830946,1.4835588626336935,0.7898207331964116,188.7409022903463,186.79462185202647,3.2630577448617846,180.2685063623029,193.32073734175003,0.0002066341593850158,0.567530404892868,0.28649808004702987,2227.748358249931,2224.282315838247,30.7802049238491,2162.7219059905487,2285.8427256859454,0.004575860753593114,1.4349901326363201,0.4155204102786777,54.31924152800544,0,0.14178876900873172,0.33,0
1.7093138259300098,1.3470562445056093,0.09194361091020872,1.1631690226851918,1.5309434663260268,-0.0005399962576282651,1.3931427573374198,0.37799123418040653,70.8989375488674,69.93504780835538,1.1563452557090623,67.62235729693725,72.2477383197735,0.009451914514337356,0.3003891784654551,0.0904339335845184,188.75986695232464,178.45202875884408,4.037721069539831,170.37658661976442,186.52747089792373,0.0024834280965224005,0.24975129060686851,0.0981556527815374,2166.6400600752945,2286.8399868618976,26.89709322265374,2233.0458004165903,2340.634173307205,-0.0038802869342140817,0.8816529644522519,0.44206028063977476,146.18503166523462,0,0.44067952726455367,0.67,0
1.5253993665995813,1.6165506912318173,0.1620632156099117,1.292424260011994,1.9406771224516406,0.00107517906068615,0.3196472717227197,0.14275112830183453,72.15203933235807,78.83067073532442,2.020449326609649,74.78977208210512,82.87156938854372,0.0030707384701886657,0.532922253887647,0.24873501568247242,181.8517224472466,195.97454084459824,2.8284011540847964,190.31773853642864,201.63134315276784,-0.0009380457232213998,0.43617027739958053,0.22801589036357872,2149.15527428812,2175.3407148320034,37.362253659716224,2100.616207512571,2250.065222151436,0.006879542096494867,1.1353895814412207,0.5813384248131575,33.95698161845898,0,0.1650323806725864,0.67,0
2.4799764491493694,1.7361842449661982,0.25280381038488536,1.2305766241964275,2.241791865735969,0.01404112985965034,1.8177108084536844,0.7572687772775992,73.58489542941179,81.54425538398151,1.3226927722921293,78.89886983939725,84.18964092856577,-0.005389529305757934,0.7378139391912356,0.1533503575240338,176.79657503251198,187.02743689669722,2.9451341622591043,181.137168572179,192.91770522121544,0.002979656735195832,0.5978388362161914,0.16025731002761798,2157.019324306077,2211.3854812124746,58.170648140220685,2095.044184932033,2327.726777492916,0.003666741163445191,0.5084548892592321,0.13079115187663312,404.91435334615625,0,0.885316539541878,0.67,0
1.4484711336176435,1.4499614774811125,0.09318636779213235,1.263588741896848,1.636334213065377,-0.006636420189390734,0.387938088729708,0.2584007950213187,72.6459592239546,79.95164707840763,2.1520344997571024,75.64757807889343,84.25571607792183,0.005292014540475878,0.2742031204339212,0.06848598106924617,182.63607242007558,171.45052822250975,5.6637516849613085,160.12302485258712,182.77803159243237,-3.694434940161795e-05,1.298919430198338,0.7537712044803347,2240.6920285325346,2108.2310931432476,51.38332581194306,2005.4644415193613,2210.9977447671336,0.005344592076190169,0.1108382178203009,0.045377094742599794,70.85879914883152,0,0.2846587811493411,0.67,0
1.3570014814895182,1.5177909156915563,0.12561806643976728,1.2665547828120218,1.7690270485710908,0.0032559488478769204,1.4231711617487794,0.21712497995281366,72.26173467523661,73.90465171430999,2.029678168160201,69.84529537798959,77.9640080506304,0.0016046787716043384,1.3551027826886,0.30059058764874086,188.17842493180837,182.56206103252939,3.6917223028498696,175.17861642682965,189.94550563822912,-0.005675597097056196,0.5147033302709492,0.20893934692294527,2156.663488333314,2329.171195505498,27.016818358945667,2275.137558787607,2383.204832223389,-0.004895902181387996,1.3957374328146515,0.3158961465937694,174.99347681260983,0,0.3524866435724697,0.33,0
1.5588412132313088,1.5395419858489554,0.16873864547463693,1.2020646948996816,1.8770192767982292,-0.004680752230374396,0.1579095933095077,0.5871673578701875,73.3807110805927,69.19325545621142,1.4648112158440643,66.26363302452329,72.12287788789955,0.004909109722193019,0.3656049930417148,0.19234067074301306,179.84322356311986,183.37399248798485,4.318624834153212,174.73674281967843,192.01124215629127,0.00782551702787122,0.3522540737212993,0.11178113793172684,2225.0166603660314,2243.0709577768516,28.13744438827187,2186.796069000308,2299.3458465533954,0.002734842365635999,0.4506302811459484,0.10053314260176675,291.1077572859864,0,0.8350317279360416,0.67,0
1.7780314517987779,1.5710803178447525,0.08126033490392322,1.408559648036906,1.733600987652599,-0.006112396126587789,1.4175536026254265,0.4049083457580242,76.05539300660024,70.33689572573617,1.5954276124686162,67.14604050079893,73.52775095067341,0.0018834742433819303,1.161091978574884,0.613308790142432,183.79848062219807,163.62427812035102,4.420358732015575,154.78356065631988,172.46499558438217,-7.769079368260248e-05,1.1944155164376757,0.5560932240570841,2288.157605732499,2310.6994806948505,32.002874913932956,2246.6937308669844,2374.7052305227166,-0.0074979804827968385,1.2231181734480316,0.500460899463569,159.97692214375186,0,0.5501345858639268,0.33,0
1.3535491021117845,1.682656221486635,0.09115561179265289,1.5003449979013292,1.8649674450719407,-0.003612983907007388,0.6500130455524846,0.18596337942379246,75.88163959781143,70.50607199829895,1.9291985535282716,66.6476748912424,74.3644691053555,-0.005935651661416621,0.09365142604201615,0.05136339137254376,177.21435055700795,184.85050926220063,4.2478845970987305,176.35474006800317,193.3462784563981,0.001236666508412619,0.9255813691563151,0.23523911263348135,2184.959293481258,2130.3875041376364,38.047196602625036,2054.2931109323863,2206.4818973428864,0.0008251263121935583,0.3640415976836019,0.14815991429605324,214.4078020016362,0,0.3990137078435358,0.67,0
1.5138768906410631,1.3502410069186759,0.1469281446732648,1.0563847175721464,1.6440972962652054,0.0026039715284637637,0.17886736697889177,0.7178004056806844,74.01423017523257,71.9252257639867,2.148038951171595,67.62914786164352,76.22130366632989,0.0029185570991197497,0.014212696892544785,0.002863271171043278,183.91888452827507,191.57103810859937,2.912672091370995,185.74569392585738,197.39638229134135,0.0014741534460484726,0.26585429665853016,0.1257202921682808,2190.213751045806,2216.00168465859,54.832254083934195,2106.3371764907215,2325.6661928264584,-0.009128075892823231,1.0613077344220105,0.476265310547975,115.1203607036625,0,0.2889471870513074,0.67,0
4.181888504089144,3.791924114511892,0.544945483498698,2.702033147514496,4.881815081509288,0.1449520623657642,3.03949684114405,0.7772135774877449,85.6994071887112,77.76306186461021,2.701925814971827,72.35921023466655,83.16691349455387,0.07880195451712863,1.1951042554273692,0.5351502707576301,185.6133884239901,168.48344863527095,2.951079026687272,162.5812905818964,174.38560668864548,0.0018329912304842415,0.27282012659871724,0.09228602211872386,2153.006010683632,2359.801009663612,31.730115658303475,2296.340778347005,2423.261240980219,0.002520232577589222,0.061302924399718295,0.016403070239933478,365.70589409461047,1,1.430113629559771,1.0,1
1.6783035262593822,1.3976860882806401,0.12761740231976407,1.142451283641112,1.6529208929201682,0.00574102392328245,0.3977076055620643,0.2384697971267141,78.36876665636308,74.22928817817619,1.393870037128981,71.44154810391822,77.01702825243416,0.0017742827012888877,0.1428271186041124,0.04304397795479997,178.46027971837478,180.34509431210094,3.897795890229755,172.54950253164142,188.14068609256046,-0.0028524234282053863,0.259559649208014,0.07190816468385101,2176.033347801756,2315.4857465842324,44.0495163005289,2227.3867139831746,2403.5847791852902,0.0006450137900689187,0.5363458180494072,0.25535539377263394,121.72310179911833,0,0.3132490279716398,0.67,0
1.4162886101571157,1.443646400034404,0.17119965054775818,1.1012470989388876,1.7860457011299204,0.010551713260481889,1.2430424133660027,0.08682714974384291,73.75037759092822,75.63245007462339,1.7408442344545891,72.15076160571421,79.11413854353258,0.003996232287586226,1.4407196273414662,0.33979922467276724,180.69831063843247,172.90373216790263,5.76780140892895,161.36812935004474,184.43933498576052,-0.004128935626272534,0.5010010782398908,0.10737641369369529,2237.972108691129,2324.3995260033453,27.688385967397217,2269.022754068551,2379.7762979381396,0.006431260432274294,1.1295864148723642,0.554186930314752,358.4764904613989,0,0.6344256168042898,0.67,0
1.5390627910156645,1.4973316070616918,0.11291943929610107,1.2714927284694897,1.7231704856538939,-0.006592006912367332,0.31242837909635046,0.5935668762496729,76.20182756483067,81.70168180763793,1.0512536021790813,79.59917460327976,83.80418901199609,-0.002104667822918829,0.6542206498736173,0.16161005207421644,185.82549706532595,184.00165748539047,3.7218644040735334,176.5579286772434,191.44538629353752,0.0005676074823897086,0.6326982289267964,0.2344690553066703,2212.0539488202908,2374.150331640377,32.829246766764996,2308.491838106847,2439.808825173907,0.008350469502915446,1.0853389379916278,0.4809457105351252,219.98171376831473,0,0.5492167519955711,0.67,0
1.5621412826270402,1.3638343349468707,0.16185460499575877,1.0401251249553531,1.6875435449383882,0.003572748807317529,0.17047689196752502,0.0376344123550904,75.61810887620858,77.49962330359641,1.26781044388295,74.9640024158305,80.03524419136231,0.0015062124004569508,0.4099943746869944,0.18701439886852567,185.7233249212437,174.17371811075506,5.947030791206949,162.27965652834115,186.06777969316897,-0.001879641227356782,0.04122779224405643,0.01275910319696747,2213.0592270639813,2088.8955119745947,49.46246813308259,1989.9705757084296,2187.82044824076,0.00829434847227665,1.4991886007796031,0.7256923662654845,404.0872734459227,0,0.8006920121522075,0.67,0
2.702679067070598,2.3223451673404534,0.3122234776257298,1.6978982120889938,2.946792122591913,0.027030464597212207,0.9806457614896613,0.4874629878103033,75.53063774089644,79.14543852288858,1.388326138666622,76.36878624555534,81.92209080022182,0.009155885677829437,0.713838766244236,0.27718651158170143,185.8757891314707,177.62859408014734,5.634320421332891,166.35995323748156,188.8972349228131,-0.0044492238547057085,1.364040490087452,0.6270454482118993,2151.9610220877553,2021.8279611586643,50.739490892745096,1920.3489793731742,2123.3069429441543,-0.005172989798033274,1.2894658658480942,0.7430606629431136,230.7775091639559,0,0.8858634908344294,1.0,0
4.214456222417734,3.6372011927099503,0.2835530896020655,3.0700950135058194,4.204307371914082,0.08687071708647952,2.9568482706169443,0.8941519593932677,79.14266265140604,76.72543735419329,3.573231728359416,69.57897389747446,83.87190081091212,0.07102088006719372,0.3906180245070825,0.1420280170082156,178.14704738463774,196.84135170336458,4.872346201085155,187.09665930119428,206.58604410553488,-0.007768793830080322,0.20490135547675892,0.09438901917708957,2240.8944829012516,2287.1417031852156,49.96224091489162,2187.2172213554322,2387.066185014999,0.008213364766279816,0.29882291234107966,0.16617123834720132,432.0860177732784,1,1.6781217840829987,1.0,1
3.9315025718310483,3.470341725503771,0.5359209142542469,2.3984998969952773,4.542183554012265,0.0883832951933044,4.769672217361471,1.0002329423942729,83.15827020646648,77.95521461135809,2.4028270929806372,73.14956042539681,82.76086879731936,0.021571802511923886,1.1479434032387787,0.352714253703171,177.36111567877032,181.8079940724711,5.792377357903691,170.22323935666373,193.39274878827848,-0.0023301825093412112,1.3090953757269028,0.7026876107279463,2120.2648466366604,2044.3358713167077,29.671799034558035,1984.9922732475916,2103.6794693858237,-0.014361311066408247,0.12090227063568698,0.059384260166376025,529.1205040843828,1,1.7679059133997335,1.0,1
1.3947401274273683,1.4348692377806245,0.1689201958366161,1.0970288461073923,1.7727096294538567,-0.0024561220730855643,0.2656450414411257,0.05575758494460651,76.34901006630965,82.29870836818056,1.553267742037577,79.1921728841054,85.40524385225571,-0.0018162459112641522,1.348833227962091,0.4104106337700357,180.5749268418864,190.41188322022703,4.510242746063573,181.3913977280999,199.43236871235416,-0.00238703115798908,1.4634495980482582,0.6484681116848029,2131.2800375762936,2286.3905137388265,49.60223493216888,2187.186043874489,2385.594983603164,0.005600283189498915,1.277206520830316,0.5146445145012578,126.42564427387785,0,0.3222291736787175,0.33,0
2.172302617385064,1.815200321598263,0.4446158818571785,0.9259685578839061,2.70443208531262,0.020273262982682345,1.5343007245677545,0.6044551767873103,77.6843602624897,80.63641654034373,2.1467502566487626,76.3429160270462,84.92991705364126,-0.002811028481101319,0.47251241278466105,0.20328419720585172,180.28848611082893,195.1485099952941,3.2041053848986523,188.74029922549678,201.5567207650914,-0.0034708836794267593,1.3837483444537546,0.7486998199812539,2173.600298911719,2222.2235472939533,33.86893376457804,2154.485679764797,2289.9614148231094,-0.002507347116792369,0.19771556024618875,0.10966013553523192,405.8120530608563,0,0.9537210454354522,1.0,0
2.6831262261691964,1.8452787120046448,0.33062284398465985,1.1840330240353252,2.5065243999739644,0.038812916659142396,2.408895389705977,0.8496166220225597,74.8462876199059,72.44096738141192,1.1046442650908417,70.23167885123024,74.6502559115936,0.0022561300806804943,0.6910274602232007,0.38443906688597107,179.06996152853952,193.29306626961963,4.042992894458806,185.20708048070202,201.37905205853724,0.006304247599996549,0.050683726422372954,0.022162087765709607,2230.833198823556,2055.690682734445,36.69477441566607,1982.301133903113,2129.080231565777,-0.010600436075600872,0.16104167767600164,0.041589254083191717,206.28221998984264,0,0.9821494511972526,0.33,0
2.1076613263930692,1.7980889554558144,0.30177046628823456,1.1945480228793453,2.4016298880322835,0.03647670920631706,1.0696007484991017,1.0692805306670998,75.8370291183141,68.16553808958437,1.9186096003044315,64.32831888897552,72.00275729019323,-0.002175534253060694,0.4907874087433694,0.20360232184225335,183.1220756946626,168.82939523917557,4.123404061358213,160.58258711645914,177.076203361892,0.0020243284648180475,1.1622416499819321,0.38927170232329217,2175.768571769996,2249.974319093122,54.07041637900579,2141.8334863351106,2358.1151518511338,-0.006705307094819023,1.2613334650672274,0.27756602676287645,294.10267152506174,0,0.9220021243450188,1.0,0
2.8110623340335663,1.7389603799943756,0.3314329031438326,1.0760945737067105,2.4018261862820407,0.04208250237243213,0.5298205283096158,1.2085641220415082,73.74491999451186,75.19243343092852,1.45856617931389,72.27530107230073,78.1095657895563,-0.0009184698318829645,1.483611698210557,0.6944867583073723,181.68504900449494,177.27703656001572,2.8974409034522286,171.48215475311125,183.0719183669202,-0.0047320957364237574,0.17107544655809814,0.0580063286825899,2228.561210511812,2045.9968604848984,46.04786694465233,1953.9011265955937,2138.092594374203,0.00045963018503613186,0.2627622955562715,0.10234942066180312,282.87558594164426,0,0.7169588206299866,0.67,0
1.4831159206280733,1.4604203033433885,0.11887097464115662,1.2226783540610753,1.6981622526257016,0.0015469522122991011,0.30493433315393426,0.30012288109285457,78.2246230558071,77.08268010860765,2.291079613369959,72.50052088186773,81.66483933534757,-0.0068310579545111305,0.22755992325584762,0.0971180673416631,183.8434106844336,182.10643046081745,5.151344479464956,171.80374150188754,192.40911941974736,0.002366085329059915,0.531007414771864,0.3179091267385851,2230.819714526518,2157.6464279175757,29.250491550493123,2099.1454448165896,2216.147411018562,-0.001665198878694594,0.4223025601603415,0.09347675516842058,51.90998478604341,0,0.10919110736152407,0.33,0
2.614947656449645,1.6931827912898847,0.29169916307536436,1.109784465139156,2.2765811174406134,0.021205364751015192,2.102833621817254,0.6366027600508259,75.44785374789322,76.28765201207852,2.007258323838734,72.27313536440106,80.30216865975599,-0.006258017962323721,0.8117820837855365,0.17005742331264465,175.11110894520576,165.00398096480066,2.808442993251952,159.38709497829674,170.62086695130458,0.0008769306226997344,1.2694770191713105,0.625751003597673,2258.9126423774,2163.9303716985764,42.92081861880658,2078.088734460963,2249.7720089361896,0.008916354051979184,0.8476106872201579,0.4911751085311739,576.7777606323804,1,1.2254302219353637,0.67,0
3.9313483448594906,3.694394430959372,0.4515771387119536,2.791240153535465,4.597548708383279,0.1377472013527053,3.0464740273225606,1.0859122979970401,84.77610697788637,76.73466796209792,3.40147540393806,69.9317171542218,83.53761876997403,0.06841008435603584,1.270910471402625,0.7589261485048273,171.06164194034108,188.1200114302891,5.757650639612477,176.60471015106415,199.63531270951407,-0.0010884060161361014,1.126306601687246,0.5651999684725076,2254.9388425993593,2044.9566843951254,36.20173603607141,1972.5532123229825,2117.360156467268,0.00010501920816379525,1.3432848427443007,0.4777804548745554,480.55152594669386,1,2.3769965693450428,1.0,1
4.565703217002242,3.4827345658242486,0.4609124451273785,2.5609096755694916,4.404559456079006,0.09051971425753297,5.449735002451456,1.0129228876257648,79.55587914471681,79.1438656054782,2.2471120210412385,74.64964156339572,83.63808964756068,0.06918062016682754,0.7466846624849937,0.4478652612892066,176.56831576532588,184.59785003216243,5.705350218667604,173.18714959482722,196.00855046949764,0.007260588495912802,0.2036187796498516,0.12033366403028546,2200.7074632482877,2395.369251856301,34.51011596143629,2326.3490199334287,2464.3894837791736,-0.0014959088621371724,1.22393368412281,0.4300000227601355,358.05935016010955,1,1.6448931822125759,1.0,1
2.910398362794937,2.580415858816287,0.33527682812852594,1.9098622025592351,3.2509695150733386,0.011154316533444982,1.7065830212240347,0.7216836789963906,73.17482360364475,78.74947754617027,1.5766564697069556,75.59616460675636,81.90279048558418,-0.002896363086442209,1.01752594418253,0.5144599164211199,187.43689903508226,195.95031592460253,3.214255704406324,189.52180451578988,202.3788273334152,-0.0015599324203516085,1.0400925038975666,0.5895433984003096,2140.3513314490433,2099.55288615213,35.17276152778789,2029.2073630965544,2169.898409207706,0.0038659075640506873,0.011767381860934789,0.004891608982683611,376.6765956531641,0,0.8597369717904809,0.67,0
1.6172577057926123,1.3199077262417425,0.13497856077798512,1.0499506046857723,1.5898648477977126,0.0097833422860767,1.2948983752379604,0.5448704887053482,75.35934803692089,75.26715496181947,1.7300929851543576,71.80696899151076,78.72734093212819,0.005440526463002149,1.0339573053618234,0.34062020010930705,182.1385136762929,169.45750174490252,4.2206795571407705,161.01614263062098,177.89886085918405,0.012318878491649652,0.044180563388788285,0.026326004758570814,2171.469943075584,2277.0528367710085,33.03174603874538,2210.9893446935175,2343.1163288484995,0.005683029432665834,0.5699315806685001,0.24915655319333846,265.3378278252262,0,0.5661360554836241,0.67,0
1.623817822617174,1.6365142714632435,0.09349481905678854,1.4495246333496663,1.8235039095768206,-0.0028959307057346514,0.817893190870286,0.6691555019641663,76.64568414643271,80.02359277437643,2.206226493881499,75.61113978661342,84.43604576213943,0.0015991153130703287,0.042947557100462275,0.02472334932672738,180.59666993536055,186.24815639944657,2.6680415296321747,180.91207334018222,191.58423945871093,-0.002617262149172284,0.1606687729726855,0.08114851549244104,2264.6574037510636,2360.4574272768264,47.77789996020279,2264.9016273564207,2456.013227197232,0.009111964162756989,1.2197770052993935,0.4558198240351989,200.3412220715904,0,0.8019866283126611,0.33,0
2.484569054446898,2.1604688988709726,0.35229314397400785,1.455882610922957,2.865055186818988,0.038588092655290306,2.124827315247801,1.3984535308129602,73.52408288734996,81.45119427696687,2.2531192418728403,76.9449557932212,85.95743276071255,-0.0037258388515867525,1.4580802119352323,0.7928019250982754,179.18858776416292,177.88815375480934,4.4035727240639115,169.08100830668153,186.69529920293715,-0.0017160296342151884,0.9197555411146756,0.5035849570249121,2095.71037805475,2272.5419408535345,34.95791859098554,2202.626103671563,2342.4577780355057,-0.005180717859875984,0.0705917968154211,0.032995924348327314,366.0287587773785,0,0.7977415926864364,0.67,0
1.253109165334716,1.5234461838016606,0.09662460769530569,1.3301969684110493,1.716695399192272,0.009143126312209125,1.1909515890654538,0.03546025785070855,73.29681633499679,67.43449671973953,2.3506325834427546,62.73323155285402,72.13576188662503,0.0008911987195252778,0.033932335690651017,0.014793964218330255,183.4253468546622,164.22071837844194,5.714580851744929,152.7915566749521,175.6498800819318,-0.004017654807135462,0.06730119459389972,0.02858831295794183,2337.66147554016,2185.070500803713,28.549285118313577,2127.971930567086,2242.16907104034,-0.004353213954833333,0.1994284061489504,0.051030553487361144,105.40929287893397,0,0.483063087415843,1.0,0
1.4915411915150378,1.493638889329542,0.1516979782162502,1.1902429328970416,1.7970348457620424,0.0017877932286513019,1.2605387614483063,0.5639357572255183,71.1668166625618,75.39040208622028,1.2386132225999158,72.91317564102044,77.86762853142011,0.004103321134783464,1.1311397373972931,0.41427684595409014,181.19595634975843,183.34604271016775,5.056441667982292,173.23315937420315,193.45892604613235,0.0052577809190520654,0.4018642853560358,0.23255714544047065,2269.832658296717,2131.6596049720597,28.189108102816906,2075.281388766426,2188.0378211776933,-0.0006601600520735973,0.13149182463983666,0.062193056794682476,212.53382681230337,0,0.7837116121546274,0.67,0
1.5401156820007693,1.3706994472907266,0.16825193379393957,1.0341955797028475,1.7072033148786057,0.0035740834424003625,0.2119691167412403,0.13692919671244924,71.28374997253282,72.7582198694275,1.530937567666895,69.69634473409371,75.8200950047613,0.0034701004353037096,1.1743451530085016,0.591379856479262,177.93475755582588,193.55629390040127,3.4719991138149786,186.61229567277132,200.50029212803122,-0.005068968704848615,0.21748943672963011,0.059547773648353175,2163.8247445468996,2009.9217309831174,54.41713448130396,1901.0874620205095,2118.7559999457253,0.0035157815820980876,0.2753566539797207,0.15438408579418336,41.75675654016152,0,0.10373199408444406,0.67,0
1.7977381491230737,1.4214258111392595,0.07510489418802899,1.2712160227632014,1.5716355995153175,0.0008551974631857362,1.1268452833621232,0.7092234842660622,75.26735767647524,76.42633785314456,2.1833525140600543,72.05963282502445,80.79304288126467,0.005747385304142648,0.014508808270378815,0.004179969906418291,183.62549864349705,187.1278330728202,3.7654442355459157,179.59694460172838,194.65872154391204,0.004440786608717208,0.9105869887585356,0.2882798296697894,2243.8022888335963,2377.55030024033,37.04142760151547,2303.467445037299,2451.6331554433614,0.00322591748240451,1.3118692745810137,0.28866740412370495,176.29041270907808,0,0.4353643838752071,0.33,0
1.6274832969331336,1.461256682400911,0.1503147120528712,1.1606272582951687,1.7618861065066533,-0.005021701311497949,0.5051891830887196,0.05156249210900434,74.18220765002101,80.05182119990577,2.029483450539883,75.992854298826,84.11078810098554,0.005125673022787907,0.407668161312452,0.24346073639067192,177.33061392163236,171.51249763169534,5.959010062738671,159.594477506218,183.43051775717268,0.0026605806709319086,0.78009386277692,0.458888918476845,2260.793678109949,2269.184769815598,54.91536079414525,2159.3540482273074,2379.0154914038885,-0.006213100724724576,0.22478238087794156,0.1300076428959528,318.81771892601546,0,0.7911311028669582,0.33,0
1.8173014828743275,1.4969963557728403,0.08197637134087953,1.3330436130910812,1.6609490984545994,0.004533241929046416,1.1810736381237084,0.10232669540913353,75.56058258393182,69.79484990742256,1.422120349335347,66.95060920875187,72.63909060609325,-0.00870745828307048,0.955970444500699,0.3316786449459414,181.7801125179314,171.18985369885772,5.465973106693295,160.25790748547112,182.1217999122443,0.003603052743394666,0.9734129039284991,0.3301075411928122,2085.7457752665323,2098.8676048269203,27.17274694112126,2044.522110944678,2153.2130987091628,-0.004617002362625404,0.4559554139565082,0.1496817898501548,305.1039133047219,0,0.521783060372704,0.33,0
4.209205255040972,3.6467936808944574,0.5714222131576543,2.503949254579149,4.7896381072097665,0.11410861035821594,5.0648662092662295,0.8636177812436907,82.6898869833804,82.47893981577215,2.4641437646337425,77.55065228650467,87.40722734503963,0.04867204129478815,1.202233900210744,0.4888105014719919,185.62418530057852,189.64977145888636,3.6048396840742307,182.4400920907379,196.85945082703483,0.0017518510819316913,0.059695691003478824,0.02621076220855415,2157.7837981408466,2335.9488131177345,27.69392140528061,2280.560970307173,2391.336655928296,-0.011152340095622295,1.0061475381645537,0.5317527652339455,435.05452378207235,1,1.7476911461233742,1.0,1
1.4688943189595647,1.6162563307646882,0.1481500257495973,1.3199562792654937,1.9125563822638827,0.0021710358893094295,1.4111286789675093,0.41280119586423897,76.9922095786342,73.8949297147391,1.9315449320352245,70.03183985066866,77.75801957880955,0.0025732011999057953,0.7969656553339428,0.1768221553218732,179.0016134907177,186.57290481113,4.461440285054639,177.65002424102073,195.49578538123927,0.0004104344981371576,0.8290435331441781,0.45578783461602196,2160.989142593118,2301.720290702883,46.22328175009118,2209.2737272027007,2394.1668542030657,0.004764093886117275,0.2534720538332675,0.13766306480434898,383.49436914552365,0,0.6699925195959265,0.67,0
1.4390071582403199,1.6687280390026265,0.07574407908197514,1.5172398808386762,1.8202161971665767,0.0028734649685379973,0.059593730047036275,0.19636477234261476,73.65817124463045,77.2197771231716,1.934940401947904,73.34989631927579,81.0896579270674,-0.001066442066929736,1.2966084365127957,0.7553942713165689,181.7256965482703,183.44443538470304,4.784203726263283,173.87602793217647,193.0128428372296,-0.005251920536749032,0.7322178142908982,0.20975223613840163,2160.98696372606,2184.8177630344826,53.421583349304555,2077.9745963358737,2291.6609297330915,0.005632288785645791,1.384373615329821,0.8012952660478475,103.69229578763377,0,0.2190933150520905,1.0,0
1.4096124280228939,1.6380717710138868,0.07745464541652163,1.4831624801808436,1.79298106184693,-0.007441291064115163,1.3872082187874706,0.32349476515011744,75.40018811825679,76.17399690928215,2.184724923374814,71.80454706253252,80.54344675603178,0.0027528679685079895,0.47973043020126976,0.18001417880233497,171.09948381438542,175.31541998303095,4.530657171565863,166.25410563989922,184.37673432616268,-0.0070146453620655545,0.4737472427295856,0.21065036276947383,2264.585780376062,2049.6791002875193,27.138747746412655,1995.401604794694,2103.9565957803447,-0.006143896754525069,0.6551050166919614,0.3702938621769955,152.03587670593728,0,0.2943500018358858,1.0,0
1.3888192448042749,1.4678084897422663,0.10186992449711382,1.2640686407480386,1.671548338736494,-0.004779909580556229,0.4928542927227463,0.3471884939017453,76.85562735714407,72.57375898834944,2.1847620570673274,68.20423487421479,76.94328310248409,0.0009044181228292493,0.8970974001446628,0.4915589758834168,180.67859202346477,196.41802152727104,5.8534303059661985,184.71116091533864,208.12488213920344,0.001517023352986276,0.7040407210153672,0.20051954445352507,2216.5537945495244,2366.8463909522516,49.01274791500272,2268.820895122246,2464.871886782257,-0.006343989562644456,0.7167259625305062,0.16670545953361718,165.88330012672932,0,0.6465189468098489,1.0,0
2.533921318561574,2.0292446685580305,0.2760231495039225,1.4771983695501856,2.5812909675658755,0.028235303536964115,0.9869080239435315,1.3618897817507607,74.19932456345454,69.7062199983477,1.7529729524090307,66.20027409352964,73.21216590316577,0.0037446805690296335,1.1710769935597836,0.3816254056830153,182.52753878795897,186.1680805254391,2.9662936179452366,180.23549328954863,192.1006677613296,0.0031947840710637265,0.44306550576092407,0.09240376522007966,2164.5755949235454,2388.9109309389537,57.21364410250129,2274.483642733951,2503.3382191439564,-0.007390011276520922,1.3187773766686468,0.5047723563872953,333.9396429876406,1,1.0330054518849108,0.67,0
4.2262429948443145,4.028919484698627,0.5540955514830261,2.920728381732575,5.137110587664679,0.058670656759564024,4.737725626042449,0.9826406286030369,85.59922264709454,83.79275294773137,1.920869570558647,79.95101380661409,87.63449208884866,0.07612366938006793,1.2727462424976972,0.668735233923245,180.83518500363178,175.70863424808024,3.4644837170821248,168.77966681391598,182.6376016822445,0.006173759570223976,1.1479744492880795,0.6563674708728777,2148.402237895278,2068.1305196500666,38.55280994235724,1991.024899765352,2145.236139534781,0.0003613948269214445,0.4241481855901479,0.13648926152576404,807.301552333277,1,2.0356106375239063,1.0,1
2.354206658769435,2.201598098843576,0.4416265817956647,1.3183449352522467,3.0848512624349054,0.015066234913887758,1.133368712033852,0.8533023694615965,72.03683845689726,67.4803481484493,1.6107001839680635,64.25894778051317,70.70174851638542,0.0025866864734182026,1.2038411222274419,0.47498352180571496,177.50193338189263,171.28278796007945,5.056801289092143,161.16918538189515,181.39639053826374,-0.003909234370116702,0.06048785958142605,0.014390508703759996,2161.69773987998,2079.1193477607294,43.20560780585385,1992.7081321490216,2165.530563372437,0.004513301446912428,0.5924854058235487,0.19789215657501058,242.96087076539362,0,0.9266780943456469,1.0,0
1.322273990928747,1.4927557979527732,0.16357903205943136,1.1655977338339105,1.819913862071636,0.0006967560394946422,0.14198157059045874,0.6358209302053697,73.73334015693953,80.19819465326533,2.0216296998857533,76.15493525349383,84.24145405303683,0.003919117028733292,1.230216101927805,0.6907564877987006,176.74226711511892,165.277302982849,5.369569191391274,154.53816460006644,176.01644136563155,0.0018498960694037347,0.005423792657351545,0.0013228357956412645,2159.7993501022875,2122.315076487227,43.31364763339929,2035.6877812204284,2208.9423717540258,0.003989259127391502,0.2762827882850571,0.08634151544529073,259.28903999291066,0,0.6380110467686383,0.33,0
1.7069091181867704,1.5758436379527676,0.10651163375064944,1.3628203704514688,1.7888669054540665,0.0035770702062202188,1.009838721011036,0.0026292553183237767,75.50392720825613,69.52349093886201,1.8159385824973995,65.8916137738672,73.15536810385682,0.0006811158118833171,0.6925993457388806,0.35803034207716294,178.1004854383722,177.15760312521994,3.799499643429675,169.5586038383606,184.75660241207927,0.005457837696122447,0.27374603226429584,0.09270577725317641,2169.6565991977773,2023.4502477753533,53.66905994756874,1916.112127880216,2130.788367670491,0.0015101966154458045,0.42806693202582075,0.10906352462961258,216.55236674728494,0,0.8251711544323556,0.67,0
1.3264781856520529,1.516611987512236,0.14184237289992152,1.2329272417123929,1.800296733312079,-0.0033598807667674785,0.5699127126270429,0.43455483988679494,76.84237807564912,78.02426270944298,1.2418234573268425,75.54061579478929,80.50790962409667,0.008987724223429933,0.09900950371750189,0.05145105648378466,178.16373726866178,196.62169640964842,3.3767039456042784,189.86828851843987,203.37510430085698,0.0044952076641856225,1.2667099012707714,0.6228771052468698,2319.8511959100592,2340.2589270866883,27.4129214297727,2285.433084227143,2395.084769946234,0.0005793037942099994,1.070290549056896,0.2245127518380988,311.97610613064734,0,0.722324078755624,0.67,0
2.1655204062230835,2.0643505442958454,0.3494195068539239,1.3655115305879977,2.763189558003693,0.02954244642339366,0.7330892199972652,0.5248292925478566,76.75893437362227,72.73362973220988,1.234314543017312,70.26500064617525,75.2022588182445,0.010584015274819267,1.467685008276426,0.5137136457755569,179.92264577616479,191.99293404972593,2.5383807061975654,186.9161726373308,197.06969546212108,-0.0016730192726514784,0.05845854595263461,0.03151594378180876,2228.281645094336,2379.473405970792,52.52083434485979,2274.4317372810724,2484.515074660512,0.0015350153000268086,1.3351582101640562,0.5622337591551972,636.2488544656668,1,1.2976880985600032,0.67,0
1.4848006465772865,1.4860323117956153,0.09444844973724849,1.2971354123211183,1.6749292112701124,-0.003224479293221689,0.6864399488841615,0.12167968532101095,73.5411259023047,77.74823784873566,1.1771376796687059,75.39396248939825,80.10251320807306,0.00462952088363859,0.0732624349811159,0.04038054169611932,180.26520392135222,182.66909034739754,5.604263387110102,171.46056357317735,193.87761712161773,-0.00885711275721922,0.4452780514199776,0.11620099283495079,2138.505844235673,2036.248268046105,35.73340206095907,1964.781463924187,2107.715072168023,-0.002234887764030204,1.4423684565583739,0.6222223193948326,207.05759796429123,0,0.34797355826053855,0.33,0
3.935702965611371,3.5889269876073424,0.3372669412690633,2.914393105069216,4.263460870145469,0.1229173487549448,3.733869143992215,1.042453115510768,85.0920327224243,79.33887850140852,3.215119893746638,72.90863871391524,85.7691182889018,0.03652287045532511,0.9938035938666402,0.38946571494068777,178.67115206753007,192.89182588839844,5.501468181814493,181.88888952476947,203.89476225202742,-0.000671543707352739,0.47830022748170825,0.20704636267055368,2240.540413657989,2158.804059377681,38.109351045704244,2082.5853572862725,2235.0227614690893,0.005633525684137917,0.25029030254812923,0.09316098786144658,538.6477061967371,1,2.357126145738951,1.0,1
4.681300343096783,3.4187303892196854,0.4270909271724218,2.5645485348748416,4.272912243564529,0.10793144666619378,3.272832478351954,0.9570528425763785,83.58558936432614,79.74493128828841,2.4932158125925534,74.75849966310331,84.73136291347352,0.059700035577751345,1.1635229018079547,0.3983519186391249,173.542371991159,172.46742947240637,3.13993222954086,166.18756501332464,178.7472939314881,-0.0027413439746253854,1.3906856727966739,0.8176823035445416,2241.6666955890155,2249.623994056906,37.85867550439747,2173.906643048111,2325.3413450657013,-0.00256598182256698,0.13052582745418312,0.05517508997599877,824.6599013843877,1,2.2347043032865535,1.0,1
1.4041769047766528,1.4298472610970367,0.1150134809174421,1.1998202992621525,1.659874222931921,-0.0035697645607977667,0.8310255286614282,0.1565740175738141,76.09028175902108,68.79228369076593,1.6641924720043182,65.4638987467573,72.12066863477456,0.002459390752894441,1.2949592504669218,0.34922539213574644,176.82568811679207,181.006009480227,2.817185528520752,175.3716384231855,186.6403805372685,0.0009293894181113318,0.2759677464163632,0.11729523951686337,2231.809024434202,2060.337931830301,45.42938039811955,1969.479171034062,2151.19669262654,0.006359591517111831,0.2752248065400346,0.121476507733888,119.62551818061443,0,0.5373906844575378,0.67,0
1.4408523028778577,1.5310822484067423,0.10618327468777221,1.318715699031198,1.7434487977822868,-0.003383955209154364,0.1905388457057106,0.4980329147491718,78.58734286527888,73.0492405606489,1.755780810374591,69.53767893989972,76.56080218139807,0.004698121581010839,0.5750752660910327,0.20875277733428674,170.37822035300906,185.8898338857674,5.8860894225104685,174.11765504074646,197.66201273078832,-0.0035797336969218864,0.06382135390595345,0.030922803380719833,2249.480227137867,2298.5394057029407,57.02971652014514,2184.4799726626507,2412.5988387432308,-0.0009008268686454115,0.38797355191916283,0.18956875775968088,147.67053717100887,0,0.6584678439809336,0.33,0
2.147814505770517,1.9467784886006725,0.4260018694112118,1.094774749778249,2.798782227423096,0.01687881607374172,1.3751954875075871,1.0560927515257474,77.5997424870612,76.93825106230621,1.7418588461270106,73.45453337005219,80.42196875456023,-0.002302034607484867,0.6637063904902776,0.17401114998629647,182.98286172441775,182.92065995193406,2.5936970499609475,177.73326585201215,188.10805405185596,-0.010272910124309587,0.13790690388125648,0.06541913082007274,2253.464185319759,2282.532602733598,46.58493157684972,2189.362739579899,2375.7024658872974,0.0006277263964988171,1.487261532417753,0.6134649195803878,341.027378297785,0,0.8423884965368509,1.0,0
4.1602799463835956,3.2194200506467827,0.3478296797707093,2.5237606911053643,3.915079410188201,0.09642385197392249,4.848531367142586,1.0794373199253724,83.67547113541207,75.07255888070844,2.1224017589932864,70.82775536272187,79.31736239869501,0.05970105730399139,0.8461732897528931,0.37671364968929216,181.34266993232404,166.66219362695176,4.542997557059774,157.5761985128322,175.74818874107132,0.0035225326991236154,1.2045031079367556,0.4904775519556231,2239.452834368776,2062.7933375570246,30.945835211775734,2000.9016671334732,2124.6850079805763,0.003489516362695138,0.29246279985043383,0.1626572241378619,833.2333913267801,1,2.38069703531042,1.0,1
4.43048815297122,3.432353097008991,0.2872830138208689,2.8577870693672534,4.006919124650729,0.1374071773305185,3.874237398147053,0.8310762001886208,80.72435509888508,79.98401872493775,3.5022275517019232,72.97956362153391,86.9884738283416,0.05763973610544068,0.9534362167320106,0.5006300304736236,179.29099187501956,172.86807018047736,4.201456698252234,164.4651567839729,181.27098357698182,-0.00468253187394798,0.3572199804985445,0.20124838526233063,2166.6110221765557,2176.84740619523,42.054287393501774,2092.738831408227,2260.9559809822335,0.0022884329302677604,0.6449778211815895,0.28299322688783,879.9187892691202,1,2.2002835623066614,1.0,1
1.4226841062846063,1.491720003963718,0.11296697797413251,1.265786048015453,1.7176539599119829,0.0009210861476504674,0.35919716930170015,0.7046333527003956,76.21990277466395,68.35943798119825,1.6928762466873248,64.9736854878236,71.74519047457291,-0.0018501830628409848,0.7070522335522359,0.41186052743849905,187.11645974211916,195.4134239481169,3.2303366857905713,188.95275057653575,201.87409731969805,-0.010898943306951228,0.5997880427058233,0.20652065658470034,2197.1581573896524,2349.166153929053,27.099274526703077,2294.967604875647,2403.364702982459,9.115498568558581e-05,0.7319364596861232,0.37301288608151967,140.4491945696285,0,0.5392252756918191,0.33,0
1.264290660827554,1.5433854652266705,0.12339253405276093,1.2966003971211486,1.7901705333321924,0.0027262924151305974,1.3497720090106522,0.7610088030490866,76.77390521494634,68.45235174224071,1.3518381422156212,65.74867545780947,71.15602802667195,0.00012836157603806015,1.3826328675403394,0.7886877300578643,179.36186910674758,179.85173869943773,5.516883646549877,168.817971406338,190.88550599253747,0.003336776422273391,0.7500934898853122,0.41676275756814474,2209.0556144444713,2176.789763939309,42.61914380955616,2091.551476320197,2262.0280515584213,0.0037145165271679943,0.4932909487960158,0.22944690525723851,42.106561208456036,0,0.07041083909181571,0.33,0
1.4855087272714693,1.513392767656905,0.16693344870670868,1.1795258702434877,1.8472596650703224,-0.0005667739705364985,0.02595018411145472,0.09161444154188662,75.263103280355,78.22587749228987,1.3408238876402425,75.54422971700939,80.90752526757035,0.0017823855233474602,1.4860875828714077,0.7470739462217316,181.2749236623887,195.1468280526824,5.811607966787209,183.52361211910798,206.7700439862568,0.0034377535979624708,1.0351970219053381,0.3697464155651856,2121.138518193394,2330.1649749263406,41.51782749947605,2247.1293199273887,2413.2006299252926,-0.0007008896491267197,1.2791051185978974,0.5860698105090251,105.41038774522116,0,0.48373592835657186,0.33,0
1.3871216828127233,1.4342797298607841,0.1080946654661662,1.2180903989284517,1.6504690607931165,-0.0017305213589000762,0.7327775308962393,0.31467895676018864,76.69928956541331,74.92784835230478,1.5880877374112257,71.75167287748232,78.10402382712724,-0.007259173725842175,0.09171927157152931,0.036296281287932095,183.91403412496211,183.72665626650573,5.609140351459176,172.50837556358738,194.94493696942408,0.0033774542363273485,1.2198934520259814,0.5575972698367465,2228.8758477303604,2191.154620621183,38.607829163649086,2113.9389622938847,2268.370278948481,-0.0019154746057989688,0.1786500864140334,0.041478491150334265,65.62835201580968,0,0.24991455589389178,0.67,0
4.5275685456830015,3.9541870202621467,0.5808887142790378,2.792409591704071,5.115964448820222,0.05424222982068917,4.693158626293702,0.8392962222166201,83.26165409474868,80.90232532048658,3.421612678052634,74.05909996438132,87.74555067659185,0.02615095784398847,1.0619967007788236,0.48231253393406426,168.45408134357567,195.82087546061038,4.9402328366837285,185.9404097872429,205.70134113397785,-0.0016033381277859584,1.3814917816448637,0.6601295060563793,2289.760567795616,2313.3357746356037,31.83342110347722,2249.6689324286494,2377.002616842558,-0.003086265932734616,0.5180129283673318,0.17314280735627105,915.4630974836301,1,2.3134983908723052,1.0,1
1.5241565761145497,1.3681964559653417,0.1789046727121247,1.0103871105410922,1.7260058013895911,0.005471973924731048,0.8337544000390729,0.010038684387217632,76.74315300459631,67.58453955332664,1.4607964188306617,64.66294671566531,70.50613239098796,-0.002248908030130802,0.5552248958209054,0.2772310787560243,181.96812554592898,186.1496448868715,5.084741177031318,175.98016253280886,196.31912724093414,-0.010389806290860686,0.4241710753163993,0.20009938937672112,2184.6507379037503,2408.7366171634762,47.08478432802935,2314.5670485074174,2502.906185819535,0.0018439815397914994,1.4010914990425944,0.6108271316088242,65.9296401040447,0,0.22257378355855542,0.67,0
4.651583788930868,4.5778989619358414,0.4308490344153283,3.716200893105185,5.439597030766498,0.08571211593005028,3.9325095836847463,1.1134632700758589,80.63251037446726,77.01969690459936,3.1759145768989026,70.66786775080155,83.37152605839717,0.034423934773610415,0.6001964816064348,0.21455696806112692,172.36864501638894,163.45034204583686,3.113276202370396,157.22378964109606,169.67689445057766,-0.0020351815646339026,1.4256887558629436,0.616822696482155,2234.315922847835,2196.3684321227865,34.88736230904983,2126.593707504687,2266.1431567408863,0.0005217796876160647,0.5295755874004535,0.29531132366226875,918.854264722925,1,2.360325695732417,1.0,1
2.60874427965713,2.0952436298910655,0.408937107718275,1.2773694144545154,2.9131178453276156,0.030311367478044846,1.8727444655452867,1.1558449454009612,75.43337819499534,72.12123563064097,1.313456126627959,69.49432337738504,74.74814788389689,-0.003972729040356832,1.2474600602539963,0.6965958514898415,165.88682520877737,176.59799336078896,4.676586873616378,167.24481961355622,185.9511671080217,0.0012155667414185801,0.03745635065119679,0.013476891980152707,2112.7733555696973,2367.884630792278,33.31945661071801,2301.2457175708423,2434.523544013714,0.0010597901350078165,0.5045530678255646,0.23655151001229863,163.52431215637588,0,0.7800395411064937,0.33,0
1.6488561211989679,1.3590765423816404,0.1707362877578856,1.0176039668658692,1.7005491178974117,-0.007840592949403962,0.7763792010644444,0.1796480711564967,74.28608359554735,68.06887383340793,1.102660476864632,65.86355287967866,70.2741947871372,0.006155289516777826,0.9900821116186156,0.5665546429999034,179.26731895739428,187.1503302046182,3.292786898643244,180.5647564073317,193.7359040019047,0.0022886702128485335,1.434366982858195,0.7272719495441347,2172.871204453708,2406.865154782787,56.81096625703803,2293.243222268711,2520.487087296863,0.0022946947748229032,0.24238345195438615,0.12754849530525406,20.050471732595415,0,0.07194328155676581,0.67,0
1.6436283192618837,1.6706793241818838,0.10442169210769076,1.4618359399665022,1.8795227083972654,0.004205654708834042,0.6565487201400191,0.1106442900504758,74.69902736769978,71.73481375144196,2.280732122954878,67.1733495055322,76.29627799735172,0.00535291334837882,0.36634808951689307,0.1749005402217658,175.48284452770326,164.3840738243726,2.6581865155714763,159.06770079322965,169.70044685551554,0.004523819508645068,0.3613390041175959,0.08295267850844615,2246.9734743641948,2348.9395315886727,39.33019941332941,2270.279132762014,2427.5999304153315,0.003466933518995092,0.21681988496747656,0.1123158919466048,271.45672642801384,0,0.7115393846847461,0.67,0
1.4227194555963536,1.6358848939529465,0.13580606710073023,1.3642727597514859,1.907497028154407,-0.0018053838262532377,0.05297491289232542,0.16816165454541665,75.23030960767555,70.5432421174252,1.8373348766674544,66.86857236409028,74.2179118707601,-0.004190035101207564,1.369650103203029,0.35359302509617896,180.27616249256522,160.9830443523673,4.270905110397533,152.44123413157223,169.52485457316237,-0.011303001484637898,0.5624607542231439,0.20949046038057362,2190.189755158845,1969.133255541088,52.25669129214494,1864.619872956798,2073.6466381253776,8.618767501535423e-05,0.41172776100678865,0.09846875159704324,98.71769078465779,0,0.3356785841246305,0.67,0
1.462851659424393,1.599981722081809,0.13059380945700397,1.3387941031678012,1.861169340995817,-0.007710964470936115,0.8513060513031279,0.6219859098754111,76.77105474461192,68.98745055356434,1.9122296490730144,65.16299125541832,72.81190985171037,0.00018823686084680139,0.9142002046597093,0.37140000121550587,180.19613615180916,198.84897527779972,2.9054821340547865,193.03801100969014,204.6599395459093,-0.006674134087942466,0.8957002278261409,0.42747550445904303,2193.796138694848,2173.5958779548,48.87440844272869,2075.8470610693425,2271.3446948402575,-0.00031256884088605013,1.1855523372976313,0.6934913659848365,123.5153815256243,0,0.47593626842664327,0.67,0
1.401967429559128,1.606201033591213,0.10976490066003734,1.3866712322711383,1.8257308349112875,-0.006461516874642256,0.06460113945914575,0.22875353554344496,73.07749702509787,75.00017763285969,1.7402374161556908,71.5197028005483,78.48065246517108,0.005085738371896562,1.2601892398683763,0.28641895321956296,180.5306220360659,183.81303428707074,5.108270443420313,173.59649340023012,194.02957517391135,0.003136992428106704,0.25343130278780507,0.12685496413792524,2210.839563880225,1984.595978357147,54.55999016839985,1875.4759980203473,2093.715958693947,0.004991522842891918,0.006555967179018352,0.0026753050702229097,184.9679266757149,0,0.6447988952931463,0.67,0
1.4519710470548028,1.3682641219457186,0.10927719138389379,1.149709739177931,1.5868185047135062,-0.006724433903905998,0.5629617630427382,0.42645757461433514,70.7145603072029,79.67442170159333,1.3411963747936602,76.99202895200601,82.35681445118065,0.0015774840416174587,0.936087664166023,0.3545503769999234,179.90962043322136,181.75583334215753,5.262420489469497,171.23099236321855,192.2806743210965,-0.008085758572200218,1.2930463114402646,0.567299874367964,2173.6522428217504,2225.7837663877935,26.1845529791551,2173.4146604294833,2278.152872346104,0.005650823461330584,1.2158897413155145,0.3058716813104655,56.62022070319699,0,0.115852238629863,0.67,0
4.086040978766193,3.965679245474604,0.4690811976835592,3.0275168501074856,4.903841640841723,0.1296681397191372,4.532682872706107,0.8314956468660619,83.4365557470525,82.02621990161299,3.774608945155025,74.47700201130294,89.57543779192304,0.02072940628864321,0.8946055148786409,0.4492762354820076,180.34873424420525,171.39513145440623,3.7353547620832477,163.92442193023973,178.86584097857272,-0.007611795931089456,1.0990485758854205,0.3976478139857297,2255.634418749496,2002.0383861905973,48.99053591276655,1904.0573143650643,2100.0194580161306,-0.008536789787964735,0.498684235723068,0.11102419701997888,667.1164755352079,1,2.4277831575025943,1.0,1
4.183654260957637,3.786576077962852,0.4540374603470575,2.8785011572687367,4.694650998656967,0.054530400977204456,3.56100789188818,0.8966716226788974,83.44394936785677,82.23215685307788,3.180864715885468,75.87042742130694,88.59388628484882,0.02977606562488578,0.9362590294855928,0.30069889693161994,178.98771237084225,183.17926583652041,4.514159622565576,174.15094659138927,192.20758508165156,0.00793008408072676,0.6873793357372749,0.2874941496302918,2138.1092250586576,2398.4593938776966,27.491602696108014,2343.4761884854806,2453.4425992699125,-0.003113497599102969,0.47846344544064195,0.2573894699898,462.27517717799446,1,2.2588090273656163,1.0,1
2.536441960818866,2.4377952375198078,0.32695567458266245,1.7838838883544827,3.0917065866851328,0.022609545136040847,0.9230410354884548,1.354523593640897,75.08742079398397,80.07526073551188,1.8025121405787412,76.47023645435439,83.68028501666936,-0.00023521724149240511,0.059708524833130994,0.03016521003168117,187.27155050898244,166.60774669425373,2.9519774142321697,160.70379186578938,172.51170152271808,-0.003707477137053337,1.4190032900085716,0.687878159079165,2199.789904230442,2214.4606608667086,44.59443834543971,2125.271784175829,2303.6495375575882,-0.0019523749847194503,0.22701188803729955,0.11671422958383622,192.51094311971812,0,0.8136002520982424,1.0,0
1.4350521136780205,1.3210904168342936,0.16912593075046736,0.982838555333359,1.6593422783352283,0.003420524954673705,1.4152488445558904,0.24425251073776696,75.26916656962449,70.62688100083103,2.2977169278948555,66.03144714504133,75.22231485662074,0.003701667112782394,0.5007472855531081,0.16580465086057086,187.96560528255017,181.2168987404625,2.5890431539635377,176.03881243253542,186.3949850483896,-0.00498022470084946,0.2703504777276918,0.1092643756969109,2261.10970900534,2196.1611307203366,39.30839943373103,2117.5443318528746,2274.7779295877986,-0.006564564883791195,0.47633720942952706,0.12357047506372565,166.68300255148816,0,0.8261880499424165,0.67,0
4.225774729502399,3.703827499666853,0.3436933477599063,3.0164408041470407,4.391214195186666,0.10929508514349273,4.975309412965144,0.785850033107137,81.6831115248882,76.72513451904386,3.1761679948991013,70.37279852924566,83.07747050884207,0.03951140385348169,0.5655757853154482,0.3009100367388125,172.22050674755053,164.23728894813073,4.319208819946062,155.5988713082386,172.87570658802284,0.0049813340972357,0.6463312854927089,0.1935669833073205,2175.3121708419344,2246.314012089655,26.283499942674005,2193.747012204307,2298.8810119750033,-0.001746288521592144,1.1046030225984609,0.5142167995699279,677.5697603758011,1,2.2974215836599563,1.0,1
4.493435869079983,3.72162300755199,0.3383739970187852,3.0448750135144196,4.3983710015895605,0.08710387629846027,5.151024733435781,1.2185160209614303,79.05081893559363,77.34410930260744,2.652677006055017,72.0387552904974,82.64946331471747,0.06351545962490819,0.36160958755530714,0.16127812282196158,171.83523859729007,182.46545919253825,3.2373176615198327,175.99082386949857,188.94009451557793,0.007382701748629479,1.0996695336229214,0.27780629670208074,2269.0045677073726,2286.7084071524378,58.998828291457386,2168.710750569523,2404.7060637353525,-0.003358116839690258,0.27146542906423465,0.1470674921959105,454.0704245645349,1,1.52140039672413,1.0,1
2.7039065206130304,2.3808492940248316,0.4365903087589918,1.507668676506848,3.254029911542815,0.0321805022276386,2.3309459751470305,1.2456214207370648,77.2951329042894,77.42269203026747,2.113812349712057,73.19506733084336,81.65031672969158,0.0013373769444903062,0.875749908938134,0.41030757797222533,173.85498569752778,186.46667661131278,3.0370989123785677,180.39247878655564,192.5408744360699,0.002581983338932894,0.1923449209556612,0.05887146197749024,2137.7474388248,2358.10562295793,32.95021810929312,2292.205186739344,2424.006059176516,-9.561089926853742e-05,0.5844390260370156,0.25866284187590105,529.4092843039358,1,1.240992032027623,1.0,0
4.245948554374036,3.8140317386957867,0.3713407202275385,3.0713502982407097,4.556713179150863,0.05271066523362331,3.217206240974401,1.111338288858652,78.8288491840624,78.42032818215993,2.6388158105372135,73.1426965610855,83.69795980323437,0.052132548385867894,0.36219149262022415,0.16048524586424118,184.46622314183566,193.79844606288682,4.652744139051443,184.49295778478393,203.10393434098972,-0.015038161698468786,0.4180414738927887,0.24394757923570098,2228.5589703109604,2028.0551999572476,39.173900558166594,1949.7073988409145,2106.403001073581,-0.004848718598173372,1.4981894037234817,0.3325778561323903,412.73937353312647,1,1.3073438054458604,1.0,1
1.3337817053836243,1.4343779017652911,0.08643034689789879,1.2615172079694936,1.6072385955610886,0.00046190729499484876,1.2526892450148062,0.8483351330502097,74.20060701832801,75.22742537514512,1.8877232806597655,71.45197881382559,79.00287193646464,0.010095996263556322,1.3109991383068413,0.6535625257059023,164.02187955754982,184.633167570126,4.102227729429739,176.42871211126652,192.8376230289855,0.00660940496079901,0.4180905100906862,0.17102300583947705,2197.6470729612806,2134.9008930445234,37.1652966525125,2060.5702997394983,2209.2314863495485,-0.001992960194568795,1.4922747105926888,0.4789596075831158,149.02199476045183,0,0.5043124386443242,0.67,0
1.6481241647267821,1.4560066502667717,0.137013366400018,1.1819799174667356,1.7300333830668078,-0.0055289014302985166,0.42851278238803014,0.13085732624508792,75.81703212997553,77.21619332570464,2.2820524345805957,72.65208845654345,81.78029819486582,-0.0017308822479710463,0.3547447193519154,0.10866461823161844,176.80473973844786,189.18619081662902,5.25079321252295,178.68460439158312,199.68777724167492,-0.007737655127444677,0.3419912703188162,0.06962951919660718,2226.5189345918893,2321.5039893288467,41.665145312369404,2238.173698704108,2404.8342799535853,-0.004700337276959259,1.2241779549280445,0.5775803273925096,60.34520575371725,0,0.23091742658304104,1.0,0
1.4179389215217604,1.5914966708409715,0.11408715739894898,1.3633223560430734,1.8196709856388695,-0.0021960888241090637,0.3861979987978886,0.07635915141562218,79.96753198517501,69.23343127537655,1.8077603166875131,65.61791064200152,72.84895190875157,-0.0007431019171572766,0.11997893691104494,0.052908468203392234,177.76611285181932,169.64610664879865,5.7156759029297906,158.21475484293907,181.07745845465823,-0.0027576370005081485,0.6967142185760075,0.36715432359667843,2202.64697341174,2312.6723164362793,44.033542739493306,2224.605230957293,2400.7394019152657,0.0028704064105326754,1.0127436436465003,0.4296455818292178,172.82689251423974,0,0.505088637888942,0.67,0
1.6496916545158946,1.605370045509718,0.0967634199319375,1.411843205645843,1.798896885373593,0.0011889868156952966,0.13868994888413594,0.5319423364357716,74.4899565224376,69.0123245483497,2.159164882509253,64.69399478333119,73.3306543133682,-0.0001510636339214167,0.7372683858393774,0.3367431412847624,171.18324224094331,168.48376918386128,4.9344165454543525,158.61493609295258,178.35260227477,-0.0070174950849924405,0.0018643179730185033,0.0004202561459106541,2145.364906837646,2272.9263726677395,42.636437154099625,2187.65349835954,2358.199246975939,-0.0012404852481590514,0.5767403721109798,0.1525492927729229,269.94788934499996,0,0.5109986000969502,0.67,0
4.557713117032046,4.1144725549390095,0.24417274536444109,3.6261270642101273,4.602818045667892,0.07891874462959499,4.8205608048974975,0.8626486095442962,80.62467709798216,78.01231727729068,2.4565263404106643,73.09926459646935,82.925369958112,0.04122734952418616,0.6187740468089354,0.33943882413944354,176.65964673951115,196.40468681839917,3.6435988971051425,189.1174890241889,203.69188461260944,0.00042946503146665206,1.4116812188005103,0.7771697179348663,2089.034981362623,2027.758074820407,31.78520737779124,1964.1876600648245,2091.3284895759894,0.01492629501301705,1.288225156752232,0.6064658898656782,851.4638258348248,1,2.316393563154314,1.0,1
1.7014064158416142,1.602074833452689,0.17881984261889747,1.244435148214894,1.959714518690484,-0.008306022025919613,0.051293174881783254,0.6165648276487151,78.09963721265667,79.4149661221948,1.7056532106802602,76.00365970083428,82.82627254355532,-0.0004930419950233864,1.0251791151315754,0.44613077670154355,177.5479989671342,183.88606071300748,4.9157377184481374,174.0545852761112,193.71753614990376,-0.004231991528888438,0.1861453141645235,0.06849459178745905,2287.205159223299,2086.970756089,52.09754453582256,1982.775667017355,2191.1658451606454,-0.003478403720832575,0.91054298157682,0.19037153428471143,342.86528156797425,0,0.5989866240771582,0.33,0
4.388084921647308,3.8690252455870295,0.4966736515967292,2.875677942393571,4.862372548780488,0.11752308375620375,3.2495595770336907,0.8080880437936185,81.39360785207514,75.83025482063559,3.222869791255694,69.3845152381242,82.27599440314698,0.0715160064189499,0.9462673936057078,0.5571809539425829,174.2679984664111,166.50207241389774,4.525647667259998,157.45077707937773,175.55336774841774,0.006474927924084779,1.0549158415986775,0.5630964603559959,2227.211017617017,1997.8165724218272,47.41565458976385,1902.9852632422994,2092.647881601355,0.0037828233745657003,0.47124309575545814,0.2748235195564314,403.8062712905829,1,1.9537306969828412,1.0,1
1.4726977396525742,1.5677227868497383,0.16915889328437178,1.2294050002809946,1.906040573418482,-0.007534611495690068,0.047762616822146775,0.34174572042444135,75.29242959275511,70.2955077588228,1.2158184694754781,67.86387081987183,72.72714469777375,0.0008497235552574142,0.6797601178408236,0.37357093861558627,185.02929492232929,169.3327608526354,4.514519939944471,160.30372097274648,178.36180073252433,0.010282929103537978,1.1919401865401724,0.5965933805594935,2176.4575084938856,2398.2822047370128,28.876009206691496,2340.5301863236296,2456.034223150396,-0.00708819878613703,0.43327668499744715,0.12268455597348196,49.839353009038426,0,0.1389732600017723,0.33,0
1.3898761241443582,1.3972309591257321,0.11074732303207858,1.175736313061575,1.6187256051898893,0.003025665078794747,1.353330429810561,0.25096263077511827,74.43943457384565,81.1515452287009,2.2807423660709727,76.59006049655895,85.71302996084285,-0.01194265731238843,1.4600687936626757,0.44512469649752134,178.6119065043174,176.88124700292568,3.9182902402526687,169.04466652242033,184.71782748343102,-0.003194925270333388,1.305071994909588,0.6505867739403742,2145.9866470109655,2064.817609870626,51.81279996913774,1961.1920099323504,2168.4432098089014,0.0076032004800852225,0.6679421585628156,0.22603227114802113,246.87478193574663,0,0.6488471885365413,1.0,0
1.6393513542896525,1.4002489807413268,0.16385009454140437,1.0725487916585181,1.7279491698241354,-0.00083158529964842,0.3113924682546886,0.021012300749834588,75.48391080464202,69.60836697754758,1.8177959036324012,65.97277517028277,73.24395878481238,0.003397915746928234,1.3353346701932793,0.3153688624677601,182.29730649910204,169.99504662917983,4.943086487658258,160.1088736538633,179.88121960449635,0.00028248170709242206,0.7919043787902988,0.23184756328639425,2324.5624165003633,2253.2793956911632,48.52087577419645,2156.2376441427705,2350.321147239556,-0.006669607713588492,0.13537914252482608,0.038206263031262386,38.31431472827353,0,0.13673973929256808,0.33,0
1.3828627279352907,1.526427523912003,0.09770491638808823,1.3310176911358267,1.7218373566881795,0.005790747778297723,1.2022869436748373,0.08321350830866801,74.23326235154387,81.96591271020844,1.2852841247836895,79.39534446064107,84.53648095977582,0.002725880878154662,0.32732585329939856,0.16478780892909436,175.30694461263718,189.3825215030295,5.740751116411353,177.9010192702068,200.8640237358522,-0.005237663905185001,0.10055916907805007,0.043165576659458756,2280.6156070011853,2133.5564873779367,51.32328456700075,2030.9099182439352,2236.203056511938,0.009625644417667962,0.5972598340280687,0.15549382303626053,311.78807949105436,0,0.8108100114602907,0.33,0
1.4778826638329217,1.4634897207522206,0.11843058327413306,1.2266285542039546,1.7003508873004867,0.003415312907541325,0.6243295211364404,0.12998244623541677,75.78904721032376,72.07138979552823,1.0622921975457587,69.94680540043672,74.19597419061975,0.0002675713715678012,1.0474038479215628,0.5162692456545686,189.83495441185332,180.72107169840262,4.588463906157864,171.54414388608689,189.89799951071836,-0.00537231383178001,0.4030599300550503,0.15154459251795804,2229.6585495499016,2160.469799690442,33.80130896718765,2092.8671817560667,2228.0724176248173,-0.0020728193162434672,0.3221002535763426,0.15868720180888307,239.44277257453712,0,0.6169045583767867,0.33,0
4.614408420896059,3.50611481089227,0.4202282538165457,2.6656583032591783,4.346571318525362,0.0692493150635827,4.78511699887431,0.7534863511732672,85.58340376043968,83.0437562378091,1.717039165151537,79.60967790750603,86.47783456811219,0.07062372756261545,0.9689059905764894,0.41799885595732744,182.98379323150925,162.25323577102975,4.5385227691090355,153.17619023281168,171.33028130924782,-0.0024748274018403654,0.27637297735901134,0.061576163297522364,2175.1213750845395,2257.6460903913608,36.435861169902175,2184.7743680515564,2330.517812731165,0.0014436400150491817,0.5244215982115832,0.2299791129643723,314.62632137362215,1,1.2345908759009894,1.0,1
2.4494335336742186,2.095663848621048,0.36988701870057983,1.3558898112198885,2.835437886022208,0.03451419095853456,1.0730947971076341,1.0937111688872165,77.5030577384278,74.35279897011213,1.0019855081874816,72.34882795373717,76.3567699864871,-0.0015373045000757108,0.8399462207187648,0.3664366942788384,179.64135509094498,176.55544976378775,2.7468700333306266,171.0617096971265,182.049189830449,-0.0037058133431741463,0.913357291545057,0.43394446508642864,2240.3869777992077,2161.2129055427354,56.36054330365678,2048.4918189354216,2273.933992150049,-0.002276102904413527,1.2923464263749347,0.34326786102976126,156.6705816186743,0,0.7539913338097723,0.67,0
1.2920705361915825,1.4499483194422753,0.1522159605562526,1.14551639832977,1.7543802405547806,0.0023921310041722815,0.3995957309650349,0.19410054034920113,72.53336052726337,75.09328810158144,2.149918843605046,70.79345041437135,79.39312578879152,0.008784645290997041,1.0943976873528989,0.4555491635857448,176.2089213097071,182.4597790061684,4.390395299813069,173.67898840654226,191.24056960579452,0.006597794007801068,1.0102860652770023,0.4765594636405394,2267.0219567982545,2009.639222887379,51.69980758570172,1906.2396077159756,2113.0388380587824,0.008740206258555238,0.18736392339424823,0.05182658454078844,190.77699626158332,0,0.4505984154143189,0.67,0
1.2598097810271653,1.4894533157657532,0.15754137126461495,1.1743705732365233,1.8045360582949832,0.0058546639306018,1.0598850883539335,0.20690371760216225,72.54161009524293,75.54697733725746,1.1821142006485446,73.18274893596038,77.91120573855454,-0.006611357392955882,0.11364075738188895,0.050214412198148824,180.40991569368595,168.26971987814903,2.919510186947796,162.43069950425345,174.1087402520446,0.010214724305675153,0.9619201124790684,0.24795341104946192,2182.620618852759,2279.7894338365168,36.63747804378734,2206.514477748942,2353.0643899240913,-0.0008208580947682203,0.22049857074503065,0.12113778117466469,81.24666305012116,0,0.28522389644371415,0.67,0
1.2623599971290191,1.3963244318940196,0.1000376822078722,1.196249067478275,1.596399796309764,0.003091884602533499,0.8387272274088828,0.05591885586528644,76.76332729681809,78.72874258844651,1.2688111585741235,76.19112027129826,81.26636490559476,0.001839504896636324,1.2882126817690998,0.4222635162497897,175.07393231302132,187.84641404386988,3.836250230913283,180.17391358204333,195.51891450569644,-0.0060803325946320345,0.8698398635632488,0.4192599903028474,2161.541750148564,2335.389773261048,28.539979364082875,2278.3098145328822,2392.469731989214,0.006771700234959191,1.269461224073669,0.53197269314907,352.78718305647277,0,0.7999930157557883,0.33,0
1.2201171378032125,1.523005755537537,0.1002100691092412,1.3225856173190544,1.7234258937560194,0.007840998452637431,1.0191812160748785,0.1412650530039505,75.69644220828833,71.90958164859241,1.238069850062323,69.43344194846776,74.38572134871706,0.0019493257903285862,0.11036945723962732,0.02734440845762416,180.6018488313841,195.10278031049435,5.854778942760718,183.39322242497292,206.8123381960158,-0.0031765326718410183,0.7364135161544372,0.25942990436050034,2151.8250469741974,2296.5029792200653,28.08018376069955,2240.342611698666,2352.6633467414645,0.003650400462687987,0.941718643605008,0.359303247297235,199.86799692926922,0,0.36056887971448154,0.33,0
2.332016292837607,2.037943642735974,0.3507033248858776,1.336536992964219,2.739350292507729,0.04399903068438382,2.294408261863583,1.129304142177933,72.26154577305884,72.68021002669643,1.777726133383634,69.12475775992917,76.23566229346369,-0.0009733184751233998,1.2374077197260962,0.49722851805183443,181.09046403230832,193.31581029422603,5.4936764560581,182.32845738210983,204.30316320634222,-0.004772193131454817,0.2846453372190163,0.16241869990039118,2225.3457860068156,2010.7716851603452,54.38702856491472,1901.9976280305157,2119.5457422901745,-0.006251080129474006,0.5405671823348543,0.20042113985776047,578.8261971420925,1,1.1703499058075217,1.0,0
1.380884702182441,1.396628516699074,0.13634596553966497,1.123936585619744,1.6693204477784038,0.0038448594594925885,0.5900619624733385,0.15105617068418356,73.68055065853112,76.68565778052287,1.9083750536034256,72.86890767331602,80.50240788772973,-0.0008382746755874991,1.3353664686726199,0.6868233223862152,174.557254225143,178.71072764442596,3.531650506440695,171.64742663154456,185.77402865730735,-0.012022591923031569,0.9447404463723728,0.2622013477987847,2188.4830230449747,2102.6086189659136,51.98218632612637,1998.644246313661,2206.5729916181663,0.002955334681675305,0.6891562401923685,0.33875909776215674,46.33610427743762,0,0.13056766415158413,1.0,0
1.4748907078607818,1.588008483436569,0.10695115366362419,1.3741061761093207,1.8019107907638174,0.003754160546734078,0.028449577096561762,0.4052920653684359,71.06263572383322,77.92358243864106,2.0215074917897065,73.88056745506165,81.96659742222047,0.001502080497756345,0.7906771358526065,0.2964262816660288,182.77325029244673,190.52392572626172,3.40566515421745,183.71259541782683,197.3352560346966,0.01168073049799812,0.6301545471086196,0.34701619869242256,2217.8927200552325,2206.3214710697125,49.42039316559267,2107.480684738527,2305.162257400898,-0.0074662646551579915,0.32962836568888326,0.19464653087604344,155.8483077709404,0,0.4759841654884707,0.67,0
2.091790043514575,2.064654521308547,0.26681221250220205,1.5310300963041428,2.598278946312951,0.04911973694952939,0.5450086548573729,1.164047153810436,75.61801386554869,68.99887836427095,1.392889811827122,66.2130987406167,71.7846579879252,-0.003475746790384362,1.4583445638245363,0.3811324177023636,183.8729024886587,172.63429840440858,4.780879282074494,163.0725398402596,182.19605696855757,0.004985296782268207,0.47897532003206106,0.14411455452126024,2256.3675044677743,2418.4706322304924,40.83132171720037,2336.8079887960916,2500.133275664893,-0.0007342676062765044,0.6365835271087656,0.16723378946284337,335.283715241751,1,1.0224501631598841,1.0,0
1.5017336884157129,1.4415436774404533,0.15198805480604807,1.1375675678283572,1.7455197870525494,-0.00562327844166497,1.4954803513362926,0.21187021544419937,74.00870249424132,77.71669618112597,2.280567294591525,73.15556159194291,82.27783077030902,0.0004019251938182749,1.3930862969880666,0.6594461466410521,180.1391144281388,184.10888218670434,5.986234343181788,172.13641350034075,196.08135087306792,0.0006296191024272757,1.2013301557187692,0.43593525095202423,2225.33182274545,2114.785020784113,55.01661249188975,2004.7517958003334,2224.818245767892,-0.004833672649383517,0.05692572939132223,0.014820683024115919,93.13241448943732,0,0.37246043416018243,0.33,0
2.672383222599853,2.207697930700503,0.2581366069121235,1.691424716876256,2.72397114452475,0.028102580137423304,1.4505859531310166,1.0152411397918892,74.95057826986215,80.29855294955945,1.708376660819889,76.88179962791968,83.71530627119922,-0.006491629698344513,0.597962002794576,0.14820618344220512,176.3456718990814,165.34195897799736,3.568835186889623,158.2042886042181,172.47962935177662,-0.0009724574243238803,1.1367871831081502,0.46846887336080834,2233.2938911853194,2290.5071753495586,54.09634249498374,2182.314490359591,2398.699860339526,0.003473345620592923,0.5475685402141702,0.13146274088782942,283.3516016059545,0,0.7046557890024546,1.0,0
4.29993099817767,4.291840999156753,0.22951862589415956,3.8328037473684344,4.750878250945073,0.10538542844013207,5.020850555892556,1.208883831200027,82.67323383127612,80.33864237838277,2.690898555442656,74.95684526749746,85.72043948926809,0.0576534848050438,0.784873802690955,0.37304603959703625,179.44534032185246,185.78923721057697,3.1584240590331647,179.47238909251064,192.1060853286433,-0.010619478621549034,0.8754841677763081,0.2023190111355349,2173.712248915962,2413.860055009771,35.83346657002147,2342.1931218697277,2485.526988149814,0.009380854196079431,1.220692529560423,0.5784769967495523,554.3835029953693,1,2.384205339841995,1.0,1
2.571799689450679,1.9789798580585423,0.2924742915125561,1.39403127503343,2.5639284410836547,0.018553555579810574,2.362533254802676,0.4811787329631544,75.76993283209526,77.88712623541365,2.1889068025717466,73.50931263027016,82.26493984055713,0.005456494781476338,0.5391675392733588,0.3076937497509369,179.70931352750384,189.06433788991635,2.982645876056169,183.099046137804,195.02962964202868,0.012369793902083582,0.8868643586259212,0.2890417318381444,2243.577798314407,2282.372200498998,42.9440825315084,2196.4840354359812,2368.260365562015,0.001135669143467242,0.3805041886825447,0.20927381205955267,526.0190984067012,1,1.102249308795374,0.67,0
1.6694132834142874,1.559903735515199,0.16458205116527083,1.2307396331846574,1.8890678378457406,0.00589362043292811,1.3329615473229075,0.3705795483936718,75.9752353504676,68.49319904416862,1.64334518223639,65.20650867969584,71.7798894086414,-0.0016541176136210226,1.3602159074719242,0.7464966948612346,186.43327570273922,164.9662975347468,5.7010078799565775,153.56428177483363,176.36831329465994,0.0067473655263081194,0.22230619900307003,0.10589035140505992,2152.1766428130195,2004.761346663905,47.4406947045812,1909.8799572547425,2099.642736073067,0.005059527918748856,0.7160460365763048,0.3365153128100412,419.4296507857683,0,0.823185327229395,0.67,0
2.449859537258615,2.266242024428023,0.2723689098991379,1.7215042046297468,2.8109798442262988,0.030057658947916427,0.8415365200066738,0.7330949188121165,76.38784646638251,71.35145927239157,1.8295954558707574,67.69226836065005,75.01065018413308,0.0001924924284763612,0.9076068801566155,0.3847855755664357,168.0585377462441,180.18721359806077,4.396161119793554,171.39489135847367,188.97953583764786,-0.002333729052875231,0.19661979255705464,0.09958061866313893,2152.4407814806023,2202.9685084148564,57.6895596479416,2087.589389118973,2318.3476277107397,-0.002883008883714855,0.6099547903274556,0.21547615929785613,426.9084738740627,0,0.9737900923305773,0.33,0
4.465998184659443,3.381471293678194,0.29415330475934304,2.793164684159508,3.96977790319688,0.0994370811045758,3.0793826718457784,1.1802883487483609,80.33785779110978,79.05131039518386,2.8014868776014343,73.448336639981,84.65428415038673,0.07470710674290629,0.777496809031063,0.2674467478141028,173.81739831826664,168.6566404279787,4.5778961696805665,159.50084808861754,177.81243276733983,-0.0040258587587143815,0.671957484573285,0.24337538799173747,2253.842407232884,2398.6176873024647,44.76079284516125,2309.0961016121423,2488.139272992787,-0.006762543447203612,0.37848411639561785,0.21426590501122247,598.5580060240243,1,2.364560451028253,1.0,1
1.558299451849379,1.4785713229940936,0.11133199494130328,1.255907333111487,1.7012353128767002,0.0041738121734504335,0.4677949274083309,0.2678154691697553,77.48651010709416,75.62107549748063,1.9220108945052696,71.77705370847009,79.46509728649117,0.005708140867134732,0.81807676957554,0.4862866444914511,181.64264345613026,172.49694907921827,5.58785330199131,161.32124247523564,183.6726556832009,0.00681917440101552,0.6747963098052452,0.16278074582131177,2220.1172574212274,2136.9394339285313,28.094452283581422,2080.7505293613685,2193.128338495694,0.004946370226171081,0.9320780981428156,0.512320643980089,219.78317568755796,0,0.45888953038753705,1.0,0
4.304330489296428,3.2098214886173033,0.33464171127756825,2.540538066062167,3.8791049111724396,0.06344146769389743,4.9993517446247315,0.7332718594982032,86.17470174292458,84.05010538164187,2.2111375714330332,79.6278302387758,88.47238052450794,0.06089016333343575,1.4084356449411854,0.7437502983261519,176.38330458774382,180.4770450269053,5.7533520048673905,168.9703410171705,191.9837490366401,0.0018557293668565442,1.4075106852315566,0.3835371279044891,2169.800740664209,2026.7750885662792,29.89203318192013,1966.991022202439,2086.5591549301193,0.0012721042165060657,1.1929009677898352,0.33478876364509713,328.97613300048306,1,1.4135455373102908,1.0,1
2.3840874039326043,2.174227618143145,0.3831414352641073,1.40794474761493,2.9405104886713596,0.034561744278902545,1.8649581324737239,0.8646849679473856,72.14670157837931,81.91835226674408,1.4356694220961272,79.04701342255183,84.78969111093633,0.0068268282232057985,0.24242409109544616,0.07688098206520837,178.87620507570796,185.89034637730913,5.16940159659113,175.55154318412687,196.2291495704914,0.0015090037850548986,0.10252757227584935,0.02102195045733321,2209.108531385605,2148.181999236751,46.59100241412856,2054.999994408494,2241.364004065008,0.0012951441074185721,1.4748239799806186,0.6695845792050974,331.09185550099744,0,0.9946845814807972,0.67,0
1.494742858151698,1.4504530697172477,0.14683262842411726,1.1567878128690132,1.7441183265654823,-0.0021421421737778837,0.16040409524361587,0.06977620709385478,72.43382912724711,72.91890143869176,2.3322456964859675,68.25441004571982,77.5833928316637,0.00552131533630334,0.9684701883880991,0.3701297989359915,167.84533676492254,169.09266674900087,4.347637344151874,160.39739206069711,177.78794143730462,0.007964260321859937,0.5381967857360288,0.2619507153045285,2208.5283013385065,2246.6257037540395,53.72248915544014,2139.180725443159,2354.0706820649198,-0.0011689568379985855,0.9564964268841853,0.44171558488997426,189.46859981904103,0,0.8101796844747459,0.67,0
1.5291691823825646,1.382519132666944,0.17153802552157743,1.039443081623789,1.725595183710099,-0.004685702618405214,0.8662674641957939,0.2230297017335567,75.12737991085378,70.19038029641388,1.1233984235443615,67.94358344932516,72.4371771435026,-0.011696836599065837,1.203477271540705,0.4724559637708679,182.1468703770313,174.05361346035005,5.689359871103415,162.6748937181432,185.4323332025569,-0.002022248412345555,1.052590551004652,0.2189486315613669,2213.4230949933367,1996.6261787154438,27.229813979340967,1942.1665507567618,2051.0858066741257,0.0038663061071007227,0.4872528867105977,0.1698998188566945,72.6330921810362,0,0.1851222992051618,0.33,0
2.1091673074974358,2.0712519586607816,0.37796327094548704,1.3153254167698076,2.8271785005517556,0.04244086757168908,0.977973175511353,0.6037176071714362,75.6256444735337,77.43756766160081,1.5798807760265008,74.27780610954781,80.59732921365381,-0.0015174387974921783,1.3496394230523863,0.45140561913206617,189.97172474859926,172.70452387459358,2.957571588102475,166.78938069838864,178.6196670507985,0.007199502781784055,0.3226072071975787,0.14920299314778154,2255.249860090221,2392.3172368777723,38.2140898048445,2315.8890572680834,2468.745416487461,-0.003006774085354876,0.25065013164845085,0.053478030808006505,392.1608525167034,1,1.2421355822183693,1.0,0
1.664197622386541,1.470694076049268,0.07712046692385495,1.316453142201558,1.624935009896978,0.0021068012715335428,0.3382546537814439,0.4657199188467604,72.96941525150037,69.60968992792098,2.218460648375732,65.17276863116952,74.04661122467245,-0.011121920543044344,1.1637921579879777,0.271856960825605,179.64285176881248,190.26027179134906,4.847518339974668,180.56523511139972,199.9553084712984,-0.0017821356026253934,0.025294305123156613,0.006592815318923276,2123.74072816689,2025.0034134657262,26.016396577322677,1972.970620311081,2077.0362066203716,-0.0031179844016631965,0.926610750937497,0.23747470570112805,460.4141380649967,0,0.7964752584878834,0.67,0
1.497201480933356,1.5848547336347676,0.12088752799036065,1.3430796776540463,1.8266297896154888,-3.585605490663406e-05,0.5573118366743829,0.37796307332017165,70.03491202817833,77.09073947862495,1.7511500830759945,73.58843931247297,80.59303964477694,-0.006145855167591586,0.680030306871293,0.3779870837015076,183.08027117768552,187.98409507157584,4.725078723893442,178.53393762378894,197.43425251936273,0.0005380171811147538,1.4752398086996623,0.5414751157968777,2169.570409721536,2053.124279335776,50.01692754747409,1953.0904242408278,2153.158134430724,0.005414207169581956,1.4626717605685886,0.8173194034727438,98.59320787257892,0,0.3113789465156786,0.67,0
1.430691079383254,1.4258636891200576,0.1708843790791019,1.0840949309618537,1.7676324472782614,-0.004272332531335161,1.2284656980936528,0.28901734404551727,74.90320189874284,78.30568062503256,1.3167908135165631,75.67209899799944,80.93926225206569,-0.0029774520340342682,0.737576466225305,0.19793219562794567,174.4708831700068,175.81074631050305,4.399056258539131,167.01263379342478,184.60885882758132,0.002180615443848952,1.3244206498579891,0.4121527748544729,2162.4181864490356,2039.0046367054738,31.01336431249959,1976.9779080804747,2101.031365330473,0.003110704868503196,1.4724041125717593,0.46637810326373075,108.10724378090434,0,0.19257501271088345,0.33,0
2.00812780778533,1.67526593965554,0.43515742300439386,0.8049510936467523,2.5455807856643275,0.04065405122229561,0.5516779444400224,1.1807631104319962,74.79466278286814,77.45293844686852,1.723984648814893,74.00496914923873,80.9009077444983,0.001008264525646273,0.17559661947279398,0.07221781283964876,181.23360694349304,177.87680513831012,2.5351644336919104,172.8064762709263,182.94713400569393,-0.0001994719187585596,1.4257553423837024,0.5039241239459614,2129.7880216869207,2142.9872718532447,39.37857384485997,2064.2301241635246,2221.744419542965,0.004084185057154906,0.3265496982858487,0.19149154606381968,220.7970745855959,0,0.9231020707398516,1.0,0
1.5038161023112546,1.5697279677890001,0.14742423730266363,1.2748794931836729,1.8645764423943274,0.007438442232017568,0.04521197658379206,0.13026369474763183,76.12342205583688,77.30942683914465,2.093442986067487,73.12254086700968,81.49631281127962,-0.004365262798386137,0.5961529085806134,0.21078856879453134,176.55383713932335,188.8837005209311,3.167066053922891,182.5495684130853,195.21783262877688,-0.003485157346824308,1.457763137215185,0.797919020503419,2214.2419847677725,2250.7803395101787,54.729405578226185,2141.3215283537265,2360.239150666631,0.0025743058996758003,0.2921906754564027,0.10674803723380902,262.9194285719905,0,0.621112770459226,0.67,0
4.479351085453851,3.8971920793431374,0.5788362668434076,2.7395195456563224,5.054864613029952,0.09962587528823616,3.6364272198645677,0.8997717976816947,79.97276502698693,78.65221709970827,2.522452092457924,73.60731291479242,83.69712128462412,0.021511604837553763,0.4639970599775926,0.25598680601034185,179.69855504304195,171.14123533431786,5.359948497054548,160.42133834020876,181.86113232842695,0.0025033286069060484,0.07750308248694165,0.031149902455164694,2202.488684359048,2303.500019541814,44.34474765014909,2214.810524241516,2392.1895148421117,-0.002630174213337902,0.5948305229849449,0.15030535233086065,523.9448546721205,1,1.40445517063363,1.0,1
1.5812298744683169,1.370629141955376,0.1446444668700709,1.0813402082152341,1.6599180756955179,0.008561538641834614,1.2190950741473787,0.35557772862277853,74.74289793122973,77.87564305901789,1.1902703352097785,75.49510238859833,80.25618372943745,-0.0004086833801574709,0.4796659335733495,0.16154876293958792,181.35166041580666,197.66865470363985,3.345998062319613,190.97665857900063,204.36065082827906,-0.006027911755118777,0.4897414914948774,0.22977968944393445,2142.3369913662373,2208.9975369175663,52.49057607982838,2104.0163847579097,2313.978689077223,-0.0010882756056905822,0.16874693672082808,0.08263390595706703,38.50940052139409,0,0.10870271179502078,0.67,0
4.4497355161588485,3.8163155901902726,0.32212427067869254,3.1720670488328873,4.460564131547658,0.07126443763710961,5.2590794364385705,0.7174244111452738,81.02959800930543,80.65760086543867,3.6908907574313248,73.27581935057601,88.03938238030132,0.06596388659211816,0.607885083856712,0.3261511389680536,173.9395505403087,195.9103701040201,4.46154220843154,186.98728568715703,204.83345452088318,-0.0006631687319128678,0.6905374068028894,0.37691288653495003,2151.273534766468,2212.495294093318,50.89664422684257,2110.702005639633,2314.288582547003,-0.0004526664115208039,1.377114828298726,0.42968038926020763,587.1927446926261,1,1.5798836996004673,1.0,1
1.4269019195836812,1.376602290412579,0.16266878433743978,1.0512647217376994,1.7019398590874586,0.005235883275014984,1.278521701428957,0.2682132041319243,74.88782854744265,70.2757889678709,1.382567436377815,67.51065409511527,73.04092384062652,-0.0005356360858533813,0.6034119360353469,0.30153530180106947,181.06416303562673,186.92204186826865,5.162343733586445,176.59735440109577,197.24672933544153,0.001663063794749874,1.4117174208058199,0.6272454017760551,2138.5527546764056,2267.593744178381,57.068184165962535,2153.4573758464558,2381.730112510306,-0.005159989456826195,0.01634320953801449,0.008956817808643379,119.21550970634188,0,0.4147386189603001,0.33,0
2.8742643619457713,1.7797180461960034,0.2502542411981074,1.2792095637997885,2.2802265285922183,0.021648932743131045,1.5646205267598212,1.1443993998867352,75.5012564642066,68.06961229535487,1.1396166853947152,65.79037892456545,70.3488456661443,0.0001125648719886375,0.06509576786784127,0.02209293014134793,168.61218696575457,167.81823848273433,3.996921258117114,159.8243959665001,175.81208099896855,-0.016080285996285682,1.4340295657298505,0.40998052043597827,2286.2846896407386,2226.8392087411944,38.22889244744495,2150.3814238463046,2303.296993636084,-0.004353105115629424,0.9134986665778928,0.2880122328632324,254.72144538611514,1,1.026718775742705,1.0,0
1.4554913980509725,1.4722091376067654,0.11694840229515248,1.2383123330164605,1.7061059421970703,-0.005233330293158445,0.47961090978972926,0.11606353063598501,75.6322089062128,77.28555988110851,2.1198654981862415,73.04582888473603,81.525290877481,0.0028185736121446466,1.2765188643261955,0.3914643126368251,181.79071338902077,173.72446411575447,5.825638378060841,162.07318735963278,185.37574087187616,0.0058087115025288304,0.39224173307980753,0.1437231756463509,2212.598940545302,2038.6127621877179,48.54805928006341,1941.516643627591,2135.708880747845,-0.00010365764007846332,0.1766854432881188,0.03969708120935945,133.74801365889368,0,0.37785982222776393,0.33,0
1.503018585449356,1.48754933686369,0.13804965064127875,1.2114500355811326,1.7636486381462475,-0.0041248034329562045,0.8276733425911554,0.2726440025162836,72.59836200032991,73.74171533708812,1.0662899682575753,71.60913540057297,75.87429527360328,-0.002454744748659332,0.29396808373750155,0.12722275960217175,177.23237315823224,166.62622874482705,3.5680541568805135,159.49012043106603,173.76233705858806,8.916127264878764e-05,0.4901340708645463,0.15479272043908335,2201.8783429353625,2211.595575864086,25.3698492971055,2160.8558772698752,2262.335274458297,0.007720463317620226,1.0102747912081635,0.37327236095490596,89.47781882923759,0,0.2212929947303484,0.67,0
4.361820367872189,4.1368870223344025,0.35284939778398927,3.431188226766424,4.842585817902381,0.06322687150984817,5.259230914653051,0.8032613035892321,80.53112478877038,78.55537974857685,3.0422691628905256,72.4708414227958,84.63991807435791,0.06176479169402235,0.709174427608624,0.289875469498725,177.5630529185495,179.68593890370687,3.1305552670641674,173.42482836957853,185.9470494378352,0.006480315308906981,0.03802290639590772,0.018099616577893496,2144.6421591598773,2098.1477390477794,38.5382534718158,2021.0712321041478,2175.224245991411,0.0029567462087920016,0.12087121842977039,0.031289364273126986,341.80604150210814,1,1.3166873507282042,1.0,1
3.964013772500991,3.1707148270425796,0.4583289545145937,2.2540569180133923,4.087372736071767,0.11369023174547432,5.198689915233439,0.8788171874551782,79.28783916635739,76.33445056458845,3.2250895353640225,69.88427149386041,82.78462963531649,0.05634675496716142,0.5069702129741576,0.20754251190225195,189.4569392477517,166.3667628048439,2.5963785195431295,161.17400576575764,171.55951984393013,0.002731421240018498,0.5763100694787003,0.12425153178231589,2200.321113490547,1989.7386070645045,35.12356701904291,1919.4914730264188,2059.9857411025905,0.007993235852523584,1.3501247745247211,0.3327457898866523,629.0848066370276,1,1.6081567325905586,1.0,1
1.4146372004279484,1.4657969177456163,0.17341246902783194,1.1189719796899524,1.81262185580128,-0.013875942305540512,0.02077145325957286,0.16074989324483377,78.58490164627719,70.70736893029095,2.284670057939322,66.13802881441231,75.2767090461696,-0.004538288541207323,1.4198933872473338,0.3792815053814337,183.9145349745161,179.7605080755151,4.987189083332471,169.78612990885017,189.73488624218004,0.001891294911589612,0.8759619784324004,0.33846253761642237,2204.0952706302037,2242.5677807168818,59.00036080128071,2124.5670591143203,2360.5685023194433,0.006060533563589023,0.927593226638186,0.32661865354585307,275.22848642097114,0,0.5775675175818491,0.67,0
1.4742038691171866,1.447130747631466,0.14618979160047135,1.1547511644305235,1.7395103308324087,-0.001828903726510032,1.2263918204273194,0.20220750655054584,74.85682861421225,78.60319800525706,2.256274551796276,74.09064890166451,83.1157471088496,-0.006571425489040601,0.4326875256271926,0.1296366376197409,177.5892869449765,167.919404330337,3.32964528121538,161.26011376790623,174.57869489276774,-0.003641646342108704,1.0936549253923142,0.3289312711449087,2238.4097064052926,2144.0780431016483,35.53805131628248,2073.0019404690834,2215.154145734213,-0.006777709305820632,0.16443747949500342,0.06511027907954461,212.9628674649115,0,0.6059096686458241,1.0,0
4.260489538107834,4.146700258716359,0.5631044974600714,3.020491263796216,5.272909253636501,0.05874168078710839,3.2033304178113666,1.1916589989378683,84.94151131140312,76.99736235607277,3.532286101011196,69.93279015405038,84.06193455809516,0.0710079640811022,0.924975515783862,0.3577297486603999,180.63206414716808,180.96211244868547,2.5593919526041327,175.8433285434772,186.08089635389373,0.0036141344749275606,0.9989207491206964,0.5284919956978208,2205.5899579101692,1984.629969456835,27.527461486731582,1929.5750464833718,2039.684892430298,-0.01585212867939028,1.0266530416039612,0.41198371612552187,646.3543771529482,1,1.83087782428023,1.0,1
2.9285413466370906,2.321695097895412,0.38810481116311896,1.545485475569174,3.0979047202216496,0.02744193191890351,2.1922383711102236,0.8566419301585051,72.78429436088697,73.643861876206,1.4013248138018322,70.84121224860233,76.44651150380967,-0.00031872642751983087,0.5504367477254929,0.1285595577808499,173.70990044366832,194.69435199155186,3.56951760764739,187.5553167762571,201.83338720684662,-0.011837388266866391,0.8464515970047453,0.20806893112269773,2217.6885315445693,2438.3869459603916,37.73647922733664,2362.9139875057185,2513.8599044150646,-0.00474374347634,1.2499114575431365,0.4771015647904335,317.91904862494215,0,0.7644719298651319,0.33,0
2.7501343570910035,2.574976544569451,0.23252096994597488,2.109934604677501,3.0400184844614007,0.024670083057037606,1.6988610840552434,0.7542045062797518,75.52850952721468,75.78667540577474,1.007488584171912,73.77169823743093,77.80165257411856,0.001992240227560004,0.2095808504684311,0.049974625196896875,181.22702030602906,179.75416645280688,2.993941414047627,173.76628362471163,185.74204928090214,0.012708099233593962,0.0011842666398281798,0.0006206220811885257,2211.6521475764744,2371.6602682324105,48.284549268291876,2275.091169695827,2468.229366768994,0.0009005273373270746,0.2458975814298041,0.12156719651609492,283.99131020733245,0,0.9780346052827877,0.67,0
1.6205893919377312,1.532103183982101,0.08932736741839814,1.3534484491453047,1.7107579188188975,0.006833733683471985,1.45410016884928,0.1863776669216815,75.62628604626707,76.78854811008287,2.07908176349485,72.63038458309317,80.94671163707257,0.0039784351006119335,0.995166590458449,0.2849405511201093,186.9231522908827,195.60306881441173,4.374378372290182,186.85431206983137,204.3518255589921,-0.0052751037768859225,0.7587160252795726,0.33568308322846363,2163.9860711706033,1989.7283993699866,39.931888071673804,1909.864623226639,2069.592175513334,-0.006111814035021271,0.502241777333026,0.21408225545419965,35.107661781872984,0,0.0684422267561681,0.33,0
4.71609796147818,3.638433748576535,0.3359887455172993,2.966456257541936,4.310411239611134,0.057893940294655555,4.665850694396006,0.9324690216854621,80.70786394676136,79.76362223258418,3.8451628324659897,72.0732965676522,87.45394789751616,0.03114398432031114,0.7081435719524959,0.2915800131980925,174.5229954849538,197.29833750207587,4.2553128612255815,188.78771177962471,205.80896322452702,-0.0009344807908099243,0.9928704489555173,0.4969027222761756,2118.476337814243,2297.468208579989,39.084219075475914,2219.2997704290374,2375.636646730941,0.008736815989577791,1.3268803323444205,0.7406979582946801,614.0066108717748,1,1.6080414994695353,1.0,1
1.6890026609132054,1.348027719048169,0.12636548195337607,1.095296755141417,1.6007586829549212,0.002408813545368226,0.3705762287279264,0.5931782675402199,73.28832766278694,73.85598906778863,1.6853555593532246,70.48527794908217,77.22670018649508,-0.0031276918013233507,0.09200789831887796,0.02192311872815049,182.97191185386947,194.49690151724946,2.9975549057875552,188.50179170567435,200.49201132882456,-0.0021709880897191535,0.31511129263017207,0.07348087724807793,2142.9316513359067,2290.900915958562,52.158211069704194,2186.5844938191535,2395.2173380979707,-0.003600940058380221,0.7365029553191427,0.17573919603143615,331.88122534558596,0,0.584928418832777,0.67,0
1.3956933801774356,1.4463690238183289,0.1351979431800098,1.1759731374583093,1.7167649101783484,-0.005537307043138453,0.1453626520167166,0.20327696664325087,77.40283406357405,69.85987987423731,2.164409568391885,65.53106073745354,74.18869901102107,-0.005585708806023064,1.2789336562141753,0.3438631297610895,188.6907337916307,189.71044790794562,3.2985856703320455,183.11327656728153,196.3076192486097,0.0018745384315038789,1.1116286966073297,0.36423159679713385,2135.9693927319445,2013.193130651876,30.17032349389961,1952.8524836640768,2073.533777639675,-0.0025769689905771045,0.47236432129007444,0.20645685319755905,22.843622266151876,0,0.06652948127474527,0.67,0
1.4058049412812055,1.3853241806265497,0.1685345642386296,1.0482550521492906,1.7223933091038088,0.0033845061884717888,1.3772588148661113,0.022600090232963034,73.63986873749002,76.29294246344563,1.105913642772959,74.0811151778997,78.50476974899155,0.008490048424431266,0.8980053862604457,0.4101016281608237,177.09705099576388,198.63473593741634,3.5358031413082274,191.5631296547999,205.70634222003278,0.0013954866861077184,1.4050523467606908,0.694185107055507,2092.021666117867,2234.04020335094,50.50480466105771,2133.0305940288245,2335.0498126730554,-0.005956470529425073,1.1265182591326652,0.32710232320145755,85.83074301213614,0,0.35756879140303155,0.33,0
1.4285590465848932,1.6598856236814412,0.11647622535143817,1.4269331729785648,1.8928380743843176,-0.0012336864027673747,0.250687292278199,0.4651979534644909,74.17812984685227,72.07769515789234,1.4623615477163978,69.15297206245954,75.00241825332513,0.004226401523034242,0.6215221626474399,0.23213312790823568,180.55472399122667,187.38132644664205,5.294095968171714,176.79313451029861,197.96951838298548,0.00028091959196160167,0.18037766022986518,0.045074484772802646,2196.2609351674346,2412.727515966655,59.6277624893152,2293.4719909880246,2531.9830409452857,0.0007299795715631997,0.9159630999476663,0.4077495609058015,118.27298102094014,0,0.2357111618922662,0.67,0
4.509144836811143,3.3591722608502694,0.25969978789658954,2.83977268505709,3.8785718366434487,0.07681743677449134,3.5307386433507673,0.8895642313290445,81.81341686056362,75.38618741218274,1.6832144901425594,72.01975843189761,78.75261639246786,0.043514633776634545,0.6760560566394457,0.34421333795353354,182.62595195168865,169.64710222637032,5.634914804933158,158.377272616504,180.91693183623664,-0.005011085094633624,0.6169559580993469,0.1827501494550587,2162.378238132348,2290.52522272877,38.89472567726159,2212.7357713742467,2368.3146740832935,0.002610712729669679,0.2344754560632913,0.11610764519001357,563.9580606140603,1,2.0726520727978723,1.0,1
4.520494277698572,3.4747157659806582,0.4709572519555491,2.53280126206956,4.4166302698917566,0.10657815548409963,4.481261760564453,1.1878009765361357,81.65491888481486,75.12747820254283,3.5844605463346078,67.95855710987362,82.29639929521204,0.051484138259685924,1.0403201671606805,0.5540466566267814,176.4863599204368,161.27669947536532,4.837537673452847,151.60162412845963,170.951774822271,-0.0005811452156097909,0.9171954168384913,0.43236590786492585,2210.7356591585262,2106.383255689914,34.85656147369711,2036.67013274252,2176.0963786373086,0.004776502791188764,1.4450404806690569,0.29495270131395196,726.9599577504991,1,2.1181200113218406,1.0,1
1.378564891973119,1.4771567363156302,0.12659844423540256,1.223959847844825,1.7303536247864353,-0.004840064822946404,1.143788515640964,0.31688707518519016,77.2956055835195,79.11915954006747,1.9338021457532104,75.25155524856105,82.9867638315739,0.009944423193774267,0.11969556983918611,0.06470987244880501,187.89516850546,165.50475390935725,5.9076267708024455,153.68950036775234,177.32000745096215,-0.0021606052156470986,1.1120924584196246,0.3684839857598132,2322.0461982728266,2184.058215198463,35.418257707526,2113.221699783411,2254.894730613515,-0.00384127660195885,0.6619666685826904,0.2155806759657937,191.1062607315674,0,0.5465095616966076,0.33,0
1.4496743175283862,1.3423553144331495,0.09764307167197726,1.147069171089195,1.537641457777104,0.005056477239864599,0.27918336679313405,0.15266175105254798,76.49336971218936,68.36618181907248,1.28807873073612,65.79002435760025,70.94233928054472,0.006711283914300904,0.38616299268364823,0.20340008398781226,176.86434502735915,184.2667698881151,4.11304571831835,176.0406784514784,192.4928613247518,-0.0008866139394501932,1.1121298362944998,0.29318582446972985,2212.6446397845157,2277.0357578873604,53.71376735496458,2169.6082231774312,2384.4632925972896,-0.0016337229497054595,0.20403963731640412,0.09841459295189094,290.27030428594117,0,0.5110964878844354,0.67,0
4.706973296422966,4.087113562672359,0.4329690632828986,3.2211754361065617,4.953051689238156,0.1248073179429532,4.571636961738893,1.1261791387473221,83.67358955498626,77.93399350678513,3.8274007367825194,70.27919203322008,85.58879498035017,0.033476936710631115,1.2814499689595569,0.5275090170311727,171.31135122474353,181.14399969982117,3.3424244914137673,174.45915071699363,187.8288486826487,-0.00110626811792886,1.3303873503139043,0.6097488844037523,2186.159335005554,2103.2921615584346,51.42646750611974,2000.4392265461952,2206.145096570674,0.0014128997524414982,0.6908092459112101,0.3708260033343674,763.7791273897728,1,2.209381680449642,1.0,1
1.3705777131191077,1.5157598276091662,0.16109021383240693,1.1935793999443522,1.83794025527398,0.007013821552903501,1.3201652474588044,0.3227301768125322,76.37491279575606,71.3370385493261,1.7946201407811473,67.7477982677638,74.92627883088839,-0.0016727301446181136,0.5300230062992096,0.2296524530615895,188.1261137264399,169.82406199746288,5.342013787895771,159.14003442167134,180.5080895732544,-0.002834939569213389,0.7407473854804021,0.40377586276584454,2106.6991163227754,2270.7589790571283,51.37760932097114,2168.003760415186,2373.5141976990703,0.0008412955117729575,0.6990870274782565,0.35165346562403876,250.28346121399605,0,0.6392988274617303,0.33,0
1.5245408864426682,1.570279661241473,0.07856368212095913,1.4131522969995547,1.727407025483391,0.0037926127038236533,0.39373937775723306,0.07343173571307601,75.89065632435116,70.03988332972115,1.9494318758690672,66.14101957798302,73.93874708145928,0.0004194630967304564,1.4772219942114273,0.5521237012393172,179.41840142067443,166.47994696426946,3.799929158019225,158.880088648231,174.0798052803079,0.005698143773078808,0.5002260626542321,0.214608620588599,2139.348508552098,2117.158755120148,25.811162929395408,2065.536429261357,2168.7810809789385,-0.00964754844770836,1.1875961750375892,0.532203542451481,61.55336027541282,0,0.2222987008728201,0.67,0
2.6377759312253444,1.992341394716204,0.413082916431258,1.166175561853688,2.81850722757872,0.04033783827999457,1.7301466800370213,0.6026638242758142,73.254192649347,68.21868454505496,1.4716976249496536,65.27528929515564,71.16207979495427,0.0005520902347305978,1.129799552871344,0.3589816813412985,183.90862094157157,172.1075889911347,5.117218233952352,161.87315252322998,182.3420254590394,-0.006578987041090706,0.7819062103378036,0.44455984056661124,2176.7024510963975,2250.7092533852356,45.70350790743806,2159.3022375703595,2342.1162692001117,0.00897262424196106,1.1010960525346618,0.44702180891322596,503.4034565466291,1,1.1332933475899767,0.67,0
2.8233745651944173,2.2294675261949406,0.2271825798576845,1.7751023664795715,2.6838326859103097,0.015601792485369161,0.8283699281127175,0.862892910045021,76.4294912997779,79.0675926066443,1.849407411695125,75.36877778325405,82.76640743003455,0.007295111741459443,0.9430820805383732,0.3975008851156747,186.7020321005711,198.16764031474935,3.254739169540472,191.6581619756684,204.6771186538303,0.0016277290766103594,0.12570623864259117,0.04942238504301546,2264.5230370688173,2176.092763522179,43.447482847971045,2089.197797826237,2262.9877292181213,0.0005374285916570943,1.2420649286613783,0.32666334853623613,399.5472146065855,1,1.0561663266678487,0.67,0
4.119329845406915,3.7971181932230285,0.5231383767765034,2.7508414396700216,4.843394946776035,0.12622851347766156,3.721369134590622,1.118852165650783,82.016874861097,75.84349189870623,2.906773835106039,70.02994422849416,81.65703956891831,0.020345519629887295,0.6433365227203798,0.25564633255581853,173.60988708281812,184.57120836745295,4.070427679178858,176.43035300909523,192.71206372581068,-0.003194808738447511,0.3409044408947272,0.07816201436616718,2133.845510329625,2235.1951259101406,38.29250230627304,2158.6101212975946,2311.7801305226867,0.011262179026721544,1.295000474357738,0.527884558064293,364.8652631830613,1,1.2333346855483664,1.0,1
1.9720760475805825,1.7268842819012533,0.38021428877309194,0.9664557043550694,2.487312859447437,0.032622573022718176,2.327629596672425,0.5502088875456315,75.71585539996977,73.08709691396099,1.130804613579499,70.82548768680199,75.34870614111999,0.006779026697157507,0.7265143534081873,0.17170096763308113,178.20150582013335,192.1741272332895,5.391902052662242,181.39032312796502,202.957931338614,-0.006121936366789772,0.8237335361853588,0.402592569850079,2155.3613346361926,2418.700427622265,54.127902422636694,2310.4446227769918,2526.9562324675385,-0.0012494686790602307,1.2695231697996348,0.5984347121271058,489.41508216269,1,1.006602858126752,0.33,0
4.447734626939933,3.352253935644603,0.29737704670616427,2.7574998422322743,3.9470080290569314,0.13421937308731147,4.4961578121512185,0.8098856898129595,79.2939173771586,76.72841491260344,3.8080961261101685,69.11222266038311,84.34460716482377,0.0590153042656197,0.4201616137608743,0.13744565921532811,174.93485244188582,161.31323904565173,2.9316147187635226,155.45000960812467,167.17646848317878,-0.008442525940342501,1.159260125139755,0.6042854441575193,2143.9976288765065,2032.0906149783086,52.94587267679167,1926.1988696247254,2137.982360331892,-0.0018663412297065705,1.0608424925031348,0.29295453398164517,365.6108298952962,1,1.3375465323134685,1.0,1
1.5321056917081939,1.6356371338724884,0.13630106513441165,1.3630350036036651,1.9082392641413117,-0.004726335397366412,0.12780664633715438,0.36906906747248586,68.68182397290951,71.89242580179067,1.924588116681425,68.04324956842781,75.74160203515352,-0.0038584322914144782,0.17540390737599293,0.04825865329075924,177.01008867510035,166.624489838635,5.461513680282485,155.70146247807003,177.54751719919994,-0.006489205499536663,1.4047731738960054,0.2954750103597188,2135.0160723834815,2222.545540771025,48.495446818206204,2125.554647134613,2319.5364344074374,-0.009882971599978654,1.450907433516265,0.8071643858056685,343.29044159849064,0,0.7353788573368176,0.67,0
1.5279895112590414,1.6024747608689445,0.1511869754452984,1.3001008099783475,1.9048487117595414,0.007909405623791263,0.841877943766443,0.22557277322901756,74.31523828932275,70.06450244572895,1.8804228583922546,66.30365672894443,73.82534816251346,0.0026611886842575856,0.018125618271643218,0.008780969703388116,187.7547064967348,195.68099045396897,3.4155635860282345,188.84986328191252,202.51211762602543,0.004851242573340779,1.024490619353354,0.2981024239558642,2247.5535175869454,2082.7658398859407,42.238489870886134,1998.2888601441684,2167.242819627713,-0.005247732297409037,0.5799433014740761,0.1856357562578409,264.31302951965574,0,0.45647492619422997,0.67,0
1.4833288012207273,1.6689058481591894,0.10122022343167526,1.466465401295839,1.87134629502254,0.001535137589646814,1.0596129604132507,0.08993946662490777,74.24568843437746,75.99911040429441,1.3262069271686343,73.34669654995714,78.65152425863168,0.0015150814623748142,1.2164528977050595,0.4874667931669924,177.80843861780264,173.32062533567148,4.479766471813891,164.3610923920437,182.28015827929926,-0.001287152620554233,0.49400611792035104,0.14110543128519443,2149.4214862147805,2382.3469648279324,51.68103870847875,2278.984887410975,2485.70904224489,-0.005674870824496287,0.3127590722103235,0.1365587254741971,275.07812994811394,0,0.5731778605686131,0.67,0
2.253972758375706,1.9076498871805583,0.4250518550386746,1.057546177103209,2.7577535972579073,0.043809022326429595,0.6078651656817424,1.0278088373427212,73.25645051806147,81.40712461666796,1.3080927566985685,78.79093910327082,84.0233101300651,-0.004029958655297077,0.5827967220090631,0.3183765427777335,176.66479262105656,172.06525327997477,3.4943645222960154,165.07652423538275,179.0539823245668,0.0027550853011314973,0.37810483027525726,0.14431013174478158,2163.325896666086,2138.8437678573905,28.143901340022943,2082.5559651773447,2195.1315705374363,-0.0009450714884123708,0.8861305820295973,0.3896718655855818,312.3115482338009,0,0.959106215387218,1.0,0
1.4038907081060032,1.432578186481489,0.17892090349896214,1.0747363794835647,1.7904199934794134,0.0050246514703394165,0.4602571960539275,0.20235847086791933,74.21439796623771,80.40084235441087,1.1224714480512992,78.15589945830827,82.64578525051347,0.0147262314496755,0.9837734228608112,0.5553381909488585,178.76066470377367,193.84359824425286,4.788802852629742,184.26599253899337,203.42120394951235,0.011841672712002187,0.6236833523658797,0.1995765448876194,2242.8024047387757,2013.5959339827634,47.527182584186725,1918.54156881439,2108.650299151137,0.005881720280857273,0.3655756982512893,0.07638264555585415,231.85768831175608,0,0.4429108285566615,0.67,0
1.3984371864822505,1.4140520734870727,0.1694477898138124,1.075156493859448,1.7529476531146975,0.004509991891050465,0.6803056601485775,0.03039231728247414,74.12552811568325,75.5731975360196,1.3380762506904627,72.89704503463868,78.24935003740053,-0.0011572610749382712,1.0589636626873546,0.3398703178955847,180.36343363641032,191.17949371567602,4.660528392603305,181.8584369304694,200.50055050088264,0.0006495945220563984,0.29081459908922896,0.143474424666328,2208.969901959022,2184.526918376443,44.94683063412337,2094.633257108196,2274.42057964469,-8.01249520680927e-05,0.7382009885960099,0.3005723320349906,422.4238088541892,0,0.7658696373650011,0.67,0
2.7113508198425333,1.9263729501889122,0.2291526942846801,1.468067561619552,2.384678338758272,0.031824338577086025,0.6680034290412513,1.185316265033894,73.76326995991174,74.71192769080844,2.204716081222423,70.3024955283636,79.12135985325328,0.00710309146387004,0.8709296407235306,0.443508775858904,179.37784607928094,174.5057367859114,3.24902489610856,168.00768699369428,181.00378657812854,-0.008631173920060334,0.7132897824392901,0.2334384068750734,2222.017699693896,2405.2180539041483,49.46595949147332,2306.2861349212017,2504.149972887095,0.003302104679706558,0.01764764155049653,0.007679446695636272,428.92347423532516,1,1.2240304986226285,0.67,0
2.9683118245030924,2.685905900347554,0.2973082400416958,2.0912894202641623,3.2805223804309454,0.011499518274786374,2.129584003271792,0.8266290362733301,77.33716923039083,75.72316727727043,1.4800489278885716,72.76306942149328,78.68326513304758,0.008051464902414355,0.6275533651980107,0.35869613303892467,181.27203439373326,194.5753352833399,3.8338826410289895,186.90757000128193,202.2431005653979,0.00768698365342145,0.7225497570185114,0.26030804381826333,2270.705519530339,2438.8822179295844,34.43465926383608,2370.0128994019124,2507.7515364572564,-0.002380312788889335,0.15025398935599482,0.0512324648960485,227.80826502342978,0,0.7099222747364025,0.67,0
1.5789252872558444,1.466269126346466,0.10072439241758112,1.2648203415113037,1.6677179111816283,-0.0037995699694630698,1.2159099187935587,0.30684528439234904,75.69831676757457,75.9683363530895,1.2315849015238063,73.50516655004189,78.4315061561371,0.0005090321861312995,0.2762047198062547,0.05980866137988675,182.41421615642366,162.77538797738066,4.456571187532018,153.86224560231662,171.6885303524447,-0.0050401103083333836,0.22925354157397615,0.07911569085416474,2182.0725250180794,2307.939707225083,31.538310474486497,2244.86308627611,2371.016328174056,-0.0016723670921580242,0.6697886139933553,0.14579004465639794,173.82256967163335,0,0.8046208806157106,0.33,0
4.286153538658896,3.546326606056255,0.34992996973999907,2.846466666576257,4.246186545536253,0.11213306241557072,5.478766226592173,1.0773270094626561,79.5795269915487,79.55356245966402,2.1585480373973245,75.23646638486937,83.87065853445867,0.023229831494507545,0.7370236565451747,0.2630898797649504,179.46756058409727,190.20577551250156,4.054641924074282,182.09649166435298,198.31505936065014,0.0005171906465405319,1.2921685290319864,0.7060593235316367,2302.1038020071874,1988.5210829455777,41.91312265564023,1904.6948376342973,2072.3473282568584,-0.00011139489591856659,1.4803439180824463,0.7428776494693967,474.44824856432706,1,1.899913473073045,1.0,1
4.200474076708119,3.318312840250799,0.26837456096833934,2.7815637183141204,3.8550619621874773,0.09181447881627997,2.9086966081249264,1.0975735635946378,85.48473485135841,79.12159023979322,1.840589352934904,75.44041153392341,82.80276894566303,0.020995548837955874,1.6118542763847012,0.803534509430404,174.33665474061553,170.93379564528223,5.422315219930414,160.0891652054214,181.77842608514305,0.0024560383270599813,1.3896956969342773,0.5112008866678223,2182.0985310126507,1973.6335464857834,26.002834965217907,1921.6278765553477,2025.6392164162191,0.006591511624263346,0.8748785884688351,0.1789310565966156,571.3737228885244,1,1.5983626695143829,1.0,1
1.5854983357697818,1.3942071495348936,0.15368687340432594,1.0868334027262416,1.7015808963435455,-0.0054346190825027675,0.9089412112361919,0.4271052972202055,78.6269277145971,72.0232754025871,1.00435522867254,70.01456494524203,74.03198585993218,-0.004919740329412773,0.8231587706426546,0.2966886882260026,180.76640173605304,182.34921104884663,5.4157257146083415,171.51775961962994,193.1806624780633,-0.0008779806733147618,0.5882161794965314,0.12529702355567313,2290.6445109970464,2126.804826255694,34.51420484087166,2057.776416573951,2195.833235937437,-0.011268782076803588,0.4111991382200501,0.0924164735475476,181.97574573224477,0,0.40845552243627703,0.67,0
4.028990762004289,3.4620384733719223,0.22776953709843736,3.0064993991750475,3.917577547568797,0.10190597909082703,3.7384431154452518,0.7354965958859129,84.75267380866771,80.26656005593192,3.7121898101474997,72.84218043563692,87.69093967622692,0.05905264214283165,1.3175242899955308,0.6059127357957506,174.13698371569342,184.25132823521466,4.816437164472825,174.618453906269,193.88420256416032,0.008362861934188517,0.6978084184255773,0.15634881687338073,2220.9509504683024,2235.491938872976,32.032679103066975,2171.426580666842,2299.55729707911,-0.004603367965396832,0.803741526709622,0.19182945623629252,633.2355266783793,1,2.1830123275638194,1.0,1
2.525264351169081,2.318894945940359,0.3557056271054126,1.6074836917295339,3.0303062001511845,0.03502358333879011,1.9455240656793935,0.5637580399676478,71.04577364109109,69.23272570215552,1.8570097502587464,65.51870620163803,72.94674520267301,0.009912352250844638,0.8238769070668415,0.25475222930201297,177.17773283067942,191.97052944864853,3.152788543764209,185.66495236112013,198.27610653617694,0.0008780177490218511,1.114096295644979,0.5166728880387085,2192.4024438264005,2171.3223612291376,51.56261820151384,2068.1971248261098,2274.4475976321655,-0.00233869341929291,0.44562082481699755,0.1651564988574811,196.09362209470555,0,0.7666314666268655,0.33,0
1.3478672734440724,1.5398630237426414,0.1539946100356617,1.231873803671318,1.8478522438139648,7.847806637911861e-05,0.40957921325735586,0.3884965003752547,77.00515280114935,70.58677620907771,1.0421439078367867,68.50248839340414,72.67106402475129,-0.0008307528014968307,0.8890883245859078,0.37580988736346266,182.36616537446181,195.05399344276762,3.9285740031490124,187.1968454364696,202.91114144906564,0.0017265809728769055,1.3106191476127655,0.30141794475425854,2151.9510469576385,2239.0981086930665,55.072798136562895,2128.952512419941,2349.243704966192,0.008197102742532018,0.12131465969021754,0.0293707770687988,247.0471629659446,0,0.4526213759090104,0.67,0
4.00166487207996,3.1692174019750814,0.5446659538796403,2.0798854942158007,4.258549309734362,0.10771170823879064,4.5533228146388804,1.1675956891174673,83.22708917559879,78.53496107670226,3.399663835091845,71.73563340651857,85.33428874688595,0.07478248801339135,0.7574914392270968,0.3572609059295709,177.13902964853278,167.966185565185,3.572454072728627,160.82127741972772,175.11109371064225,0.010623857015084807,0.6397496208627917,0.2854360083971436,2266.56695309942,2016.9617735176644,32.48981375444097,1951.9821460087824,2081.9414010265464,-0.006467538126020479,0.424926605238866,0.15302675085118628,441.37811672389523,1,1.2180207766867182,1.0,1
1.430296961621379,1.6574942788488194,0.16430482150852233,1.3288846358317747,1.986103921865864,3.4924581279693446e-05,1.4979718274013312,0.43716041827782337,73.72760311759575,78.11745213978281,1.228082546671407,75.66128704644,80.57361723312563,-0.0018553201445042624,0.4063290825395621,0.08831085089878396,173.31814348361564,188.72674584472767,4.028528953544833,180.669687937638,196.78380375181735,-0.002256876155406718,0.27040730402756413,0.12189397252622743,2207.6764228625175,2285.5771606373446,48.93931163960663,2187.6985373581315,2383.4557839165577,-0.0033961096860905017,1.4450900675547735,0.41337103488580007,223.5498683824412,0,0.5314115536883754,0.67,0
2.8447465420472,2.34460759330177,0.42944750130158094,1.485712590698608,3.203502595904932,0.04234053093041643,0.6482383487719161,0.7267528409978665,74.30891451716502,81.78690486008372,1.5543175341395636,78.6782697918046,84.89553992836285,0.001344024672196154,0.4071909945314864,0.12894252883594012,181.09199822705386,161.92907434690412,3.110436901257452,155.7082005443892,168.14994814941903,-0.007572070311990603,0.3884976817921495,0.1535868311075748,2227.435023819745,2259.0378481142207,59.08118749412862,2140.8754731259633,2377.200223102478,-0.0034847073006904834,0.5957287499143805,0.26187999714396526,270.90318887063273,0,0.9942757150944926,1.0,0
1.836608776790512,1.4514767889630014,0.08140854045018996,1.2886597080626214,1.6142938698633813,0.0014264097558374714,0.7719191868566424,0.8494021815089567,75.64404095931043,72.48974194396874,1.4396205943427687,69.6105007552832,75.36898313265428,0.0019785576620847665,0.1778114054634724,0.06791588062706584,172.81628880870844,163.3467593571326,2.5700180754915896,158.20672320614943,168.4867955081158,-0.003775169979552493,0.0895107905056608,0.034808369258598225,2294.830203428696,2202.150053164932,32.32069392012928,2137.5086653246735,2266.791441005191,0.0009618446351875555,0.4678315263224216,0.11534997951828369,320.5410374915552,0,0.8374473526900285,0.33,0
2.481542587895424,2.4189669092300123,0.41666328198425995,1.5856403452614924,3.2522934731985322,0.030970317116153424,1.1790578382613865,0.5817663902639759,72.3419847255531,74.65497120736853,1.804934890521498,71.04510142632553,78.26484098841154,0.0015262432980878552,0.7128697898808007,0.38626352344667275,183.9444210377432,177.920060655904,5.493600625270284,166.93285940536342,188.90726190644457,-0.0019637530919853984,0.8811227456890002,0.4895843631843367,2082.2758538651697,2255.6514816236936,34.82065755910291,2186.0101665054876,2325.2927967418996,0.008832286232687808,0.20164662425360103,0.10599086225137885,484.82178451254975,1,1.269722462268191,0.67,0
3.9335722839905407,3.5110534716817505,0.282533487362317,2.945986496957117,4.076120446406384,0.08642698610480755,3.45467035981377,0.9642940671987996,83.92796121472024,82.13710503610397,3.1069609347781784,75.92318316654762,88.35102690566033,0.024905541916932315,1.431709953868339,0.8047263496465861,184.25677132300254,188.00680327000836,3.2327226316784863,181.5413580066514,194.47224853336533,-0.0013752584857582202,0.9273821572954439,0.32232600222706054,2084.9039417632207,2192.1636295444214,42.90871047404832,2106.3462085963247,2277.981050492518,0.0015562507727176805,0.7981702278979734,0.19385064906573599,547.817340782812,1,1.89240244639153,1.0,1
1.6418238493067214,1.5864557797900298,0.09749602413891771,1.3914637315121945,1.7814478280678652,0.005997689193239546,0.41656641286256463,0.44723055406626083,76.69168768936937,68.19254922002483,2.1772401439459084,63.83806893213301,72.54702950791665,-0.0021909055959867464,0.1570201560566749,0.09106138256491589,178.31468608562986,167.87098221137234,5.12290711150759,157.62516798835716,178.1167964343875,0.006795688416510095,0.2765503262573135,0.09759981950098494,2145.27270124405,2151.426522533178,34.79787586973298,2081.830770793712,2221.0222742726437,0.0038569721744515805,0.36318114094355597,0.07524437302127147,159.63731555974243,0,0.47141702665225443,0.67,0
1.4414423850884563,1.4507529808348028,0.14365994490280196,1.1634330910291988,1.7380728706404067,0.0019943406206557163,0.9917494639016649,0.04571423971899144,74.87655757863715,72.36973272308366,1.2484114979827823,69.8729097271181,74.86655571904922,0.0005674717311287112,0.44002085648790656,0.2082787285886986,181.2574501733139,169.02993308669414,2.6050792587064056,163.81977456928132,174.24009160410696,0.004875220273614334,0.6849985706150092,0.1780835506970303,2169.812945341687,2168.7539256651557,37.23453393788599,2094.2848577893838,2243.2229935409277,-0.012318420619527815,1.4054534256507913,0.5973347386233486,353.7624271439638,0,0.6585828376444642,0.67,0
1.3876215207841658,1.3264526067175688,0.12288307687786099,1.0806864529618467,1.572218760473291,0.005977032494614699,0.45407199753565597,0.6112377414259246,77.23024863098993,75.49252989332585,1.1535338545674543,73.18546218419094,77.79959760246076,0.0029152536548194253,0.11227327572834467,0.03925313959674078,192.09732841120274,196.42648842425461,5.16305918227046,186.1003700597137,206.75260678879553,-0.0075285483118965385,0.9229581436931387,0.5416568807940233,2208.4340429705253,2032.611894615936,46.72109371578969,1939.1697071843566,2126.0540820475153,-0.001742029147522076,1.2615854040461318,0.62086575161309,299.40154983166593,0,0.7773782056833173,1.0,0
1.6503756682323059,1.4076829554972818,0.10118199264520371,1.2053189702068745,1.6100469407876892,0.0018127154554648068,0.8517391370993759,0.11685980950698162,77.32529611737239,71.41471617291022,2.3803463581619844,66.65402345658624,76.17540888923419,-0.0009145078371196345,0.047301942196836144,0.0219953439597462,187.28394725545255,172.8977352359691,5.052324283139262,162.79308666969058,183.0023838022476,-0.0034688330374837524,0.9853398519820269,0.30742112661076965,2217.122543958845,1974.3164303506626,49.668845788675064,1874.9787387733124,2073.6541219280125,-0.012387530593145084,0.4632657137136887,0.1510766035119804,134.41078344765648,0,0.5994569727938368,0.33,0
1.690472090071462,1.439054397322483,0.17986289656819654,1.07932860418609,1.798780190458876,0.0015298001221891828,0.2381644294308934,0.1342912998516865,77.59199534127958,77.15746741332423,1.9571415304353095,73.24318435245361,81.07175047419484,0.0015563084983375242,1.4690637294996818,0.3979481559003402,182.37191519490847,165.17136022276264,3.679440928544377,157.81247836567388,172.5302420798514,0.007538538496566825,1.429773895366328,0.8495575790821669,2179.5663827146977,2146.325796131295,42.75614752378771,2060.81350108372,2231.8380911788704,0.0036740567175520865,0.19433060664074342,0.10661732256445286,189.02431456818562,0,0.5508355763725732,0.67,0
1.5429400522768413,1.6717220716843126,0.16724101401447555,1.3372400436553615,2.0062040997132637,-0.00504601576218695,0.972165881686458,0.16537967833392386,79.4374867150617,81.38839522589737,2.3677624278157268,76.65287037026592,86.12392008152882,-0.00449809328772895,1.124932651656117,0.3530401964860751,170.73948372737738,190.75312047848337,4.56141402166532,181.63029243515274,199.875948521814,0.0010993507118697281,0.97997283715372,0.5764108684727364,2194.3514762025466,2227.08547924481,58.740725303502984,2109.604028637804,2344.566929851816,0.005239245284448752,0.032912201396345986,0.01670242757723771,188.2517237140076,0,0.32112656262697825,0.33,0
4.414060092853022,3.4954164630703293,0.580345424900164,2.334725613270001,4.656107312870658,0.06510578917809003,2.88782068462638,0.9269757705473659,85.827119401257,81.91339667615983,2.554226555110706,76.80494356593842,87.02184978638125,0.0364529121409202,1.2710327389603928,0.7565101631767734,184.48944269380172,169.96851505943212,2.6089692900957893,164.75057647924055,175.1864536396237,-0.00625769712095222,1.2965373747594555,0.5047212070047065,2272.188230203663,2411.145988478143,51.98226456254182,2307.1814593530594,2515.1105176032265,0.0022837660957689197,1.2671748421753315,0.6391751506810005,445.78547986279295,1,1.3706183409871038,1.0,1
4.673684505664022,4.0800205449176215,0.533989514273185,3.0120415163712515,5.147999573463991,0.12103515007123322,2.948774144928844,0.7590641435264818,84.26940304780462,80.92414822480858,2.4183087367431724,76.08753075132223,85.76076569829492,0.07986033579587955,1.211592708855969,0.4592729279467405,181.60438255592288,162.6403571124736,5.038642367575573,152.56307237732244,172.71764184762475,0.0024365261852249743,0.9710132015596368,0.24405442957675905,2253.59649326059,2264.20473681034,26.3981790650133,2211.4083786803135,2317.0010949403663,0.004234410519424569,0.5434402350003072,0.2883255450553346,611.5687168384187,1,1.7971467522721434,1.0,1
2.134455912867014,1.985809995193221,0.4053085954793183,1.1751928042345845,2.796427186151858,0.025905399429310125,0.7110272928024022,0.6800696080671746,78.61518064438461,73.89746761986028,2.3281157132641868,69.2412361933319,78.55369904638866,0.0036723837250060894,0.25463774731070377,0.14928424910452018,179.93333576481768,173.4871823417764,4.497326026432762,164.49253028891087,182.4818343946419,-0.009909822428693567,1.0990851231199599,0.5213515887233785,2125.040939902115,2367.493194008453,37.94082338054411,2291.611547247365,2443.374840769541,0.008936732072149128,0.7290863128540214,0.23732696893168664,200.9022394876176,0,0.8282807263976398,0.33,0
1.5025930145649322,1.5869249175839122,0.12715001609581733,1.3326248853922775,1.8412249497755468,0.004215921096225055,0.7219404044689607,0.08714523369602499,76.41582667810701,74.59543587546153,1.4202530326665816,71.75492981012837,77.43594194079469,-0.0012508831462345693,0.6488617828408247,0.3791841028184835,180.41483034315917,188.12692718722778,5.005783087094155,178.11536101303946,198.1384933614161,-0.0008236511437948162,0.8012049287044992,0.4111684574348918,2204.229531687377,2030.201500927385,39.42722459200549,1951.347051743374,2109.055950111396,0.004352753586002557,1.410594648861258,0.7146625978292921,465.87100184931757,0,0.7934522076379739,0.67,0
1.3854964629775386,1.4498416040690703,0.12304454797509165,1.203752508118887,1.6959307000192536,0.00015708736733275233,1.091301984735616,0.06647022764694248,75.33019910298646,77.53280077689239,1.6065060892489829,74.31978859839442,80.74581295539035,-0.00033010992973014376,1.1248761331075792,0.4314183116375117,177.4904324843067,174.2100484804965,4.545181726283927,165.11968502792865,183.30041193306437,-0.0031235708342663747,0.603466981761243,0.220627693371264,2207.6713690192696,2112.230444733534,52.9133241604562,2006.4037964126217,2218.0570930544463,-0.008999197676942189,0.24316403314530216,0.1088513771448623,118.28095387826252,0,0.29405730998347923,0.67,0
1.2514892318783246,1.5899480760906703,0.08887214265979605,1.4122037907710783,1.7676923614102624,0.0034224651234844804,0.18646252485819453,0.024050459126548254,72.47998420469548,71.18972147785124,2.0022132512899624,67.18529497527132,75.19414798043115,0.0026413038033221876,0.9685917237007683,0.5487853852816288,170.9791367270264,175.23378400730263,3.0232616045307994,169.18726079824103,181.28030721636424,0.003937767034025238,0.5879541935248755,0.12778672032271846,2200.84571085883,2278.924897429248,50.33354333677566,2178.257810755697,2379.5919841027994,-0.005699656359679478,1.228229080305456,0.5345528411634026,98.16533514842219,0,0.29838258649382254,0.67,0
1.4095905976829437,1.467511879200122,0.1722004887175521,1.1231109017650178,1.8119128566352263,0.0015014344579375258,1.0125160390212518,0.15978824109620915,74.43396894459117,79.61226101938024,1.5467643762559065,76.51873226686843,82.70578977189206,-0.005431445868017757,1.2211955466912108,0.2493276830451555,183.650939275939,175.13461012757364,5.552990111157062,164.02862990525952,186.24059034988775,0.0021381816277618415,1.1054483320909334,0.2892802410183964,2188.210584086965,2263.8392609791076,52.626847800824905,2158.585565377458,2369.0929565807573,0.004556065518976883,0.25878758118365236,0.11679082927536405,219.22184963300057,0,0.8073200667113406,0.33,0
3.83044233886558,3.4792389790080436,0.24929898325302058,2.9806410125020024,3.9778369455140847,0.08076790894779486,5.281861683845058,1.1861812689045892,79.9627091495549,76.02129763761235,3.379758660320391,69.26178031697157,82.78081495825313,0.052800635893838696,0.4207470715055676,0.23786667178526238,187.72628584877373,172.65781398162048,5.707712028904299,161.24238992381188,184.07323803942907,-0.005486841594855333,1.1397354876425827,0.38241475631408306,2126.153753623405,2413.157713951206,26.736206792231897,2359.685300366742,2466.63012753567,0.0012150236102719985,0.3855940382838131,0.14884490288113927,531.7913315306985,1,2.1670767434927973,1.0,1
2.3768961983007655,2.2249778542785617,0.3397979062075775,1.5453820418634066,2.9045736666937167,0.01511398947973868,1.9832060394744173,0.9382863289091896,73.20890823056538,70.1521156050277,1.338668081628461,67.47477944177078,72.82945176828463,-0.000153932512067076,0.5977530432059706,0.12413487494034137,176.94566110896432,164.3393758640073,5.208776450882853,153.9218229622416,174.756928765773,-0.00014108939468614887,0.30805227703497795,0.15245232127500236,2268.2163122085435,2293.8192582949187,50.28089089132977,2193.257476512259,2394.3810400775783,0.0008487388398533086,0.2856854955450689,0.10766413727903479,206.78962893065378,0,0.9337944533728693,0.33,0
1.4218456084752156,1.5646862097482308,0.17051198184219887,1.2236622460638331,1.9057101734326285,-0.00022821426666897704,0.5473014139806169,0.7493484496283955,75.04168296427554,73.462842078932,1.463966670618437,70.53490873769512,76.39077542016888,0.010981661172612614,0.9863323137500082,0.28793818559938844,176.07196359437768,179.52741868757127,5.944208503348939,167.63900168087338,191.41583569426916,-0.002495041322148946,0.1549142482978505,0.04713275381961122,2111.9681778331246,1990.0007906362982,37.876882823562475,1914.2470249891733,2065.754556283423,0.003098283458815739,0.02492434009074085,0.013354681310347491,51.50738324231208,0,0.10060322469943389,0.33,0
1.3668901936663782,1.516658626309701,0.13253101658604816,1.2515965931376047,1.7817206594817974,0.0003313736867211739,0.9342283842872959,0.16746380261908383,76.56977737498838,68.43524932322711,1.6559859265867773,65.12327747005355,71.74722117640067,0.003984679628292979,1.2680804213886931,0.5626454114740679,172.2633215676721,193.26982479416023,2.686023572605318,187.89777764894959,198.64187193937087,-0.0030591440836995137,0.4234665867813101,0.19826935935527917,2159.380932265498,2088.196010222233,55.08486560838899,1978.0262790054549,2198.365741439011,8.609791365280283e-05,1.4531301636642047,0.6687183329679639,258.6879242069195,0,0.5500183991451937,0.67,0
1.5293675733482404,1.5462428331710363,0.1274512167631242,1.2913403996447879,1.8011452666972847,-0.004887376665763577,0.519271388114553,0.013408109745602335,75.67230634022805,72.30759921013278,1.0360249721756047,70.23554926578157,74.37964915448399,-0.0034123438450855536,0.20098633613589484,0.06615847617640165,183.07276686120858,176.02730569203757,3.3595417889585324,169.3082221141205,182.74638926995465,0.0014057162634578033,1.4991158817849555,0.382852966370187,2150.520979813543,2165.016062046675,30.602665687267617,2103.81073067214,2226.22139342121,-0.0008063475029898941,1.3610046474704043,0.3704419015769281,112.43202656099017,0,0.5201005427582097,0.67,0
4.683645924532851,4.079657257680783,0.2914571222013851,3.4967430132780124,4.662571502083553,0.11717006844058567,4.915863134401086,1.0245173262403953,81.4362203852463,79.32239309165938,2.8487384821691037,73.62491612732117,85.01987005599759,0.06633910350413835,0.9633120056432095,0.4393175253485393,180.84986451453653,183.9236347549166,3.9121900317433895,176.09925469142982,191.7480148184034,0.0032268797479257376,1.0561196521488354,0.3011901848989508,2268.4315778766177,2055.879816560923,38.72854157849063,1978.4227334039415,2133.336899717904,-0.008793697432115572,0.6562123830355936,0.3685705292295563,503.7584881611714,1,1.868186335907754,1.0,1
3.8981066713260053,3.8925570630411404,0.2624806031722397,3.367595856696661,4.41751826938562,0.1488420993963481,5.443709198771662,1.2130719645973849,84.7036357793103,80.60682916635417,3.678643708906803,73.24954174854057,87.96411658416778,0.03736637129716928,0.9745994040337593,0.42912037049979196,173.42927072772392,180.0394955811868,4.4748113583958755,171.08987286439503,188.98911829797856,-0.0018615952646896142,1.401649558130162,0.6666736737816948,2221.865659351948,2327.955467868131,51.78771773503142,2224.380032398068,2431.530903338194,-0.0033849756922926565,0.37953951138037983,0.20731395186744206,300.79849848818037,1,1.3637417552931654,1.0,1
2.56819743674326,2.2525577878693133,0.36197062315414935,1.5286165415610147,2.976499034177612,0.026471281099430984,1.8603170935177573,0.8375979433431451,74.0819366536422,67.93484799211178,1.283447057094364,65.36795387792306,70.50174210630051,0.012317784660661298,0.4123625062233611,0.20070470241000632,179.45546752430835,184.23608651079178,3.9710159101898936,176.294054690412,192.17811833117156,-0.0023285141732953727,0.8656161639476481,0.4753786453253735,2183.0234921667006,2086.325095473655,40.15780712607459,2006.009481221506,2166.6407097258043,0.0002459896890538136,0.9925125910762955,0.3219876416628175,267.4970985973808,0,0.9036963490359656,0.67,0
2.5492173338255775,1.7847592264544039,0.3536614735161055,1.077436279422193,2.4920821734866148,0.02014569897365502,1.3830945777596608,0.5243938445058111,70.74134589766156,68.9988926688064,1.2787152379591409,66.44146219288812,71.55632314472469,-0.0019680579101650497,0.8815548425122147,0.19889411994026332,178.4279260831661,160.40348936772855,3.9487412031840607,152.50600696136044,168.30097177409667,-0.004267477400306708,0.9810346164881407,0.35953624946347584,2166.5281543183255,2075.6435605560605,29.11165646067725,2017.420247634706,2133.866873477415,0.0010034934714443914,1.1784999029166843,0.5531957677340956,261.9149412711303,1,1.1168924379230325,1.0,0
1.3738313411741565,1.4218072451764359,0.1644457383239857,1.0929157685284645,1.7506987218244072,-0.001381051906001629,0.09205939472021829,0.4645901231108822,77.82309341098487,73.20659833881109,1.865137729460551,69.47632287988999,76.93687379773219,0.0076265164603729575,1.024472988490465,0.36247719391709265,178.35982347590564,167.6987934037359,3.815953341746418,160.06688672024305,175.33070008722873,-0.0014164647970885602,1.0028437883431647,0.32422260166145966,2264.566536453248,2096.5658157935463,45.23723328543065,2006.091349222685,2187.0402823644076,0.005536558346703872,1.4820835779361634,0.7061180820981626,82.65397118798792,0,0.1443465559161396,0.33,0
1.577695576614797,1.5718562832139242,0.07977384472710623,1.4123085937597117,1.7314039726681367,0.003317934795995477,0.06118927239092653,0.27454415319741304,73.64061734148274,78.92839158157801,2.3616063589884675,74.20517886360108,83.65160429955495,0.0027313262250623425,0.2254193469439772,0.12683111304154057,175.27496585414153,176.1806979956123,5.981671795413149,164.217354404786,188.1440415864386,0.0035344608656005393,0.3825423031270845,0.1374721865067995,2208.2795252418737,2226.711582438925,41.360487467892796,2143.990607503139,2309.4325573747105,-0.0006927870821548991,0.025837991051889053,0.010781608774557245,375.7965312811308,0,0.8349659349748493,1.0,0
4.535022566669281,3.4736665452382014,0.45568073175598395,2.5623050817262336,4.38502800875017,0.0735682534575885,4.346485776290194,1.0746716486338808,85.30258525920561,83.92817596701518,3.024580610594315,77.87901474582655,89.9773371882038,0.027626629452021437,1.5238683010016831,0.6526157345207384,182.4840625356796,188.05778074056636,4.271489484431255,179.51480177170384,196.60075970942887,0.0032279385608709674,0.8035334556840448,0.28740479126627566,2200.9690618849013,2336.780318780632,54.63747506544109,2227.50536864975,2446.0552689115143,-0.015883519065980005,1.2479123125320781,0.4510054892740119,490.5227334035424,1,1.839506431250868,1.0,1
4.569797747046643,3.392371349633079,0.21218547452358405,2.968000400585911,3.8167422986802473,0.0704448372464273,3.1388130013577067,0.8787160669599863,82.5793556809467,81.90180461587167,2.8236496229210983,76.25450537002948,87.54910386171386,0.05007653867754376,0.7821207079460932,0.24642504190745593,180.2816814340606,177.0062114784182,3.062378546491458,170.8814543854353,183.13096857140113,-0.00022756122650621085,0.35621783512838623,0.07831297689048212,2178.788183330098,2276.0656407628817,31.07236176242577,2213.92091723803,2338.2103642877332,0.003752895837608828,0.5696272843789763,0.29653560931054795,605.839276121516,1,2.1760005439743724,1.0,1
1.2402664515049413,1.6768906787470585,0.11788585107366592,1.4411189765997268,1.9126623808943903,-0.010235834425817356,0.9722693373980602,0.5236555540928866,77.91081896434406,80.18547832533461,2.1968288035306145,75.79182071827339,84.57913593239584,0.004045271445438893,0.5808443694344538,0.14280946495443467,179.9670977334349,168.4310737549454,3.0573483790346243,162.31637699687616,174.54577051301465,0.0041798496213613845,0.3057280202773249,0.16471689203355006,2249.7508789807944,2130.0408461386614,38.34856820757481,2053.343709723512,2206.737982553811,-0.000423354487498321,0.520710895642164,0.27938422326093115,177.67528842631512,0,0.8297895578060058,0.67,0
1.3497151873988797,1.4970929288204178,0.14852986536727622,1.2000331980858654,1.7941526595549702,-0.0012052710729698213,1.3911919203651402,0.3192268298669543,75.54787147386267,83.00099553096442,1.101768808286315,80.79745791439179,85.20453314753705,0.004231757131030101,0.06221979434167857,0.014976697641312941,180.49129507534096,168.4723861530601,4.060120180738252,160.3521457915836,176.59262651453662,0.005155213693913307,0.4797795583945651,0.14262264409573389,2265.9303914089023,2107.8592708168053,53.624625507115056,2000.6100198025752,2215.1085218310354,0.0026629824380703265,0.0821390791654601,0.0393999272688926,238.5437411681703,0,0.6350323088527106,1.0,0
4.415906432159687,4.298158801666661,0.2674997753592918,3.7631592509480774,4.833158352385245,0.1468326960099255,5.477385725995315,0.9377637642181437,85.84286331330769,78.27006520712723,2.0519260598010556,74.16621308752512,82.37391732672934,0.038224102773505964,1.0777208278349903,0.35339028814458795,186.79291434808914,166.55853981848472,4.752001323310657,157.05453717186342,176.06254246510602,-0.002438526864743723,0.9837311509910892,0.4081601569410066,2253.716650238512,2257.116647675491,26.36522472669863,2204.3861982220938,2309.8470971288884,0.003819301758167113,0.6833501729851632,0.38020889788849477,716.3525611157654,1,2.2821083542124807,1.0,1
2.466722489940155,1.7902263455756693,0.24807027107534488,1.2940858034249796,2.286366887726359,0.03450371233103506,2.059637351246287,0.8390085228081137,73.30697631111278,68.002518733526,1.1021556660959628,65.79820740133408,70.20683006571792,0.002902838435178074,1.2316891567277697,0.4892442365803652,181.59132768780103,188.1893681535944,3.3131744107340633,181.56301933212626,194.81571697506251,-0.0035371977240609394,0.05917792938403715,0.012178122917206737,2310.492783287423,2057.254270008314,26.114986688489104,2005.0242966313358,2109.4842433852923,0.010388887925992223,0.7039544945400106,0.4011478542578011,343.2085256585858,1,1.0749534818730737,1.0,0
1.5998656591256213,1.4648669355356438,0.16112935387044444,1.142608227794755,1.7871256432765328,0.0023239763472198273,0.4489801637088542,0.13850654271697255,77.46338860086802,72.87501344624047,1.1521931597202,70.57062712680008,75.17939976568087,-0.0001286689741962376,0.7783003796696556,0.2702017012985555,173.63443169010785,182.09216659458662,4.727094940266881,172.63797671405285,191.54635647512038,-0.004698077906395132,0.10393230463546804,0.03267082211904193,2147.5392615496417,2035.8373416628353,27.083523128686267,1981.6702954054629,2090.004387920208,0.004170137843631654,0.5099338473573031,0.160766184517574,82.17929614609984,0,0.3399770487456045,0.67,0
1.4728920876591194,1.524196810636337,0.09910095283807685,1.3259949049601834,1.7223987163124908,0.004409091401003325,0.6476156134873893,0.20201977357694634,75.05285781240099,76.72718969091761,1.5204028170585782,73.68638405680045,79.76799532503478,-0.00829933925128895,1.3359748371068954,0.5943000748306707,180.38079505123125,166.82451020395524,5.377113913948277,156.07028237605869,177.5787380318518,-0.005174025817226888,0.4593865146088566,0.11672842017818265,2120.567791570167,2113.675816563499,43.77063229715563,2026.134551969188,2201.2170811578103,-0.0066857610542059576,0.8235794097865035,0.24659600125223757,28.143825633639665,0,0.06887577109056142,0.67,0
1.1143717657450316,1.3625392072849747,0.07798632732080676,1.206566552643361,1.5185118619265883,0.0013563651505464657,1.4987056143247648,0.4995514651740908,76.89630002360423,77.22763628616195,2.3416907882019498,72.54425470975805,81.91101786256586,-0.004953567606940472,1.471211142735008,0.6697559314491932,178.8250825897797,195.773953882298,3.181856116419397,189.4102416494592,202.1376661151368,0.0038559595266486964,0.13160199657133775,0.044152406451182215,2270.6686462342605,2043.3703236732033,59.149869819936775,1925.0705840333299,2161.6700633130768,-4.000024138140671e-05,0.5243769748343106,0.159033970328791,51.16419526267298,0,0.17705271693885427,0.33,0
1.3924190454297813,1.3785274874698459,0.08021521411958497,1.218097059230676,1.5389579157090159,0.0005160812988295881,0.06540507537931894,0.2988226041755543,73.57559795029874,76.1362936663227,1.4686408537402553,73.19901195884219,79.07357537380321,0.010586864082101712,1.239751000471092,0.6088273829882019,185.3984909173828,194.63362880712427,3.2523335755492226,188.1289616560258,201.13829595822273,-0.00065560231624836,1.0904495166915598,0.6208034158335396,2182.838696564766,2266.670905673612,42.59524581341534,2181.4804140467813,2351.861397300443,0.00046682596465797343,0.0772728389089577,0.02229224521168329,95.41860794053855,0,0.32028570330955997,0.33,0
1.4934950850677495,1.391599884014539,0.15375394144176935,1.0840920011310002,1.6991077668980776,-0.0020508111141559838,0.8798334215132596,0.14967570372059244,80.46778085504528,77.25745243053932,2.0398218274657993,73.17780877560772,81.33709608547092,-0.00232460445545889,0.8384583013872846,0.23957074379105497,181.0983856528821,183.89913122602147,2.887889482020319,178.12335226198084,189.6749101900621,-0.004045388115066996,0.3676137922395681,0.10453893230762086,2155.9545507901703,2285.4658676711397,54.54113224133778,2176.383603188464,2394.5481321538155,-0.005358673631835043,0.9358858524986866,0.29702708120013477,158.09690839122837,0,0.32567424818653384,0.33,0
1.657897408297164,1.3315977163754789,0.13500209940354826,1.0615935175683824,1.6016019151825753,0.0001944725811812192,1.148419926033248,0.01829655684064392,75.42276130929193,81.45703175890424,1.6854278998778405,78.08617595914856,84.82788755865991,-0.007722274545417771,1.4507460827040783,0.8414100388084907,179.61076109227838,192.0854005212595,5.869752780898246,180.345894959463,203.82490608305596,-0.004089686452132411,0.8960983367807294,0.4253172784222441,2207.0254452142804,2051.710243378002,38.12317010335324,1975.4639031712954,2127.9565835847084,0.006580497259252407,0.1996299587591961,0.11504648356417656,25.507459952149457,0,0.05099475109288161,0.67,0
1.6654056984697458,1.5741216090039665,0.17892873961697287,1.2162641297700207,1.9319790882379122,-0.002409554831904811,0.2064419993493048,0.3966377858350608,75.00330343426488,78.83344192206108,1.4460112344321743,75.94141945319673,81.72546439092544,-0.00767978649221033,0.7407296935380511,0.3132029821177804,184.94461007383947,183.61320369672518,3.9177944085295904,175.777614879666,191.44879251378435,0.0014491997852854423,0.34864511119382385,0.20003871634225373,2140.4001496731853,2340.6133447139227,35.04411888974541,2270.5251069344317,2410.7015824934138,-0.005003450581707426,0.21430988903725645,0.10075235872792176,90.52250754338199,0,0.2381357608559847,1.0,0
4.606328028939755,3.4079882036930043,0.4770503808904658,2.4538874419120726,4.362088965473935,0.13381152896481102,3.891178868457789,1.195922465223862,83.87436021217235,80.48299896564214,3.6853719627489236,73.11225504014429,87.85374289113999,0.05423658479832978,0.9879007253649732,0.30537603710435607,180.9878299508619,187.0283245403605,4.8060991458143,177.4161262487319,196.6405228319891,0.00816715766150548,0.15988954546198608,0.0740509437873097,2142.6827303490654,2418.7799641401984,55.47637076180407,2307.8272226165905,2529.7327056638064,0.001643812051517402,1.1735782260874101,0.5008908203100618,814.3140277637399,1,2.342070229691752,1.0,1
1.4953968570923848,1.4399452397777865,0.0988307609596414,1.2422837178585038,1.6376067616970693,-0.0002539701761394598,0.6341617332480733,0.11305266065437704,72.82846735347579,75.96833509666011,1.1166894139006498,73.73495626885881,78.20171392446142,0.0005467350901105651,0.11502215584233044,0.049759032132758674,180.65581100604592,185.1336895412292,2.565594055294363,180.00250143064045,190.26487765181793,0.0024380368378056094,1.4234332082713586,0.4909644771727927,2153.150706324576,2288.538242922445,53.73272174146025,2181.0727994395247,2396.0036864053654,-0.0031861284902295105,0.3860805954137218,0.12094486793512402,186.9804953362765,0,0.3118483483562558,0.33,0
4.702869330916271,4.040668826893219,0.3366564450762407,3.3673559367407373,4.713981717045701,0.1148464556900237,5.116424267792787,0.7359313723523787,85.4804798874119,78.43595026869436,3.55778891350269,71.32037244168897,85.55152809569974,0.05583874269984271,1.5604576370415528,0.6524127572607936,185.82291735600973,174.1092738783817,2.80847050841842,168.49233286154487,179.72621489521856,0.0026881495147493984,0.2727264792560081,0.1014920537047624,2221.4093123905286,2085.5813518527157,31.87704384346739,2021.827264165781,2149.3354395396505,0.00285253604177258,0.3176187930786293,0.06879589079350486,509.701472081554,1,1.9276680597337776,1.0,1
1.329942125366411,1.5719393846448597,0.13117891541393717,1.3095815538169853,1.8342972154727342,-0.003768887292788058,0.3789993007552065,0.017423568884272874,78.10655837538499,81.16632991468043,2.3210429339972247,76.52424404668598,85.80841578267489,0.006571409215147622,1.3637011133352677,0.5361462068694026,184.5696056715215,183.84559965365784,5.377991273832831,173.08961710599218,194.6015822013235,-0.002685532077066917,1.0295645360496795,0.30750369097740865,2148.6417770156036,2181.1545474835743,50.28544911370015,2080.583649256174,2281.725445710975,0.0007122587952603042,1.0870001545007595,0.4747395665976064,119.64896692196335,0,0.46577143270903015,0.67,0
4.4381538994791905,4.072298474953185,0.4429297667172264,3.186438941518732,4.958158008387638,0.05885783396366441,5.377599163573485,1.0553579448094776,79.23071033277131,78.1289537283952,2.106327737487881,73.91629825341944,82.34160920337096,0.07049732045256644,0.44176401714098523,0.13655197086262844,179.30474840106402,171.64080931771426,5.8365750865383035,159.96765914463765,183.31395949079086,0.006033040774319576,0.8172016279141476,0.20451075219729428,2123.6416071705175,2101.1263341188915,49.641100840707985,2001.8441324374755,2200.4085358003076,-0.006828087020950747,0.3261793983258539,0.11307711820929744,686.9444873114627,1,2.4693934882660336,1.0,1
4.679819921962732,4.260220161689514,0.44536607837431597,3.369488004940882,5.150952318438145,0.09182430362906188,3.148730420909036,1.189682453760857,85.24547917125307,75.27014228802055,2.503512080507319,70.26311812700591,80.27716644903519,0.06863319984690998,1.6337058557345028,0.9739873948269665,181.4773876221159,174.0660520358668,5.44741623097498,163.17121957391683,184.96088449781675,-0.0005726992262630894,0.6222292535064977,0.1924946020096358,2261.8908155986733,2004.8838740221806,51.91455953131787,1901.0547549595449,2108.7129930848164,0.00023490296882371027,1.417148594823642,0.7650603612823554,445.4797411203171,1,1.7857073759031217,1.0,1
1.6542507565436821,1.577889370574982,0.08364638205330756,1.4105966064683668,1.745182134681597,-0.003946761829512886,1.0822043068072307,0.3287459031140096,72.1231465624492,80.28942833526075,1.0919666010769054,78.10549513310694,82.47336153741456,-0.0016945427283791687,1.1334115702526972,0.3011594982565387,178.86114361878018,187.21316535156598,3.3411296897215337,180.53090597212292,193.89542473100903,0.008090342405830198,1.153093842018122,0.5801507108818063,2299.6691750291207,2279.118060267391,59.656947166182505,2159.8041659350256,2398.431954599756,0.004265551322248699,1.229054726901538,0.2675946185605395,166.5807512754477,0,0.5075005731767613,0.33,0
3.9880344145812123,3.720800202008356,0.27257533907825077,3.1756495238518543,4.265950880164858,0.10251633836670601,3.057945347353604,1.072249287404277,79.55157692321058,76.16776524564979,3.9110245005701914,68.3457162445094,83.98981424679017,0.04901273880319548,0.4840108718402285,0.2622360085660894,177.10518372402913,184.88898211186225,4.605641370512159,175.67769937083793,194.10026485288657,0.00024430035162852163,0.3421196579233987,0.09744181482220947,2202.029584560194,2230.173686563567,52.31839303353516,2125.536900496497,2334.8104726306374,-0.0034645259889795367,0.41220905332220414,0.21807743845796623,588.8054261142709,1,2.0678148690789113,1.0,1
1.6082289646693468,1.6102405647182243,0.09420139569963666,1.421837773318951,1.7986433561174977,0.00036966175087953376,0.5941843199923772,0.19078150094982405,72.0498215570614,72.95573197845778,2.336804410226735,68.28212315800431,77.62934079891124,-0.0010483000634886452,0.39941330988970003,0.20744381249249713,178.34977927716497,177.68205577880005,4.307658538352467,169.0667387020951,186.297372855505,0.00044595755154289564,0.7225691308166313,0.2048395324125296,2122.929501400148,2419.8468561663076,30.59639607421148,2358.6540640178846,2481.0396483147306,0.0035105706958837614,0.8521380958496233,0.45041962059007534,96.25593694358511,0,0.44667448263009574,0.67,0
1.796091885213353,1.401223995431733,0.15917731517971923,1.0828693650722945,1.7195786257911714,-0.0002040343993196685,0.7358149628574551,0.44314249474248857,71.79801511064922,79.35618606980547,2.025044506878352,75.30609705604877,83.40627508356218,-0.004025054956573585,0.45041119519048534,0.26450991083329534,177.93695712826042,187.37813750303192,4.010192726963828,179.35775204910428,195.39852295695957,0.002058336641079519,0.9872320277290771,0.2846546809598501,2239.3580759009087,2170.3529763965294,28.005120671919347,2114.342735052691,2226.363217740368,0.007172225848172445,0.46154692783086004,0.17964283452708457,319.00551993850206,0,0.6448553040637393,0.33,0
1.4284530916015894,1.5299894826516927,0.10009877403072964,1.3297919345902334,1.730187030713152,-0.004294221391494796,0.7558457974388739,0.2410550474511168,72.83568372834401,69.0666992209486,1.5093657943757395,66.04796763219713,72.08543080970009,0.007635661920775653,0.6480640702897146,0.23029807875853028,177.48514494546686,179.68275964267949,4.138643636100685,171.40547237047812,187.96004691488085,0.0029170245789909544,0.7577368779422501,0.41052043797328985,2233.8051819148577,2318.565015845941,52.02792306849877,2214.509169708944,2422.6208619829385,-0.0016100598530870232,1.389818312153441,0.31305944357793125,74.74894375044825,0,0.16570267049875792,0.67,0
1.8591029722467427,1.5819395562565042,0.1710929160392736,1.239753724177957,1.9241253883350513,-0.004794019271853807,1.0408913722314366,0.14632694505851934,76.48134782867145,73.62394125431814,1.6682924017342984,70.28735645084954,76.96052605778674,-0.0012445655871646721,0.5933849113091993,0.23407190656309998,180.87550377515896,173.18545533953184,3.9701619629582674,165.2451314136153,181.1257792654484,0.011030062308355076,0.39900405530965194,0.20229653189364544,2147.341370275612,2004.732945291823,53.91039726748674,1896.9121507568495,2112.5537398267966,0.0026110127233570464,0.9231481878115163,0.4230685544750693,310.3682214969233,0,0.7776753737410708,1.0,0
1.6507989038499469,1.5779906742572405,0.09988041807175645,1.3782298381137277,1.7777515104007533,-0.0009135923090716376,0.2051325354200813,0.23028176106793385,78.35536818179962,78.22330286518675,1.3419352553234463,75.53943235453985,80.90717337583365,-0.005094212346873259,1.3553744779524626,0.32501848225234703,185.6734300996378,175.69014759726727,5.477557396051131,164.73503280516502,186.64526238936952,-0.005257737791700805,1.3349469112513634,0.7834115541370544,2151.1122799478976,1997.7181643429726,38.21241981981329,1921.2933247033461,2074.143003982599,0.0005253798560414749,0.47562362608942593,0.19710915203121615,284.62558068440836,0,0.6127880883972533,0.67,0
2.3488955484388394,1.6811498030477956,0.4433789998411561,0.7943918033654834,2.5679078027301077,0.03864252213678233,2.130360463939778,0.7212723040326646,73.10855682496306,74.03431281926308,2.203208415966971,69.62789598732914,78.44072965119702,-0.0018361850039964292,0.38438238583360884,0.1353325813282029,181.84092518206003,175.55843328280247,2.568891253834948,170.42065077513257,180.69621579047237,-0.0004767054559834131,1.2197732209266918,0.709731221627668,2286.5160907428585,2353.6631733141326,41.276236365573546,2271.1107005829854,2436.2156460452798,0.0009770161064166015,1.0348440049700411,0.5728887209148049,327.85991596122784,1,1.2509158950770218,0.67,0
1.4309903415801666,1.5660954565045004,0.15597407809241393,1.2541473003196726,1.8780436126893283,-0.0010681515424269285,0.17713763729570003,0.5862799551475796,73.14243326003317,67.65157404423715,2.35652788845465,62.93851826732785,72.36462982114645,-0.0013406351531392502,0.9828918934511388,0.2847919161539756,180.582594517854,170.01280364199877,3.9015883303861063,162.20962698122656,177.81598030277098,0.002481831218174829,0.5112559115254451,0.23730380026157594,2218.125550567209,2225.980057539451,30.39010057363049,2165.19985639219,2286.760258686712,-0.008656534048363768,1.2162148447237073,0.27681285286206203,77.0047798993339,0,0.32378104714181405,0.33,0
1.650935933513757,1.3803570867963038,0.12429928448814681,1.13175851782001,1.6289556557725975,-0.004272547388649678,0.4599600485689464,0.43284666528736515,71.54487792472733,67.92777205724308,1.1018899035616063,65.72399225011986,70.13155186436629,0.01607687098106416,0.35811751550687443,0.18300482845194388,180.36546017481942,176.1935390820738,4.887624841232191,166.41828939960942,185.9687887645382,-0.0006838943352953515,0.9987775936479332,0.3938059373587139,2196.594971282891,1979.7004154516833,55.30870726950465,1869.083000912674,2090.3178299906926,0.0008465686192692866,0.466989416129899,0.10996040452974176,236.60349249599184,0,0.46954178756241893,0.33,0
2.0318935597298795,1.838190022340849,0.26116050356797177,1.3158690152049055,2.3605110294767924,0.049130618541178964,0.8875782600467097,0.7400986507745864,76.04502014042102,72.84434469004142,1.3845870459300011,70.07517059818142,75.61351878190143,-0.005211357940236242,1.331627287007532,0.2879434740979835,184.83272125260305,162.10918844502854,4.343082299064262,153.4230238469,170.79535304315706,-0.004906629682587324,0.09960803019074604,0.05934046854370896,2129.7591528036246,2006.684975953114,33.60999091073783,1939.4649941316384,2073.9049577745895,-0.0003995422633127485,0.798130235907017,0.3136192770003502,304.36756086526736,0,0.7408061391714521,1.0,0
4.027144340645983,3.546854761060399,0.25634280815191995,3.034169144756559,4.059540377364239,0.06763869865062233,4.0238798538196745,0.9616430806882269,81.8919408712841,77.49759732482593,2.9934120406673044,71.51077324349133,83.48442140616054,0.05793585727517182,0.5998690606068948,0.18231720599390888,174.91403914727306,197.37353539187257,3.9511844330445833,189.4711665257834,205.27590425796174,0.012866799016249302,0.10061471608264122,0.050305767137495176,2202.9609217007246,2063.753530858854,26.279238374683324,2011.1950541094873,2116.3120076082205,-0.0027342947062019606,0.7081004176649989,0.3016057804840518,470.65655858186426,1,2.208185901703514,1.0,1
1.598936235050367,1.4367734747775136,0.11795081503782566,1.2008718447018623,1.672675104853165,-0.0029872753540561366,0.9891847179514257,0.22671586564101665,76.54235161066826,77.1002131855118,1.831593962957286,73.43702525959723,80.76340111142638,-0.00344883112404069,1.1292382048585092,0.34983638938975525,177.8789352023224,179.71741381604542,5.762488709955431,168.19243639613455,191.2423912359563,-0.007204181893854904,0.16872563217956743,0.0768830443710552,2093.235262496016,2079.2606013321492,53.75887545726656,1971.7428504176162,2186.7783522466825,-0.003878091544319672,0.09611623968952004,0.023275251298878943,20.672004981911474,0,0.08756744265800893,0.67,0
1.2585145197984469,1.632618931735263,0.1260303620650138,1.3805582076052354,1.8846796558652907,0.008673813965617887,0.11413405702436441,0.31278299054104386,72.85906351395985,81.48340421890795,1.751002555505289,77.98139910789737,84.98540932991853,0.004049309924354375,1.1131388888373666,0.5325906183093726,181.62842262605415,198.80609446034262,5.415492097837962,187.97511026466668,209.63707865601856,0.00537695277208207,0.48875339226749837,0.2513368948607714,2255.524993282369,2355.6028191605083,59.63418417532069,2236.3344508098667,2474.87118751115,0.007974601040430074,0.7182492237475224,0.2092461597877259,202.1467108156548,0,0.5730707118533009,0.33,0
1.4796217654360961,1.5838043207626697,0.12455317644808946,1.3346979678664908,1.8329106736588487,-0.006207415429702546,0.14225953852524315,0.5354332131124228,75.87709299765427,80.64550439013001,2.080916959422031,76.48367047128595,84.80733830897408,-0.0003238322847985337,0.17544057276922248,0.07035168687492518,179.44004042682607,193.33037950897128,2.873840870360138,187.582697768251,199.07806124969156,0.0005298613912978421,0.975297068914885,0.4833014149584727,2195.8984966361795,2212.409785780627,59.8636431007741,2092.6824995790785,2332.1370719821753,0.010755121864262487,0.5758949825827149,0.31193358985387165,128.67948251629434,0,0.23613616828623646,0.33,0
2.0427283572795067,1.9850410344400808,0.2744438175375479,1.436153399364985,2.5339286695151766,0.01259088798100807,1.3652849612080717,0.8137210586158146,73.72161293249968,70.8002779693535,2.1261550256812827,66.54796791799093,75.05258802071607,-0.0030842429549585745,0.20135762864061535,0.046245615705806695,174.4942242943779,200.05233837643337,5.440270058907034,189.1717982586193,210.93287849424743,0.001233652255434659,1.2100721520670912,0.25002000121190043,2226.5400791836364,2129.2362589227378,48.28916774233889,2032.65792343806,2225.8145944074154,-0.0020174896647211543,1.48434721235671,0.39049533879614506,417.2606025508183,1,1.1757067203022733,0.67,0
2.0837784752802007,1.682595395657425,0.2551955459234288,1.1722043038105676,2.1929864875042826,0.03579026906360371,0.5767277227114023,0.9426133075857123,74.64203311721661,75.37092628940351,1.7509745363120426,71.86897721677943,78.8728753620276,0.00160645735378694,0.655722157567552,0.20140468898567143,184.9076643764956,198.37293825765204,3.9164705601520957,190.53999713734785,206.20587937795622,-0.0036868995174897928,0.7191824672246485,0.24949236679039288,2158.290757563369,2361.0922135322085,54.28170736286803,2252.5287988064724,2469.6556282579445,-0.007601433961203048,0.9761824812703528,0.43505284514337317,357.5119911805955,1,1.1907425060994636,0.67,0
4.095867210252135,3.81983675786534,0.2269402405875087,3.3659562766903224,4.273717239040357,0.10821704601762733,4.637348115601725,0.8815886049003022,83.40686638325607,82.32689347741278,3.9363735260257524,74.45414642536127,90.19964052946429,0.07813267131714148,1.3398566299387669,0.7032847820535797,181.83551133394033,162.09642091154743,3.6326357670233946,154.83114937750065,169.3616924455942,0.007827620146171702,1.0249430649097577,0.38779856759208764,2196.7124869463505,2078.6755246576895,30.726833741708422,2017.2218571742726,2140.129192141106,-0.01099402978310041,1.192214323124894,0.5692500187345177,319.1324591302747,1,1.3070953593005954,1.0,1
1.295418992215852,1.6000085481934632,0.0979123529424024,1.4041838423086583,1.795833254078268,-0.0004107792974517763,0.8283515703436025,0.2653848992421119,74.99795619559461,67.14636161678507,1.8765570528868376,63.393247511011396,70.89947572255875,-0.0031255630893552056,1.233956620533116,0.4255070733509924,175.1013303623791,167.2432100906989,2.8592965101195293,161.52461707045984,172.96180311093798,-0.0031596585917722086,0.6658867998204455,0.14532632189361433,2164.517489741159,2200.828282867658,54.25448278030398,2092.31931730705,2309.337248428266,-0.001124301819414102,0.46869126382376575,0.11839488999728248,122.82140424972243,0,0.565122447548642,0.67,0
2.107118557584373,1.7773038628735112,0.4372117037670035,0.9028804553395041,2.6517272704075183,0.045362804376629255,1.8326106462565845,0.7206693950140465,74.08601633234954,79.80778391278739,1.4679014107190638,76.87198109134926,82.74358673422552,0.003014500226240769,0.9367770230465207,0.36274459205289766,177.06793961586044,169.86710786510622,3.902447484351385,162.06221289640345,177.672002833809,0.002874211628851996,0.7821330635224859,0.40013567933172317,2148.444697335287,2229.6749833737167,49.94513010354923,2129.7847231666183,2329.565243580815,-0.001483008040114359,0.1130323443433377,0.06593622371103659,354.94580702574774,1,1.0739545058038789,0.67,0
1.2822722822357442,1.4449339348609416,0.14446555776027614,1.1560028193403893,1.7338650503814939,-0.0067056501632785535,0.44823035221712626,0.48342237275582517,78.05596314727902,68.06344090934954,1.912066523100698,64.23930786314814,71.88757395555093,0.00789903478700775,0.7750145889080131,0.4624898147797162,179.93168538330042,164.27172429475922,3.8406342264639157,156.59045584183139,171.95299274768706,-0.0007654186650482772,0.9596215680565193,0.39680479299673704,2220.866465083022,2339.8496851214227,56.60216406315688,2226.645356995109,2453.0540132477363,0.008390278002262977,1.3626693085356023,0.558101206598524,375.4828775263713,0,0.8472176575397379,0.67,0
1.7484298658477213,1.460128115740169,0.1259258798992936,1.208276355941582,1.7119798755387563,0.0016811654320019317,0.9340878700879659,0.25971504254256256,75.1995243375348,81.09855001086534,1.4819661574372438,78.13461769599085,84.06248232573982,0.0009933312635198941,0.3605850947665554,0.0770348741943548,175.4495298045098,185.00038100291601,5.825747625880844,173.34888575115434,196.6518762546777,0.0006686486186176969,1.2112631002232292,0.6556922220698236,2261.897676574453,2205.5685642780477,37.850570351038634,2129.8674235759704,2281.269704980125,-0.002995809587729661,1.162482433046629,0.6528467835131594,257.22133079666924,0,0.8219917153393915,0.67,0
1.4162480987564179,1.3991919231009917,0.127971049827343,1.1432498234463058,1.6551340227556777,0.006535177159774388,1.3356476324056241,0.01720913865980812,74.56578850595646,68.46183006533587,1.697946064161648,65.06593793701258,71.85772219365917,0.00036133954884448935,0.33272935914299123,0.17370433961607634,181.74146586339768,170.76863174133487,4.226633970287407,162.31536380076005,179.2218996819097,-0.007498574054542796,0.014028957592771951,0.004467139460762334,2198.9510021292776,2193.5070905786433,49.86165469016729,2093.7837811983086,2293.230399958978,-0.00528508252027679,1.013308743244943,0.3622627076862954,114.66259321176236,0,0.4495894187925781,1.0,0
1.5908587441262583,1.4679402017432563,0.15428831288008374,1.159363575983089,1.7765168275034238,0.0007571688008035911,0.946815205273172,0.24384312609315104,77.80213871125434,75.61459118752929,1.4905725227452538,72.63344614203878,78.59573623301979,-0.004487945023784311,0.13700240761096233,0.03616005860097868,177.997843991748,192.5994942674862,3.956673776861815,184.68614671376255,200.51284182120983,0.0051217310099291235,0.07518964848122422,0.020949141224904773,2166.4251243026256,2056.3768237160903,34.52696987467979,1987.3228839667306,2125.4307634654497,0.0010654528743448547,0.2517331411843864,0.06289346812337016,231.7296887070967,0,0.44660210292828384,0.33,0
1.4414956220013226,1.578224596657682,0.11711720159375319,1.3439901934701757,1.8124589998451883,0.0012517630422552706,1.2035309360411721,0.22612908121394576,72.65260237849253,75.52862495059618,2.2825175798139252,70.96358979096833,80.09366011022404,0.009144548162185892,0.8629715347579587,0.21921133844284107,173.45130249005527,189.92274481574458,3.7628650459016555,182.39701472394125,197.4484749075479,-0.009707090334433215,0.4279499636923228,0.22153770759245672,2119.5248938054137,2246.0153774518503,59.27029065981924,2127.474796132212,2364.555958771489,0.002087941908213948,0.5649947085038487,0.2523152571803688,75.2859381958351,0,0.3257306197506853,1.0,0
3.9474506109884784,3.816731630273772,0.2619144139384448,3.2929028023968825,4.340560458150661,0.08011755869973589,5.3311991654775825,0.8307128720597167,81.54230323929787,78.19886522989597,2.577778915251245,73.04330739939348,83.35442306039846,0.0791941694467596,0.8690646074750367,0.2753004656990204,177.32879864018537,192.33819699097805,4.344526686035368,183.64914361890732,201.02725036304878,-0.006222712500423614,0.2965354546717313,0.09712334685249452,2211.643404371345,2230.917719435571,29.74693156025597,2171.4238563150593,2290.411582556083,0.004839130120126021,0.21844297005813512,0.10462820756432334,728.6075175898177,1,2.2175693765268027,1.0,1
1.5894600213790537,1.4841098654999247,0.1595013760266187,1.1651071134466873,1.8031126175531622,0.003909251787914998,0.5637142041321717,0.32335258855580096,77.91065786976439,82.34528441278691,1.9143575522837801,78.51656930821935,86.17399951735447,0.0012438558002359642,1.2012438867500053,0.6703234490565231,184.18919141742248,198.18412058535137,5.353822543539708,187.47647549827195,208.89176567243078,-0.0007941618029095444,0.8351340364876343,0.4040579251368091,2187.413782969624,2129.258429853929,55.709036026948056,2017.840357800033,2240.6765019078252,-0.0036809335504430973,1.3693554725165142,0.4813923586793816,131.00851777135475,0,0.37536597677743283,1.0,0
1.6689977344558145,1.3740287479451427,0.1325680294210854,1.108892689102972,1.6391648067873135,-0.004827460954990178,0.5876525488478972,0.16838771467219923,75.84496924386855,76.0982113611024,2.3913113152919703,71.31558873051846,80.88083399168634,0.007049937558080698,0.9944024646992051,0.5231545139605489,180.40028981255537,177.1945189894428,4.565776330824532,168.06296632779373,186.32607165109187,-0.007319092920755208,0.6430926308558318,0.27218164401838907,2260.3057294597265,2344.3795819058323,25.933020372655957,2292.5135411605206,2396.245622651144,-0.002450472300331449,0.011940851948387121,0.003459864093487524,402.1648461372635,0,0.7737981265395096,1.0,0
1.368177813144282,1.6454236935303965,0.14855013431746486,1.3483234248954667,1.9425239621653263,0.005694553057400238,1.0414156756194588,0.37689127337694167,70.54812916408385,71.74400070563365,1.7198634532894157,68.30427379905483,75.18372761221248,-0.0024497201048698128,0.6094122008393799,0.13280708277563522,184.83906105402266,181.44522872539446,3.4176004310956545,174.61002786320316,188.28042958758576,-0.013399922429822344,0.43684399234689636,0.22847143430792186,2185.3216581704555,2194.048568024778,36.12916173063175,2121.7902445635145,2266.3068914860414,-0.006815515402907969,0.7896204155923173,0.4045464907517252,169.21035944828165,0,0.3333765424274207,0.67,0
1.6394455774532775,1.5195533009566369,0.17200481065285178,1.1755436796509333,1.8635629222623404,0.007134219098078513,1.44299769347615,0.289629821273764,77.64198437709864,74.50874202018834,1.8416911518466605,70.82535971649502,78.19212432388166,-0.004691297518491232,0.33167913684795514,0.14009399122981708,181.3293945274405,181.96455343748386,3.83961248903541,174.28532845941305,189.64377841555466,-0.003882582120899293,0.747518950787045,0.2235556788975475,2141.5488155390317,2317.3300213224625,25.0063013644387,2267.317418593585,2367.34262405134,-0.0013595185015779579,0.8950782785722333,0.2546904950457707,69.1511101947151,0,0.3372682164736181,0.67,0
1.8727117568543896,1.4611527784017428,0.1216516612773823,1.2178494558469781,1.7044561009565076,0.0047863153808958185,1.24994245728061,0.0789144175912062,77.81948961439633,75.62023424063595,2.3812579993580325,70.85771824191988,80.38275023935202,-0.00238111940352481,0.03236066460947512,0.015182228955149603,188.07148929094907,171.65091936619766,4.0072472876083856,163.6364247909809,179.6654139414144,0.0007385291038150409,0.5966127853468406,0.18939276720237144,2158.343110990522,2099.072265892269,49.43161148047663,2000.209042931316,2197.9354888532225,-0.0019757005431310696,0.18589876898090418,0.10769056828396714,189.86709833799685,0,0.8047685714239007,0.67,0
1.716546221276939,1.4846069492220515,0.168493729786279,1.1476194896494936,1.8215944087946094,-0.006541266277121858,0.5160205624067837,0.6251179209335792,75.31131659534348,75.92883723336772,1.0038513937754894,73.92113444581673,77.9365400209187,-0.008796435100202886,0.5485507952926103,0.14016360865338667,178.92148011135694,175.78964331791903,3.2337046078297114,169.3222341022596,182.25705253357845,0.00017384624047228376,0.9284197442082258,0.2980619621056572,2255.9270704667974,2406.8181581436984,59.66310830385242,2287.4919415359936,2526.144374751403,0.005144245768047973,1.0520547925989219,0.2982366677275364,115.04501083172381,0,0.3175946672092408,1.0,0
1.4587218182010115,1.4265678333467218,0.09304542144284585,1.24047699046103,1.6126586762324135,-0.0011464069102870562,0.5461057062973986,0.626114982497093,77.07455076127964,69.58628125027634,1.0026170831813876,67.58104708391357,71.59151541663911,0.0006539105509576803,1.3996198553856287,0.41142912097153755,180.78616382844496,176.66415369110334,5.750659518774866,165.1628346535536,188.16547272865307,0.00014010450363395534,0.38774279330270883,0.09342151283120022,2243.9386189291404,2046.6151500822814,40.9308584858885,1964.7534331105044,2128.4768670540584,-0.0003187165866710303,1.1192839386964706,0.6230807963425344,272.8984496734838,0,0.6286336990739568,1.0,0
4.1907748829166165,4.065713029099401,0.4594731813429458,3.146766666413509,4.984659391785293,0.13992489182892026,2.892964533147949,1.027340288404852,79.73465979003618,75.95543042732334,3.7811835945204697,68.3930632382824,83.51779761636428,0.06562400403724895,0.6025158121678386,0.3030169574281956,175.4285934460168,188.36832195046523,3.290263432527202,181.78779508541083,194.94884881551963,-0.0022297185693058007,0.48925538119238027,0.1895486886380927,2205.657022852651,2039.2764629336211,32.12372058604137,1975.0290217615384,2103.523904105704,-0.0015280955553415648,1.1535916997395863,0.4270622586392046,384.2507235396844,1,1.2273119040822689,1.0,1
1.432456972934824,1.3823039368277847,0.08800515367896622,1.2062936294698523,1.5583142441857172,0.002117312458007099,1.104829964798986,0.6048053081833276,73.90886369941231,69.40015564231437,2.128338578959256,65.14347848439586,73.65683280023289,0.0039423552000659515,1.4846185123618831,0.8102641685401654,170.2293371285346,182.82533266082757,3.6735924944086733,175.4781476720102,190.17251764964493,-0.0012338656573544888,1.1690892760225648,0.24878150522038245,2208.2087911398735,2199.664080861296,30.57870036364607,2138.506680134004,2260.821481588588,-0.004343646163958645,1.3422236250914028,0.7153222572677579,430.1670703370098,0,0.7499858732240748,1.0,0
4.40598092076947,3.3456482432547445,0.41881813824623104,2.5080119667622824,4.183284519747207,0.05874465017998855,3.200968310437938,0.8981156678182417,81.85137397717469,76.87719493476412,3.8935587214395744,69.09007749188497,84.66431237764327,0.07721795646978137,1.0981757071946696,0.44552781574868,182.78652146890244,166.88194852293898,2.8803888878114225,161.12117074731614,172.64272629856183,-0.00022446515061268492,1.162851808348584,0.39192342573812644,2209.1250515299607,2273.9026723442753,27.416292791898123,2219.070086760479,2328.7352579280714,0.002404540463744477,0.5021835628360187,0.16345133371254006,543.9322506860067,1,1.6627451055118325,1.0,1
1.2517297551931996,1.4233631259529036,0.09275486547991901,1.2378533949930657,1.6088728569127415,-0.0019338139436582552,0.5240478039896328,0.35958257311050185,75.66813872432277,75.49134727718267,2.3866043775975405,70.71813852198758,80.26455603237775,-0.00042969736248414924,0.9467149339341533,0.48980911655347553,180.4702139549718,189.98905326863587,3.5017130915945636,182.98562708544674,196.992479451825,0.0014850064713236445,0.8690746256871105,0.40294895447006873,2254.0177900636822,2354.12129086795,59.31044161951722,2235.5004076289156,2472.7421741069843,-0.007314389184037147,0.8318410706441619,0.478556621872056,306.18254673132446,0,0.5828187534470071,0.33,0
1.6850137309642832,1.430624137077532,0.10755999332959934,1.2155041504183335,1.6457441237367307,-0.007170229303265511,1.3178871111814088,0.504603426107553,74.3946501780424,76.82162504612607,1.5138813701429745,73.79386230584012,79.84938778641202,0.003887050578788432,0.9062302059980427,0.44580829946047806,176.5404844845622,163.83246702660418,2.800571776480975,158.23132347364222,169.43361057956614,-0.0003887032641565004,1.297907750316809,0.4443423643763942,2136.1297305685043,2333.330443020654,25.495960137001898,2282.33852274665,2384.322363294658,0.0020293696285129206,1.3937295578405875,0.741032726636094,393.90102570836194,0,0.6848703070853497,0.67,0
1.4652778395643358,1.5517521418864646,0.1771185861199265,1.1975149696466116,1.9059893141263176,-0.002123216644579553,0.8198342177644318,0.42583022264810544,75.82444138713089,70.01911748422474,1.9052231307403562,66.20867122274403,73.82956374570544,0.00024096088629914762,0.952480634793661,0.2453914572237898,185.08345931425245,164.3151386452426,2.596201162006963,159.12273632122867,169.50754096925652,0.011518921546087467,0.6056111947522298,0.1910501839062276,2226.954705212755,2326.7409322475714,53.73315051092389,2219.2746312257236,2434.2072332694192,-0.00411001260057454,0.24447014437383208,0.12519153443991915,146.249818139752,0,0.31115642011266614,1.0,0
4.075531633496391,3.888845606822075,0.33050156721645874,3.227842472389158,4.549848741254992,0.07993833737053482,4.040876954476782,0.8220656459091112,79.72259233668177,76.67803032121448,3.217586099549753,70.24285812211497,83.11320252031399,0.023753890533167094,0.6264400022578875,0.22749299100514378,178.10297750507078,174.83332314855738,3.042238589002049,168.74884597055328,180.9178003265615,-0.00015719585187388212,0.4536292669178046,0.1929572627260289,2157.5785682904593,2336.4316695575667,30.042757510461982,2276.3461545366426,2396.5171845784907,0.013465168319902483,0.9359977282934736,0.2896502694534784,388.9062092072695,1,1.3069540215601805,1.0,1
2.7250582925837743,2.2665370764994903,0.2734298596127146,1.7196773572740611,2.8133967957249197,0.04446499800335914,1.2464147382102537,1.1125324368445917,72.53491937755943,67.83601998447797,1.915930091923445,64.00415980063109,71.66788016832486,0.0033937130085937195,0.5944158937375509,0.28386053825225294,180.25692705312161,179.12136320815017,4.147747489544475,170.82586822906123,187.41685818723911,-0.008492848553114666,1.059963782623401,0.6108104891743545,2185.75815311289,2196.776943869685,30.89541928961703,2134.986105290451,2258.567782448919,0.001894168163447392,0.6807698457103674,0.2833666344203831,449.4583206746727,0,0.9880809637830238,0.67,0
1.455311188656451,1.448672955532904,0.09684894500053283,1.2549750655318384,1.6423708455339698,0.004630337966164227,1.3262462627902245,0.5021338070355175,74.99265782303897,69.75100842038027,1.8863665373990515,65.97827534558218,73.52374149517837,0.0004381257758498195,1.4270954343913769,0.33061063285141506,183.99470197699193,162.5868633386315,4.162158021408369,154.26254729581476,170.91117938144825,0.0061423324521177125,0.07905314188112539,0.03962342831366121,2126.307955159514,1946.466435482076,35.76165773219538,1874.943120017685,2017.9897509464668,0.00038096210724361133,1.2462527182021441,0.7152655983405384,257.1288206513414,0,0.46794505043999973,0.67,0
4.577505932886524,4.32253676124469,0.5373304671151533,3.2478758270143833,5.397197695474997,0.09850946599795402,3.7464054425726365,0.8751549078143546,84.68668651943527,76.77694705099674,3.6519376469475384,69.47307175710166,84.08082234489181,0.07295359260634084,1.1124194184660525,0.4893454338649642,179.0770766837734,189.88006244101632,3.2121545987415856,183.45575324353314,196.3043716384995,0.0042421544110264236,1.4520987180761384,0.32908316604455967,2087.6555333007695,2283.261107625325,40.1715281464472,2202.918051332431,2363.6041639182195,-0.0024595122375310257,1.4957735308544255,0.6336451384114969,392.687632452117,1,1.4861447236761791,1.0,1
1.1745527876723167,1.5913757942657771,0.1627918445174072,1.2657921052309629,1.9169594833005914,0.005880054925988532,0.25215382470777004,0.19338765181587086,77.26953722973353,80.37870530938787,1.1919444633040601,77.99481638277975,82.76259423599599,-0.01006912378140539,0.807713964994059,0.20867750568961643,190.1124345300029,177.1289569413813,5.56478685686105,165.9993832276592,188.25853065510339,0.0009238432512451195,0.2561318264942946,0.05498719837192718,2187.6041987128497,2076.5589291508404,43.3647639413793,1989.8294012680817,2163.288457033599,-0.0012654342050705542,0.03337552788949644,0.016243383604319594,166.35039571451125,0,0.6815037067695395,0.33,0
1.3283470187481836,1.4190315379373255,0.0794594456012832,1.2601126467347592,1.5779504291398918,-0.011913811760365324,1.0467070477416127,0.39977236660197063,72.79734674246058,81.74994323793663,2.027409577591575,77.69512408275348,85.80476239311979,0.0009023407091560324,1.4921305320929572,0.7873308149810887,176.1186175801601,196.31191695351265,5.962222840293325,184.387471272926,208.2363626340993,-0.0023774237059472144,0.1335241871008443,0.04121830322720078,2166.8083448587154,2326.7695405791,42.988827938292594,2240.791884702515,2412.7471964556853,0.006296418557180842,1.0630564338204698,0.37880253440465783,317.4888001832517,0,0.5917520751814284,1.0,0
1.5312047995322662,1.2718131241825652,0.1610436763385568,0.9497257715054517,1.5939004768596787,-0.007536567907409309,0.6942633855514924,0.289295536342678,72.49695441139093,68.53341880917294,1.1344731690173255,66.26447247113829,70.8023651472076,-0.0015045885662267463,0.6171641500206162,0.22386176787729234,178.85100412973605,185.6868006408001,5.838914999281899,174.0089706422363,197.3646306393639,0.008669415691893041,0.6506601024907083,0.2192159024598484,2263.8687019256613,2071.6037177452954,55.9104911031719,1959.7827355389516,2183.424699951639,0.0021331589298839845,0.22316446927087452,0.12819692050247194,120.35461690452252,0,0.35378176927467647,0.67,0
1.4850153631100274,1.598739839066509,0.09542063422669834,1.4078985706131124,1.7895811075199057,-0.000717623347114783,1.196196735558935,0.2789379760791033,72.16953213826706,80.57648234036186,1.9614629739154505,76.65355639253096,84.49940828819277,-0.0017623947279332395,0.08771889542386707,0.03223155785971612,176.55169141265742,167.0632614673108,4.325733688067281,158.41179409117626,175.71472884344536,0.0006436434036982417,1.3690385601666237,0.2823437138802605,2138.233301034826,2282.720919068374,34.86249238115955,2212.9959343060546,2352.445903830693,-0.0016966792220803033,0.938509818583138,0.3420517803953027,135.52759742161777,0,0.46139769142628684,0.67,0
1.4008900271412201,1.6280660778108356,0.1403308514958823,1.347404374819071,1.9087277808026002,0.0018789106684238696,0.5663716911530307,0.24450164431665078,75.88010132138714,73.79640272438711,1.1165370470301574,71.5633286303268,76.02947681844742,-0.006708611216781571,0.3268395962837583,0.16516072730277284,198.4373340074915,163.58057204775338,3.109817043095463,157.36093796156246,169.8002061339443,-0.011510060900675993,0.6233770511169086,0.28508283441802446,2242.3005969210385,2293.427207278291,40.51502692432803,2212.3971534296347,2374.4572611269473,-1.0486586914724121e-05,0.24870670623987018,0.08090100295638251,42.929125026093494,0,0.15065397433186964,1.0,0
1.642283144948136,1.4303968437406163,0.11743219906234677,1.1955324456159226,1.6652612418653099,-0.0023105798189992813,0.5424304710201556,0.33708158945559474,75.10867131893079,68.16643581347168,1.4787023046377912,65.2090312041961,71.12384042274726,0.007150863718093897,0.7944072810989418,0.28190581649417457,183.5102524193001,167.4725187958599,4.905334450182305,157.6618498954953,177.28318769622453,0.004531405600880104,1.2645215322674441,0.3415050429349522,2184.4086473562725,2390.3289407012107,42.67893473743914,2304.9710712263322,2475.6868101760892,0.0029567066058635277,0.5986529090562236,0.3389456317796167,74.7154692344296,0,0.2555760621753156,0.67,0
4.545882630363029,3.295806247478942,0.4307429524530801,2.4343203425727817,4.157292152385102,0.09639816981668874,4.457719827078128,0.7623222751422836,86.10426170295543,75.74658593110922,3.027633710804583,69.69131850950006,81.80185335271838,0.06433200062798196,1.5235996951391144,0.4719091558937612,182.1167097430429,168.83868917556055,4.487910040606281,159.86286909434799,177.8145092567731,0.0016708820862244872,1.2281103442260761,0.7287936930696051,2192.2370475587627,2065.6380557700213,26.762233443927364,2012.1135888821666,2119.1625226578763,-0.0043019250538975096,0.07914788678940393,0.03773806877494441,435.7685947449056,1,1.4944781138469372,1.0,1
4.155780980062378,3.218566412146857,0.2103247627797948,2.7979168865872674,3.639215937706447,0.06351662891548228,4.461092483223729,1.205635433584316,82.87147151921263,78.40439473139553,2.348358719404623,73.70767729258628,83.10111217020477,0.050368511770414647,0.6673604285237882,0.28820194121731824,181.41649709220079,168.58745172959507,4.7757038233935365,159.036044082808,178.13885937638216,-0.00106721435465104,0.08724569325821369,0.05216825926793163,2274.5363068424977,1996.2224068852872,49.22564695929461,1897.771112966698,2094.6737008038763,-0.0015123484324406416,0.09343769719509404,0.037727231660834984,901.7727327503715,1,2.2581613503578244,1.0,1
3.972858158945168,3.794430773206737,0.2489991447863957,3.2964324836339456,4.2924290627795285,0.11349066591531627,4.7965669297445634,0.765019164020554,79.27901728194718,75.81356427687304,3.57100037094329,68.67156353498646,82.95556501875961,0.052677852266428155,0.37349875741132404,0.12077342122247095,178.9854126849478,193.07247150101702,4.291231597993183,184.49000830503064,201.6549346970034,-0.000821676029426956,0.42627644356759314,0.1345274787560475,2210.604667653709,2127.64448925744,49.193633232509626,2029.2572227924206,2226.0317557224594,0.000797312534020646,0.25134980895675973,0.08146835286920799,672.1073417412001,1,2.2353727299805204,1.0,1
1.42670169050824,1.4012998638870968,0.17135148504677955,1.0585968937935377,1.744002833980656,-0.0006681386486338562,1.2640786853092028,0.44679740740660345,73.4466118940557,82.36077691934703,1.9052361973234584,78.55030452470011,86.17124931399395,-0.0037371462662460237,0.5260777641813765,0.16274403299805176,183.50852698394775,163.44727564149957,5.029545473156194,153.3881846951872,173.50636658781195,0.0006218806115046476,0.3064013298502798,0.12810464564078738,2279.905544787588,2307.7054245929753,45.98902099798208,2215.727382597011,2399.6834665889396,0.0028677941843871253,0.4982601892970355,0.10148676489007405,39.37384893881358,0,0.1405765199467594,0.67,0
1.5234533284975376,1.570800280010618,0.08536058793280087,1.4000791041450162,1.7415214558762198,-0.0029526228491971165,1.1023012004536996,0.3388949089275289,74.20012254579146,69.2286504352023,1.6710551004552374,65.88654023429183,72.57076063611277,0.0028589906170755747,0.07667659159157658,0.0362101465674719,190.47525303533152,172.7953603324,5.304761865817653,162.1858366007647,183.40488406403531,0.0029975192402599076,0.9422152136731208,0.22388698540796312,2282.1718075645945,2368.2547503692917,30.902326769478993,2306.4500968303337,2430.05940390825,0.0008315241412608706,1.0299860790512503,0.6027403459549509,20.163990966182876,0,0.062233851254007634,1.0,0
2.711741576872671,2.081456107927371,0.33414140455710645,1.4131732988131578,2.749738917041584,0.03163308255886159,2.2299899524155524,0.8149117835307546,76.6217262311967,80.7020368820609,1.576824834532319,77.54838721299626,83.85568655112553,0.0025307882773035616,0.20759637895218686,0.09680345703496654,191.06195318795506,174.75541647685904,4.555794540014519,165.64382739683,183.86700555688807,-0.00050997358317966,1.1345340821154515,0.5872959068515223,2157.878368493684,2188.625372866256,56.450891869913946,2075.723589126428,2301.5271566060837,-0.007793934975119208,1.3443850747073682,0.6376218197191397,344.76451862599464,0,0.7532639601737395,0.67,0
1.5119843929444572,1.4551859637759157,0.15324892748726263,1.1486881088013905,1.7616838187504409,-0.0016887451635096752,0.05871827041352479,0.10388727832334968,73.40362821220607,76.11864018379801,2.026080018837307,72.0664801461234,80.17080022147262,-0.0048030658820641305,0.03146999225089997,0.011275795197930101,180.25835094450215,176.0027914099394,3.351740819713988,169.29930977051143,182.70627304936735,-0.0012520399678400376,0.06851360784952981,0.03511696677668152,2175.0838513528793,1969.1476837870734,34.87948735371852,1899.3887090796363,2038.9066584945106,0.007601389944414166,0.41278360864131247,0.2142826263091891,193.64113439206108,0,0.3284328563590347,0.67,0
1.5842098119587622,1.3234316455007595,0.17820629718327455,0.9670190511342105,1.6798442398673086,-0.0039383864821215,1.0892649383583788,0.20936189403283878,74.41536570846182,74.51088650960983,1.072257056298989,72.36637239701186,76.65540062220781,-0.00010442074812449801,0.0239637432650735,0.010727435525428255,172.4230598676035,185.79105155875374,3.470627353591398,178.84979685157094,192.73230626593653,0.0024164524821451154,0.05073066475947474,0.017758774391844912,2249.366286772654,2188.163059337651,28.395876367698918,2131.371306602253,2244.9548120730487,0.007375668285164605,0.2720516404062149,0.10747212448036512,264.26071966946336,0,0.6641750118570828,1.0,0
1.2610850259033755,1.5943281335666388,0.11497103095035417,1.3643860716659304,1.8242701954673473,-0.0033072705497538537,1.3860859730400104,0.11049849802878377,76.97447447683851,76.79438788770128,1.4358517510876738,73.92268438552593,79.66609138987663,-0.0009120435036795943,0.8630523032666879,0.2445796254528055,185.09734962514744,169.28562486078079,3.4900508024659214,162.30552325584895,176.26572646571262,-0.004283063217750057,0.9812183883619083,0.47067040587552844,2244.261830682499,2140.5846293023214,36.19821018230556,2068.1882089377104,2212.9810496669324,-0.0006261735735765197,0.27498456333744115,0.09520986797046208,284.37483263950645,0,0.6078901522891721,0.67,0
3.977543472017483,3.610777249958501,0.5744619096643124,2.4618534306298763,4.759701069287126,0.11960297966749729,3.053751237570346,0.9992821142969163,79.47882370328077,79.43427665137136,1.9362016365676578,75.56187337823604,83.30667992450668,0.0510997791418242,0.46220884022861874,0.26032152907567785,184.36223578830226,188.88872483968254,3.5275714549257264,181.8335819298311,195.94386774953398,0.002575176336043299,1.3006084778701554,0.7352290575699397,2225.6892975456103,2213.5540131592097,49.568840704019614,2114.4163317511707,2312.6916945672488,0.005677828200902995,1.1936890041541517,0.6636936368972647,451.7761622677122,1,1.6882578384319271,1.0,1
1.3082802180081607,1.3919860207729204,0.08013676253737495,1.2317124956981704,1.5522595458476705,0.0011552956054147706,0.5977388805966067,0.24314919886463376,75.56242105991176,67.68561507434165,1.9440701252353019,63.79747482387105,71.57375532481225,-0.0018758686241777817,0.9700150334910085,0.23331671354516967,190.1882624878615,179.17041926566296,5.356946391010213,168.45652648364253,189.88431204768338,0.004813424585262847,1.2803853854167397,0.7173172533128953,2277.0283305670655,2143.1792078648014,57.51327344121799,2028.1526609823654,2258.2057547472373,0.0029355719853549167,0.034316917832855176,0.019509458556860617,291.8111596813944,0,0.6697936932103051,0.67,0
4.609659174970709,3.192691065024359,0.5303267002259051,2.132037664572549,4.25334446547617,0.06288698674734453,2.983160059583964,0.8759373984860495,84.32631192218706,82.62861560899748,3.597122027098581,75.43437155480032,89.82285966319463,0.05044806402565017,1.339110117136419,0.40429845076774984,184.08876347938025,195.0886128195133,3.4093125337245587,188.26998775206417,201.9072378869624,0.003227420905705377,1.1697680927267153,0.2840106336810618,2308.162736165273,2313.422844115088,47.14176625968818,2219.1393115957117,2407.7063766344645,0.0013951076288516962,1.3980421582650262,0.33693360019830526,811.4087094098813,1,2.094251438991057,1.0,1
1.5138912001839742,1.4976745215983087,0.1703012501001442,1.1570720213980203,1.838277021798597,1.5989953076441985e-05,0.3693985859711786,0.1282399306697006,73.95028107935113,78.10854420950854,1.7165588649275763,74.67542647965338,81.54166193936369,0.0066660528069002216,1.4008005597769797,0.3010889883388263,185.86614545646748,183.1683863206935,3.8918839730076202,175.38461837467824,190.95215426670873,0.0035160912742837197,0.06159956061991739,0.014082616122268965,2216.21829871219,2110.1361062774663,31.853876709930518,2046.4283528576052,2173.8438596973274,-0.003622661345171245,0.19593595030393768,0.11238526620222315,55.0197118658366,0,0.21352301981242894,0.67,0
1.5938217582265897,1.4627613946719706,0.13194150777252886,1.1988783791269129,1.7266444102170284,-0.0035901654108613707,1.1731472206314022,0.08101544655027633,73.80055630813723,67.54686933574094,1.662341206086127,64.22218692356869,70.87155174791319,0.001602532062993189,0.42933465153857087,0.2394137505559812,179.1462745583267,181.19169026905368,5.405852347896425,170.37998557326083,192.00339496484654,-0.0030147890444070908,1.1881264448609288,0.4885915325960024,2133.9679170235095,2172.087212437956,43.09065101182241,2085.905910414311,2258.268514461601,0.0017043539567314042,0.3475214481350469,0.0715118660181754,205.06825056870224,0,0.44448707859859565,0.67,0
1.9844667737602024,1.8662732844196073,0.41175735381631684,1.0427585767869736,2.689787992052241,0.01197094614331086,1.346877609799585,1.0927555722467925,76.03252983256,70.6119519367058,1.0723599518755846,68.46723203295463,72.75667184045696,-0.008965381989561948,0.2378042377498853,0.124865587431822,178.17408691853132,177.56647631879716,5.172636678649555,167.22120296149805,187.91174967609626,0.0071557605888087055,0.9275194605681862,0.22746477583395175,2186.9981874909777,2070.8325967746614,45.32579989290731,1980.1809969888468,2161.484196560476,-0.0031113511144699804,0.582199621503374,0.15620655325772415,280.19401071932174,1,1.0453006110814353,1.0,0
2.469534072688967,2.3668480796043916,0.26337608505146665,1.8400959095014584,2.8936002497073248,0.015449346061829027,0.6824896826085107,0.83163976159613,72.79349858905933,68.3504665340741,1.2820460941104246,65.78637434585325,70.91455872229496,0.00394537600699955,0.3512916384252194,0.14350512900467988,177.34314241516512,172.22939242565806,3.2181399168830627,165.79311259189194,178.66567225942418,-0.002689892644109775,0.04268608776588373,0.01928309767995738,2223.3222298420133,2412.17776645735,56.72239738834761,2298.732971680655,2525.6225612340454,-0.004957635205523161,1.1760926697427183,0.5280730738040308,301.9176014959767,1,1.025128103965732,0.67,0
1.2329069569280373,1.524685410392194,0.15211156699788164,1.2204622763964308,1.8289085443879574,0.0025239068045753545,0.3553375398919958,0.20665186837651983,73.64824327129537,67.76459345987622,1.0621551828374864,65.64028309420125,69.8889038255512,-0.0016937150588570541,0.2390975110086463,0.1393951844518574,181.06723037994598,198.52524983973328,5.039758158982335,188.4457335217686,208.60476615769795,0.003293454069528093,0.21521586644676038,0.07786364951209208,2119.5536725277198,1991.88069979975,54.50623076234715,1882.8682382750555,2100.893161324444,-0.0034663806196157843,0.5669011595175797,0.3019632192143678,211.69634872767583,0,0.4576235573046622,0.33,0
1.734643539529052,1.668448163277102,0.07765559794391147,1.5131369673892792,1.8237593591649248,-0.007824272124777303,1.4782684355827176,0.25677301003777153,76.53128621296538,69.48098247645211,1.9039322756972825,65.67311792505755,73.28884702784667,-0.0029272251045998413,0.27782357722584156,0.07847281611023937,176.40009131142494,184.82208953188638,4.782379191805778,175.25733114827483,194.38684791549792,-0.007286368290997265,0.46887038828964106,0.26464428012242536,2286.299900104717,2420.9608863667486,29.635987680340747,2361.688911006067,2480.23286172743,-0.003779876456575059,1.1483823564655222,0.60586281685921,207.84034615822694,0,0.831489175037251,0.33,0
1.7992100929062333,1.4368081781022342,0.12031751811275528,1.1961731418767236,1.6774432143277447,5.0335042612903e-05,1.1532174843573255,0.6082092888980177,78.39691740475114,66.88023129511012,2.145722275417852,62.588786744274415,71.17167584594583,-0.011296931289520931,0.8214119791270151,0.4552665457315989,182.18793807293164,191.80684961968245,2.594792791898727,186.617264035885,196.9964352034799,-0.0006132755015380976,0.35317521844041466,0.20968172275117894,2159.0737597174966,2204.4536354262113,36.74116699494046,2130.9713014363306,2277.935969416092,-0.005855838339006185,1.048103557725451,0.40821797618340844,213.14463535223956,0,0.5236023857274762,1.0,0
1.7782322370199317,1.4421363695226848,0.07924084404581205,1.2836546814310608,1.6006180576143088,-0.005076271366731408,0.05590308414530981,0.21969313962448236,75.34089410082593,70.4520190257774,1.1274555368936332,68.19710795199013,72.70693009956467,0.006627612846770297,0.8659027402384858,0.22418376488277464,178.65155429347178,163.47956678040345,3.078793463689004,157.32197985302543,169.63715370778147,0.0028741324223093105,1.491695954844002,0.5541072994092378,2224.512872221426,2363.378326934963,27.10037865996307,2309.1775696150366,2417.579084254889,-0.006486057695831366,0.9310860180363023,0.4027528609870085,193.86630333890741,0,0.6883222071153009,0.67,0
1.6636468579522306,1.4467203799276087,0.09740740292898435,1.25190557406964,1.6415351857855773,0.0038143178059322587,1.1231986576545478,0.44005888497354684,72.4566197169614,72.77567274041884,1.966239049645944,68.84319464112696,76.70815083971073,-0.0034263165423522395,1.0353677440916913,0.5944752109463508,175.34679956512645,176.32801776482574,2.607830359343371,171.112357046139,181.54367848351248,0.005313137486939944,1.2655725759458094,0.5332425532872453,2246.1213875309154,2287.2599157816344,56.599346744934365,2174.0612222917657,2400.458609271503,0.006198472650321213,0.24507271164957417,0.07996794246993197,267.94205637559804,0,0.6706804457184783,0.67,0
2.2917785050324424,2.105619786541718,0.345088218076075,1.4154433503895678,2.795796222693868,0.015753378839612434,1.9471614008799618,0.8186837450267791,75.77194018513775,71.84784172981115,1.4419150777752536,68.96401157426064,74.73167188536166,-0.00040462476640901754,0.2820878497186134,0.10471319345078366,179.39673528630107,185.71612137361376,4.620158212756403,176.47580494810094,194.95643779912658,-0.0015377836759063106,1.4443057410027145,0.6294115742249657,2326.496387462598,2373.37238208032,36.30425566773327,2300.7638707448536,2445.980893415787,-0.003937839348630479,0.7566315595728195,0.3765148305875156,259.95256174832286,0,0.7406778374968676,0.33,0
1.5282303132634225,1.481032399676532,0.1364378441310012,1.2081567114145295,1.7539080879385345,0.004132919825686241,0.2418186208775549,0.39811739392551854,77.74959594010956,78.23034574776696,2.2472109398500866,73.73592386806679,82.72476762746713,-0.0015349817858130177,0.11405109496295174,0.059375382005480974,179.07157751935677,192.62386757755542,3.2354119018132548,186.1530437739289,199.09469138118192,0.0021100717970534695,0.6407158876649675,0.27857954744945135,2189.1642494306784,2193.026534526543,50.13847091952422,2092.7495926874944,2293.3034763655915,-0.005279223187169204,0.41232763741109923,0.21259791820563495,426.15848829330264,0,0.7865400769917043,1.0,0
2.065109604123612,1.7064076459853474,0.2399912996423343,1.2264250467006788,2.186390245270016,0.0490431874488587,0.9342808080753437,0.7816451586985127,72.11020535407148,74.92015096274145,2.330856484640046,70.25843799346136,79.58186393202153,-0.0002853064571557797,0.951378980177306,0.3249551611358402,171.93845132010293,196.08285830019537,4.453811125978813,187.17523604823774,204.990480552153,-0.0059709332570592214,0.05012699205758919,0.026383256539422084,2149.3677779278455,2198.125098902846,29.36149726976324,2139.4021043633193,2256.8480934423724,-0.0006029359423673476,1.286483982362741,0.7191490926309241,454.2421263881696,0,0.9384927954535767,1.0,0
1.2496064205083297,1.426788931947478,0.16283462041699578,1.1011196911134864,1.7524581727814696,0.0025380591147162374,0.2959324630756027,0.17658125816097348,77.20078578455745,67.76606513641711,1.7057049255761236,64.35465528526487,71.17747498756935,-0.003621818159017304,0.7900340383895268,0.4508606843202849,176.54980357003691,190.24292294075576,2.60163573930921,185.03965146213733,195.4461944193742,0.0005599096631062886,1.2091677264876073,0.4535827708530647,2177.1650427653244,2203.8965995671238,46.45682090543175,2110.9829577562605,2296.810241377987,0.0026925157831952174,0.9424191885978204,0.4652184398259589,370.06499911848846,0,0.8253937043664303,0.67,0
4.596777546976732,3.290868235756007,0.4825487987239984,2.32577063830801,4.255965833204003,0.0845579585870813,3.66508347257858,0.7036656874871828,81.7761072677025,80.54874601527202,2.409593461229837,75.72955909281234,85.3679329377317,0.06965142163722902,0.9146362964272897,0.27455495789659107,174.68105191948985,169.22365383989612,3.154934946436756,162.9137839470226,175.53352373276962,-0.008855342765440456,0.6260921734937219,0.21959979639249227,2223.5771190209102,2334.2643468637752,28.738024640082728,2276.7882975836096,2391.740396143941,-0.00043034846395446533,1.4301043190731426,0.3204731894252268,412.00034567370176,1,1.5874860615210054,1.0,1
1.657158659853031,1.672769978831719,0.13391897091768692,1.4049320369963452,1.9406079206670928,0.0010528537616697105,1.2197171865217784,0.2729276605602392,75.10495611434091,70.40872905390789,1.040159803095786,68.32840944771633,72.48904866009946,0.0023682488870673704,0.11719656440858373,0.02670655524942949,188.40410083647086,196.89664744611366,2.7381716925173736,191.42030406107892,202.3729908311484,0.0031454130962061985,1.496910624426204,0.5461894249320739,2227.578676940991,1995.796419693823,28.6252493014778,1938.5459210908675,2053.0469182967786,0.000462656958705386,0.18235953024111418,0.08766088160740244,116.9098323796971,0,0.25040508424946645,0.67,0
1.6078455058983157,1.440963264983272,0.12509310301371743,1.190777058955837,1.691149471010707,-0.0008126398233812836,0.5550930943049633,0.536285878210942,75.67043669243475,72.03692883696536,1.2041977824369063,69.62853327209154,74.44532440183917,-0.0004988013765713331,0.3867058754879539,0.16800160156624486,179.98289424432508,172.43989944290462,4.205008769732831,164.02988190343896,180.84991698237027,-0.009158256143568131,0.14122012842483533,0.04069228008606353,2154.9448356507824,2070.216639433425,29.85858387851623,2010.4994716763924,2129.933807190457,-0.00040493954701083696,0.11854901359936809,0.05163375685904414,123.27495482407586,0,0.4488461122254207,0.67,0
1.874741006893364,1.5341716070877587,0.1614114132186294,1.2113487806505,1.8569944335250175,0.0034802120554824306,0.7897579880732198,0.23183812232695594,76.9712418266732,74.92141670313603,2.05337070000286,70.81467530313031,79.02815810314175,0.0017149755703565301,0.9283351754701187,0.19260771010800334,184.55929572428363,189.1433029257873,4.0082021243760115,181.12689867703529,197.15970717453934,0.003478433555380625,1.3622975091870275,0.7163325755056679,2206.303285892025,2210.491896825528,42.93258309412803,2124.626730637272,2296.3570630137838,-0.0040186631146164106,0.8666726425679607,0.25810427592565255,282.1412027322651,0,0.4958191973874548,0.67,0
1.739631925490543,1.3812114752432387,0.14714428957088893,1.086922896101461,1.6755000543850165,0.0030307484987923457,0.07960917325705069,0.39720184037749745,72.04877450723411,72.51739464528187,1.5484291347991694,69.42053637568353,75.61425291488021,0.0018154921633051937,0.6964003536391701,0.1605114771874104,170.3297803912619,167.2715339665436,2.511843953008921,162.24784606052575,172.29522187256143,-0.004419949494610007,0.03643905509967044,0.019305047675296783,2188.989523518296,2356.788122888318,42.27521035352637,2272.2377021812654,2441.3385435953705,0.0015551953268403912,0.6549469813412403,0.201475066808904,72.59633093668764,0,0.15119276745620336,0.33,0
1.4933825988492313,1.3615686047722169,0.1351877973447833,1.0911930100826503,1.6319441994617834,-0.0037594681495166137,0.6506685061305668,0.1673734276536602,79.55621724677103,79.0004881781884,1.2081544665514443,76.58417924508552,81.41679711129129,9.046740780251313e-05,0.8178366289111505,0.27754518051038074,176.49077736314223,164.78358472523152,4.7411975351642575,155.301189654903,174.26597979556004,0.00024077777109754477,0.7950366382907507,0.3838493609415035,2248.38056830611,2111.150115055349,36.74805975973678,2037.6539955358755,2184.6462345748228,-0.0038279189636843663,1.4151940995606944,0.73864233180894,487.586221686363,0,0.8488876720904003,0.33,0
1.622829609837766,1.5022603860543917,0.11561087190331054,1.2710386422477706,1.7334821298610128,0.0022115107806767033,0.9137623190694872,0.17701603708578204,71.42190969150735,73.54933487700904,1.3468306296491621,70.85567361771072,76.24299613630737,0.0018787344085982919,0.6130139681882958,0.2490641679996696,177.33159350067157,170.49784028731818,3.761394417918301,162.9750514514816,178.02062912315478,0.006424583924375417,0.4862316044432597,0.19486182389838805,2176.305856510714,2260.1847708591818,40.63734070609823,2178.9100894469852,2341.4594522713783,0.008766875993621578,1.2146760401074708,0.3612423509062938,275.9928407251757,0,0.498838988293363,1.0,0
4.1516845563634845,4.030760752128613,0.490148640093943,3.0504634719407266,5.011058032316498,0.06125904665291945,2.998082982140927,0.9140834680632354,85.39785271470106,84.99666840850381,3.229990163966951,78.5366880805699,91.45664873643771,0.05788255865860259,1.654870999537368,0.6307835000267212,184.9826231694829,175.05788779972318,2.537503541933756,169.98288071585566,180.1328948835907,0.002120334307592256,0.5537042907138068,0.18985242931957258,2201.972352412037,2146.5898729984156,42.693227710322155,2061.2034175777712,2231.97632841906,-0.0007907692218616016,0.7616367572828532,0.19448290853777941,604.721584887632,1,1.5249647581294785,1.0,1
4.6761747320033376,3.6275699073514938,0.5434025818206218,2.54076474371025,4.7143750709927374,0.0631686903436207,4.6819652482116085,1.0701464758356363,84.31483297135489,77.35026962331042,3.695303552836488,69.95966251763745,84.7408767289834,0.0301315078022237,0.9253446121309293,0.29249258324624877,178.981364359792,195.27730303450534,3.088975059776995,189.09935291495134,201.45525315405933,0.0008934735840523781,0.28379368858553233,0.1385349105798434,2261.4607392148523,2224.0208620053654,54.03469504890674,2115.951471907552,2332.090252103179,-0.0007585721678861457,1.0640832327365795,0.2576789819052822,762.1375776235589,1,2.072316874692783,1.0,1
1.6643984184368048,1.5492841222017828,0.12251415520335258,1.3042558117950775,1.794312432608488,-0.005806734353586237,0.8463473442863574,0.476027618471164,73.0614400405224,72.17020512502852,1.7284042232201065,68.71339667858831,75.62701357146872,-0.0036008050978591946,0.6139090929692762,0.19521876569612284,180.1564574180539,190.3901305086494,3.3240399290412808,183.74205065056685,197.03821036673196,0.00529435923287781,0.6130888924143971,0.3512108700435809,2214.823378302461,2366.013738560513,31.86190230091458,2302.289933958684,2429.7375431623423,-0.002840308071848004,1.361793130760247,0.7795655095636385,115.8725222168949,0,0.5248826845377638,0.67,0
1.5253941337153387,1.5497331897542128,0.08726081752476135,1.3752115547046901,1.7242548248037355,-0.0069017416048872925,0.5886757708522115,0.08313656841819335,73.36554967205569,70.13691753464569,1.7452955665940486,66.6463264014576,73.62750866783378,0.005229017256839956,1.42935940449835,0.7893110035466356,179.42228581362386,194.31342015995165,3.6899051606190456,186.93360983871355,201.69323048118974,0.001587713785095048,0.20467848618282053,0.06498753221821374,2165.7971179709302,2202.526983304071,48.49945848852332,2105.5280663270246,2299.5259002811176,0.0036060952393097024,0.46502077522646706,0.2208462931649038,275.91471359986224,0,0.735544946307019,1.0,0
1.3393977586209926,1.3648274000078975,0.14989011096212096,1.0650471780836557,1.6646076219321393,0.0038798408044820216,1.124408529873531,0.15537860363502673,70.75110971381328,76.98312775156796,2.125003719537422,72.73312031249311,81.23313519064281,0.008478062666390432,0.6651123194920748,0.2636594678416942,174.42598756626427,176.91308861818973,2.6010669424300774,171.71095473332957,182.1152225030499,0.010154768086745744,1.4510632979672966,0.7992552773026099,2135.251301295196,2097.125016862191,34.01916836918848,2029.086680123814,2165.163353600568,0.0015569767870600938,1.4160637526037119,0.7498656851006162,380.2649543321774,0,0.7416459922417254,0.33,0
1.547414513319094,1.655483677274184,0.17028816667286661,1.3149073439284509,1.9960600106199173,0.0011573079124938648,0.5224491260792823,0.23040774530228983,75.61945900617401,74.38281645214589,1.917867832622984,70.54708078689993,78.21855211739185,0.002115399801621764,0.6849013863087237,0.3068919369384101,178.07376594953507,167.27360186992223,4.207863657645381,158.85787455463148,175.68932918521298,-0.00538583413079264,1.4843732884781675,0.6137588890349552,2233.169152442369,2119.3088029463634,35.78826178254796,2047.7322793812675,2190.8853265114594,-0.0028445242654471237,1.482371598593864,0.655294096911285,58.21428029620563,0,0.10825237566273777,0.33,0
2.849114293051923,1.909832051580586,0.2631877739432714,1.3834565036940432,2.436207599467129,0.01000630978312227,2.2417835809356124,0.7394034134339493,73.38130663041024,75.29026386506676,1.9445435888324265,71.40117668740191,79.17935104273161,-0.010585858439975582,0.4437200441270396,0.10064068970072003,179.94880301091388,196.7758673214299,5.147161252680556,186.48154481606878,207.07018982679102,-0.0034507041877444734,1.169943303583169,0.45762440218989864,2189.099718443944,2387.2162094500954,32.11038780164888,2322.995433846798,2451.436985053393,0.0016891295796599424,0.3464105388311006,0.08292202952247855,433.3891073508387,0,0.8776147309123662,0.67,0
1.3546837892386487,1.6198407125831966,0.11066623596156867,1.3985082406600593,1.841173184506334,0.005945648907267331,0.5248928006571114,0.1143611532986421,78.51220317938707,73.45969742623804,1.0506587165460952,71.35837999314585,75.56101485933023,0.0011151015148108156,0.36549151881276737,0.10141891734735463,166.00275586281757,188.38240609618677,4.580744280124155,179.22091753593847,197.54389465643507,-0.0009526259481001868,0.2963714165257155,0.06004343633737197,2214.568722811929,2298.429354649535,51.12609157276221,2196.177171504011,2400.6815377950593,-0.005652602280164806,1.3914213527220847,0.6383063217140783,191.57251755979934,0,0.3257385128100382,0.67,0
2.950666984842465,1.70463551485462,0.42904638715928684,0.8465427405360463,2.5627282891731937,0.029378912361327704,1.1927270062169886,0.9212360275365666,75.17346152261437,70.69598314071406,2.1182805607604798,66.4594220191931,74.93254426223503,-0.0029386898465994923,1.4177846416905098,0.6286483262052255,181.22971859415918,189.69794639450438,4.934740755016276,179.82846488447183,199.56742790453694,0.001023989386409586,0.552561761377101,0.26810920002278466,2220.4570461388,1980.204411994195,25.807991819311955,1928.588428355571,2031.8203956328189,-0.0016418762970840121,0.20007185495661423,0.09240290577475894,569.7735004547608,1,1.2929220956361847,0.67,0
4.682037613080036,3.966660754276387,0.4526177514704641,3.061425251335459,4.8718962572173155,0.10429404444893278,5.209666553670432,0.767924823907518,81.56865914255955,79.09197277771962,2.6724980684810538,73.74697664075751,84.43696891468173,0.06667909829425621,0.9960245608214487,0.36468557244988187,178.38260289061685,193.61945403700253,3.966232686775215,185.6869886634521,201.55191941055296,-0.004280849203308751,1.4768638445641695,0.6890499105357875,2201.7783037016497,2112.7816976449944,33.59090618886257,2045.5998852672692,2179.9635100227197,-0.005275538377402247,1.0763420739728036,0.5497186234032779,668.982770189825,1,1.9988492983317505,1.0,1
4.287685898296134,3.500940013922228,0.4292168802476063,2.6425062534270154,4.359373774417441,0.08252111962762113,4.275438062665936,0.7206164424768675,80.78998954008267,80.664663983549,3.917793303567394,72.82907737641422,88.50025059068379,0.0437093178483383,0.9588815099069716,0.49719085634652066,186.5400595783089,189.22725658931805,3.9007429654738517,181.42577065837034,197.02874252026575,-0.0035344628399367447,1.4854984556904725,0.3124119708053772,2242.7777829510355,2234.6086378133823,57.84854242155957,2118.911552970263,2350.3057226565015,0.0018070865863655146,0.2717749185751242,0.12205448589818056,391.105061683051,1,1.5993813421276522,1.0,1
1.2381180883062601,1.432416613532648,0.13169730918121617,1.1690219951702157,1.6958112318950802,0.007082919116723463,0.20438799364228694,0.15075354194154056,75.60678475039556,74.07433614631805,1.4589965542701007,71.15634303777784,76.99232925485825,-0.010383080060992927,1.3154229252037455,0.718011870372906,174.13090980345103,183.46674730962195,2.6849303322754468,178.09688664507107,188.83660797417284,-0.0017247465760723737,0.3998811147088978,0.08780931563655232,2108.654484801701,2029.5081029030705,58.39951216323564,1912.7090785765993,2146.307127229542,-0.006241939060635261,0.44938456369990665,0.24360483365849345,328.0633936177045,0,0.8152469112646243,1.0,0
1.674241041070022,1.6932962880567635,0.12000222374499298,1.4532918405667776,1.9333007355467493,0.0032825304158761353,0.5220584151323084,0.7098219671635897,72.37345542549551,74.4662585075545,1.3398255734296796,71.78660736069514,77.14590965441386,0.00279279076640786,0.9117812266616871,0.5361098725170453,179.1054407893987,171.2054168581278,2.9733238142318275,165.25876922966413,177.15206448659146,-0.0016702654102842274,0.8843764316300256,0.3904759733131754,2135.0629156694754,2105.512823993787,40.2002119300604,2025.1124001336664,2185.913247853908,0.0037903285308698406,1.0537456752358678,0.4902007584589612,134.60160960536945,0,0.38139540121680277,1.0,0
4.426988877936617,4.169874548815215,0.5731011756241253,3.023672197566964,5.316076900063465,0.052013784894928985,4.543126958057711,0.7807364453944385,85.39628470541994,80.86964502436724,3.1912652889355537,74.48711444649614,87.25217560223835,0.06074399626973824,1.1879959312768893,0.6884699218269565,183.2474868242962,163.22607383323296,5.6408500111230016,151.94437381098695,174.50777385547897,-0.004119677434859998,0.20718793971037086,0.11263662596120219,2164.0445274275407,2211.75758406705,51.60019407367344,2108.557195919703,2314.957972214397,-0.003954496908337766,0.4688970373624502,0.17080655543838283,597.4731241433095,1,2.4695293303197756,1.0,1
1.5784311029782045,1.366002210954917,0.15979797515668637,1.0464062606415443,1.6855981612682898,-0.0005837947766735793,0.5746543348115813,0.541973548736826,70.77711940575551,76.7183225912184,1.5353058521503948,73.64771088691761,79.78893429551918,0.0044402210081922085,0.9246547514993467,0.2091830393619697,176.2848468699412,178.76619918870475,5.013461573538978,168.7392760416268,188.7931223357827,0.004580472010085729,0.5704775132286259,0.2339806004297468,2196.9881381154205,1975.639335832881,33.86152166663617,1907.9162924996087,2043.3623791661532,0.004238806056718393,0.8153054436633325,0.1887367198686552,120.87632528048198,0,0.2929326385937506,0.67,0
4.382624333544379,3.967834344477406,0.534516525240984,2.898801293995438,5.0368673949593745,0.071546290727573,4.335794388371457,0.7632529567801957,85.13652878923445,84.88068362706085,3.622091750556729,77.63650012594739,92.1248671281743,0.050052596353375944,1.4606629315526065,0.8682566481503244,178.54700761328434,184.08490549573006,5.749303931932771,172.5862976318645,195.5835133595956,0.00041416285259049954,0.8862994010926717,0.4086648982905731,2163.591404951509,2086.7080488013307,53.94037465106767,1978.8272994991953,2194.588798103466,0.002172513230456529,0.8439831343541135,0.42610598873607974,503.72000694296116,1,1.4697649440003426,1.0,1
1.7870869269560483,1.5532513927113347,0.11434686141257774,1.3245576698861792,1.7819451155364903,0.007246462142019131,1.4787020261227826,0.36822199736698236,74.77365870341987,77.98775766707901,2.3730398153152765,73.24167803644846,82.73383729770956,0.001509653175015107,1.0583523031133502,0.4543827176811545,179.46069485536822,181.75978154322377,4.033366763766518,173.69304801569072,189.8265150707568,-0.0025593420054675882,0.7289827418488588,0.3798006015643775,2277.3054280215706,2150.303932506772,52.90087202788808,2044.5021884509958,2256.105676562548,0.009372122234666219,1.4524788093481527,0.3226249918833646,259.8320615490518,0,0.5950228242518399,0.33,0
2.0534193737633735,1.8497151595738073,0.4154702609527662,1.018774637668275,2.6806556814793394,0.030206628460909303,1.9329525252843338,0.7681264301150302,79.54507288379938,71.0154254760422,1.370812760939,68.27379995416419,73.7570509979202,-0.005089557452385796,0.5247925413337178,0.25364777938811034,184.3135246099501,162.5030298567075,3.794610189768437,154.91380947717064,170.09225023624438,0.006555811483018083,0.3144913831675506,0.17418734050219453,2243.203499106947,2239.743575440771,36.81987711534786,2166.1038212100752,2313.383329671467,0.0033182317351642073,1.2145113871321098,0.5808656549258163,414.57451105648914,0,0.9647206613277595,1.0,0
2.5102692166159293,2.3625382507479333,0.2816670065277845,1.7992042376923645,2.925872263803502,0.041092085925756736,1.9204866838545183,1.250762489346851,74.43670523549014,75.59607634815158,1.8909217879934268,71.81423277216473,79.37791992413844,-0.006490519518435789,1.1269096754066188,0.5312329152935364,179.85830077316768,188.36684556785548,4.378181479074228,179.61048260970702,197.12320852600394,0.0034691172692955107,0.614017381323589,0.3427230635172495,2258.32641681105,2047.1728879817636,50.53948696063524,1946.093914060493,2148.251861903034,0.002220725855436287,1.216523062398104,0.6612953144702952,436.00180937003955,0,0.8764238260239994,1.0,0
1.1430278576354458,1.3580232982614242,0.17925486654442274,0.9995135651725787,1.7165330313502696,0.008126651545375976,1.0045845117467258,0.7693416869299794,72.27664993907274,74.47450619979347,1.390684388051911,71.69313742368965,77.25587497589729,-0.005433554056923636,0.24174553184424163,0.08956970812786746,181.99249389364203,177.31621505006729,3.01231578533855,171.2915834793902,183.34084662074437,0.0012392314095091238,1.4775146217441695,0.35238758198289144,2146.4839725674083,2068.3359837951975,35.83881975230096,1996.6583442905956,2140.0136232997993,0.0032992480605228253,0.44567573719176284,0.1436506639856791,348.4364983329118,0,0.6290361841398284,0.33,0
3.976383290189866,3.876663796795742,0.42281620531001407,3.031031386175714,4.72229620741577,0.0731380636376848,4.106855545775391,0.9637743257623477,84.23614769777336,77.03607185459467,3.726836253110428,69.58239934837381,84.48974436081552,0.07605824685004942,0.7861415617531509,0.4519733519562787,186.85204846991934,178.6597694976836,4.359529064228261,169.9407113692271,187.37882762614012,-0.003665164977619947,1.0972446960647086,0.5813077391121467,2290.9030961278913,2062.4399277823472,40.095559721935516,1982.2488083384762,2142.6310472262185,0.0007017993492402348,0.5685607280745526,0.3218191841398807,574.9062785493514,1,2.297476022871986,1.0,1
4.391715235733283,3.6667533876697083,0.266615405398908,3.133522576871892,4.199984198467524,0.14861767972836948,3.9095448913452966,1.1309457298631425,80.8610797683819,75.33188690871896,1.8889075588132813,71.5540717910924,79.10970202634552,0.0548461150168653,0.9128821653877921,0.5282201185412508,186.13968673692665,178.03442778111986,5.061554580502753,167.91131862011434,188.15753694212538,-0.002298283861364985,0.9559532348070359,0.21822370747489933,2146.007877610926,2138.9559845915246,53.56198649900132,2031.8320115935219,2246.079957589527,0.0007904461266159222,0.6481009275999265,0.33607681194470895,750.6662998985048,1,2.352574073953118,1.0,1
2.1147477553534264,2.0063913039560592,0.28536462009624886,1.4356620637635615,2.577120544148557,0.03363218134071663,1.0360943747572755,1.2937357321003737,75.08257491117487,79.74208463609021,1.773785446063756,76.1945137439627,83.28965552821772,-0.00866734749018094,0.03155535369070295,0.015434849434371527,181.10746653566417,163.90739078807303,4.194745987716746,155.51789881263954,172.29688276350652,0.00020562534320938482,0.09540215456669604,0.040133319224242604,2108.961986109899,2368.340848412449,46.54001202615243,2275.260824360144,2461.4208724647538,-0.002498602497098962,0.5209327114585467,0.1594530276450943,515.1062201853339,1,1.269274298615151,0.67,0
1.372353235612057,1.376258503219785,0.16300847167200253,1.05024155987578,1.70227544656379,0.0024812428312271408,0.8463269655500483,0.5852438998971431,77.96566573277181,68.43543064641105,1.9020034191388904,64.63142380813326,72.23943748468884,-0.0075157753479980095,0.2529423163276431,0.14936054140208477,176.50651532370597,195.71337236908673,4.947176192934817,185.8190199832171,205.60772475495637,0.006294431028714108,0.04970019328981634,0.01527542130959494,2204.7340694735367,2174.573999611397,34.543379659385046,2105.487240292627,2243.660758930167,0.00779147478386224,0.005068270212618409,0.002472971853396527,195.2869842171707,0,0.36603242854519874,0.67,0
2.643763762764609,2.3751279659541935,0.23671031372012957,1.9017073385139343,2.8485485933944528,0.04536980695715817,1.75781028984723,1.0230291222193537,75.71532273326218,75.52326904144005,1.116254260934261,73.29076051957152,77.75577756330857,-0.0012820127776614805,0.877135212505957,0.4618039186199746,173.31462446056082,195.67709107576485,4.231899598174971,187.2132918794149,204.1408902721148,0.0021933398127913,1.1134653683005866,0.5658238113527175,2102.90706703103,2408.389674091875,39.28831317712046,2329.813047737634,2486.966300446116,0.004864555351841185,0.36327516839065155,0.0976062237416397,313.7197304383628,0,0.8739924355864851,0.67,0
1.7990553102223132,1.3998417687036397,0.15578481037863312,1.0882721479463735,1.711411389460906,-0.004307217147321432,1.1550457030522747,0.8349040746957568,75.1949778780474,67.68021258419365,2.0073023170668725,63.66560795005991,71.6948172183274,0.003245738605352102,0.6631556193116683,0.3064395655032731,173.60850993075667,175.5540699528278,5.408986375523838,164.73609720178013,186.37204270387548,-0.005548046839515154,1.3410819190532168,0.5346216708551897,2115.931155414237,2226.654433712646,38.03282043800109,2150.5887928366437,2302.7200745886485,-0.00013607066188928502,0.5573596627743,0.15495272624317866,157.8180925078296,0,0.6422438326047855,1.0,0
1.6970055376766993,1.6233039630660175,0.12487792958001806,1.3735481039059814,1.8730598222260537,0.0030044222442070206,0.23708145285456655,0.1803666895899321,75.62591625087249,72.26597734277902,1.0517852934805045,70.16240675581801,74.36954792974004,-0.0016754414961167217,1.0311129991198424,0.6156722886719791,181.19364164178037,193.11415971293718,4.678520526274562,183.75711866038804,202.47120076548632,0.0007241192739969009,1.4548085085364029,0.7918798003735867,2184.6428745381027,2205.1181758787798,55.693159767888325,2093.731856343003,2316.5044954145565,0.0042625063797752,0.14753175853521822,0.04002350240273717,92.67994484063222,0,0.18982200309059916,0.67,0
1.4287943236492777,1.4214004785088066,0.08780731560177248,1.2457858473052617,1.5970151097123515,0.0007671059775195936,0.42477490767152415,0.11878611999701176,72.60075809671864,76.2032660291765,1.541817364590072,73.11963129999636,79.28690075835665,-0.005677590225944974,1.1017751614106541,0.26564038990156696,174.68864365327494,179.64446027978246,2.606491098709489,174.4314780823635,184.85744247720143,-0.0022424521543321567,1.0216365595947705,0.591563284328246,2244.9148435603024,2231.950926603571,48.87268863179,2134.205549339991,2329.696303867151,-0.0005970883494608004,0.9979220898848393,0.3696935405572869,334.07660835219497,0,0.6209377496075896,1.0,0
1.5182694960628307,1.4197443124992475,0.12171949823996221,1.176305316019323,1.6631833089791719,0.005181221775006992,1.2197686931049476,0.13634526374878753,75.70701603853298,76.30659839222427,2.381325266875506,71.54394785847326,81.06924892597529,-0.0012567463982084623,0.7127899251111651,0.29445122156989584,180.37988604440426,168.923696907437,3.465027878300271,161.99364115083645,175.85375266403756,0.004174085793337937,0.06106076041878178,0.013267289371985257,2188.219687831806,2376.89000969115,36.90462737952078,2303.0807549321084,2450.699264450192,0.002534134556889087,1.002046375889778,0.4037243675407623,53.45790945053843,0,0.09513878033393786,0.67,0
1.5528588543117612,1.3872395362296128,0.11021853594242455,1.1668024643447636,1.607676608114462,0.0018050097308855081,0.4743230822135344,0.14804190176365387,75.63034340778498,78.1233956268766,2.280238025175281,73.56291957652604,82.68387167722716,0.0014586358353368548,0.41450893994453014,0.17833821803000666,178.27138163254986,175.68106810990312,2.50023624176301,170.6805956263771,180.68154059342913,-0.0008257706151418748,0.7858200373520646,0.22262768217033874,2276.8158786909025,2239.8480794154098,27.341627015436,2185.164825384538,2294.5313334462817,-0.003160003023021565,0.09942535813417902,0.020432936607595726,171.1065951067492,0,0.5937289819176446,1.0,0
1.6508807953112432,1.4968457651549112,0.0891161061224218,1.3186135529100675,1.6750779773997548,-0.009273046554492055,1.4669074688189374,0.2927381953517228,72.38907595545365,69.48276521750812,1.2619859895731724,66.95879323836178,72.00673719665446,0.0021622155521215636,0.9813173085249105,0.5424555919099979,175.70870938768385,165.23723916995684,3.248393148693718,158.7404528725694,171.73402546734428,0.004322579328843397,0.9780371871195008,0.24230561074180237,2219.9468597083724,2212.9018799463142,57.53012783368759,2097.841624278939,2327.9621356136895,-0.005602294912192317,1.1137611850165916,0.2823824716017126,118.9080984666946,0,0.3045784602031356,0.33,0
4.393237793443426,3.680114552237952,0.41925808109120877,2.8415983900555344,4.51863071442037,0.06746471858963296,2.8030026543297057,0.8553643154542234,83.72868356139544,75.4400720629602,3.7369223700526386,67.96622732285492,82.91391680306548,0.054612872078672506,0.7402323194660668,0.3472991425073645,176.1345827221476,165.23631676005223,3.693355000024454,157.84960676000333,172.62302676010114,-0.0008640086869823219,0.21492218805396163,0.10442801182664539,2238.5960077418335,2118.1242179426154,52.72669181805867,2012.670834306498,2223.577601578733,0.0014907923299526283,1.014541601809086,0.47871477536572743,616.6912789881363,1,1.5845713267454966,1.0,1
1.6768043977078895,1.2910870964671857,0.11826516871838552,1.0545567590304146,1.5276174339039568,0.0002521338206972153,0.3068750582256578,0.22765731459109773,77.52455578134334,75.51558386333004,1.6362489095780572,72.24308604417392,78.78808168248615,-0.0028453069542328686,0.6899674702668988,0.32285097000346735,184.2448514806764,166.27037379341925,4.796028379648213,156.6783170341228,175.8624305527157,0.0023924986589794494,1.0825283989615468,0.37199849304932175,2226.948153632786,2065.488097445508,49.87300819733998,1965.7420810508281,2165.234113840188,0.002613833711833591,0.9657948525156452,0.4906281852015456,66.53898912746652,0,0.19354621770838568,0.67,0
1.5087095745036652,1.5192450237436823,0.07880649333905346,1.3616320370655755,1.6768580104217892,-0.002030145772063577,1.145071889675344,0.32550563183053205,76.07435962908347,77.20243579572492,2.1265402649977814,72.94935526572937,81.45551632572048,-0.0008935344228174787,1.1047413130751687,0.6298482580319713,173.66471448967468,163.41207023373136,3.0011912635808473,157.40968770656966,169.41445276089306,-0.006562443451681562,0.05840056093405677,0.01252084266435172,2212.0704558185025,2357.757679345877,27.456881399269978,2302.843916547337,2412.671442144417,-0.0014239777832371658,1.470483109091739,0.6565952889547853,162.1875107195664,0,0.5932552791815748,0.67,0
1.5528945142264112,1.5890448051535495,0.14218087525784529,1.304683054637859,1.87340655566924,-0.002549646226828711,0.5877011563869925,0.32437534003404667,71.20275730862436,71.85294847097397,1.790388397648465,68.27217167567704,75.4337252662709,-0.005971695823096375,1.3859665220489108,0.3335257206062769,183.5105579974457,174.17171122052724,4.261624407358857,165.64846240580954,182.69496003524495,-0.0019198010101742007,0.43743283405116706,0.22911376465394045,2206.416951360147,2222.008981607695,31.977581435230867,2158.0538187372335,2285.964144478157,-0.006843772677980148,1.2410871093291216,0.5840932765715016,304.0412671818747,0,0.7824990248534279,1.0,0
1.579041932855148,1.3266356356386722,0.12890770707109547,1.0688202214964813,1.584451049780863,0.0015662562990085174,1.1760498542746942,0.19213971501553476,73.37771197049908,72.37244983935685,2.1520070580598434,68.06843572323716,76.67646395547654,0.0014867627141377645,0.4838323964192181,0.2122668592957712,184.785812201112,186.65746790400965,3.343239573650523,179.9709887567086,193.3439470513107,-0.0033437705926075744,0.21751825109442796,0.07288216230101818,2129.692877900855,2263.8293575276243,54.1424902417297,2155.544377044165,2372.114338011084,-0.003621106569154645,1.3360560410788818,0.486335901493156,127.71509581785769,0,0.6059692967153215,0.67,0
1.421711163172069,1.4487022957785585,0.13646618215884762,1.1757699314608632,1.7216346600962538,-0.005356091115053546,1.0576260519211635,0.7168161827732309,71.75458685851227,81.06554045481093,1.7800424331769167,77.5054555884571,84.62562532116476,0.0045691332807277505,1.17838212607938,0.4953920747688127,180.47559984492796,189.20181845716036,3.1665031218641664,182.86881221343202,195.5348247008887,-0.0046651398542063224,0.7621208042785104,0.19323636527854918,2147.8361202944643,2163.111719712151,54.918390471104836,2053.2749387699414,2272.948500654361,-0.005145648390391526,0.03435879989577578,0.014649176189371803,25.344776040246803,0,0.11819939600924023,0.67,0
1.2423693468748669,1.574732316142648,0.07956912515362154,1.415594065835405,1.7338705664498912,0.008817596664088498,1.0166053451503263,0.18280429017387562,71.87713548070323,71.81291369403233,1.2236390287928687,69.3656356364466,74.26019175161807,0.004563295687758627,0.4995166790131089,0.16580032404953446,177.5787488978087,182.50008675028798,5.403523675139668,171.69303940000864,193.3071341005673,-0.006208100308290858,1.2345698622432844,0.6134162963841164,2251.581155643582,2290.917101917858,58.06781804318757,2174.781465831483,2407.052738004233,-0.0007408520237711524,1.1605858920945291,0.6181167032564583,122.7515251576033,0,0.29366891527045913,0.67,0
2.142069072260189,1.8627889554370145,0.3652137955197421,1.1323613643975303,2.5932165464764987,0.012977136737540626,0.9027982055877748,0.7108848690361494,75.46107425565661,77.09575253094845,1.469852941937262,74.15604664707392,80.03545841482297,0.001955639384663631,1.1476598874496964,0.4281997456040029,190.94249493047997,162.31034430640938,4.665048021752404,152.98024826290458,171.64044034991417,-0.00276588622673635,0.13640317486956172,0.07765289505541559,2187.302414680138,2300.156889518917,54.24500967817269,2191.6668701625717,2408.6469088752624,-0.008713859869405205,0.0654913930695128,0.01929725198445138,329.41506100796715,0,0.7054993301102899,0.33,0
1.4321307282847493,1.4788089658381938,0.15828763128138482,1.1622337032754242,1.7953842284009633,-0.004830632615645451,0.08736517915720687,0.4436664138294209,78.49180726437123,77.38264080286096,2.272126337783071,72.83838812729482,81.9268934784271,-0.006632174136539983,0.48391809216212645,0.2840917034806692,176.14104495498782,193.51397658434496,2.577875439233288,188.3582257058784,198.66972746281152,0.0019182751193339447,1.4667172337072922,0.3587368231546712,2156.0931840957296,2175.3937144533265,33.39446119683114,2108.6047920596643,2242.1826368469888,0.0016816090481084306,0.29460895147360705,0.12403269955965861,252.04638065773972,0,0.45887216092513483,1.0,0
1.6708041161730507,1.398418077961223,0.1786327078172351,1.0411526623267529,1.755683493595693,-0.0033907227319594792,1.1979082684125946,0.0878529543484412,70.53846469370521,78.13359219058906,2.146109280004824,73.84137363057941,82.4258107505987,-0.005762983006089426,0.9354857845672251,0.5454179150442456,179.45001445578663,180.0468645124276,2.9693754371986936,174.1081136380302,185.98561538682497,-0.0012214970263200765,0.1347943271023655,0.07427179129639053,2183.63624230304,2387.0904923633334,42.586231578325595,2301.918029206682,2472.2629555199846,-0.007027920415387199,1.0236914679673903,0.41127442823381977,75.40261285394227,0,0.12991476681719893,0.33,0
1.4089410772747881,1.6558797221962043,0.14767956027991228,1.3605206016363798,1.9512388427560288,0.002851263617718123,0.42448775649787457,0.751101019665043,76.51005558703929,83.01068377877505,2.026266060248217,78.95815165827861,87.06321589927148,-0.007064587997074362,0.8019075818335637,0.18409500289276665,173.0405363495232,161.97845442760996,4.949715711934478,152.079023003741,171.8778858514789,0.009169123644999872,0.4145712316594029,0.1774194133110322,2224.9750398484452,2319.072177358371,35.56240401089474,2247.9473693365817,2390.19698538016,-0.0015563260715217675,0.31957012015823794,0.08785797456984129,27.038600337323015,0,0.07870374543107923,1.0,0
1.5602480651010668,1.4535853701588939,0.08308536671315267,1.2874146367325885,1.6197561035851993,0.001643391211740413,0.20595381251829137,0.3733412669670935,75.40732084545236,81.92418421017686,1.3647034320356912,79.19477734610548,84.65359107424824,0.004684495971520529,0.8740168120752412,0.46923344594434685,182.99516708641858,183.8725930699275,4.681140364901025,174.51031234012544,193.23487379972954,0.005689550874022918,0.7234778701013956,0.4054987428290752,2183.4818268753183,2194.707842207704,54.36032280175387,2085.987196604196,2303.4284878112117,0.0020993731139588383,0.8946800717430174,0.5146770795445172,60.0461572810103,0,0.10989762997505874,0.33,0
1.312390156739844,1.612213955466552,0.16080562764021983,1.2906027001861125,1.9338252107469915,-0.0019240020991518165,0.9358489035662304,0.4522307021377122,79.88640504769481,70.85920041589029,1.4200277393785352,68.01914493713322,73.69925589464735,-0.004224999545458125,0.8517686332462164,0.3803042802856271,181.8811513562397,166.64781362064042,4.006383644060105,158.6350463325202,174.66058090876064,-0.006157080845330938,0.14555401705824483,0.0842717002583309,2287.0028634598366,2141.201908656267,28.50775896340278,2084.1863907294614,2198.217426583072,-0.0013706459854500425,0.22286771866329386,0.05943033617206247,107.71189602118976,0,0.3859681697809538,1.0,0
1.5502364904689911,1.6167165760636224,0.11798561786572716,1.3807453403321681,1.8526878117950767,0.000886486065736542,1.4108388911352672,0.21151444619231008,74.99785773292517,75.54734011804189,1.8117679271385083,71.92380426376486,79.17087597231891,0.007463049737320177,1.4950923211191944,0.46527119578145854,182.05416903890492,199.2489672581295,5.994837895463574,187.25929146720236,211.23864304905666,-0.006660644773154505,0.7555305535421007,0.36601258620409277,2219.9116392346136,2296.805829724018,55.621914163917594,2185.562001396183,2408.0496580518534,0.00015134335554309536,0.22935816607534282,0.10701450648384246,102.72394946213637,0,0.33523371457141776,0.33,0
1.6147488518405113,1.4366460860764443,0.13707099076133442,1.1625041045537754,1.7107880675991132,-0.0032940141318588793,0.09746091371846305,0.30580928742503166,75.90715970429066,81.55985499290045,1.3261578884417462,78.90753921601696,84.21217076978395,-0.0014966348664794218,0.35844558081158545,0.14250100205706973,175.0461831352552,194.34446797760657,4.5903810559380185,185.16370586573052,203.52523008948262,-0.0009179114474657963,0.36019423551974633,0.1464576685169081,2218.4214904217383,2197.4142338810043,49.11526287957776,2099.1837081218487,2295.64475964016,0.009457901691967951,0.7156209459622784,0.42288439968399066,279.13812906272966,0,0.8360583496019106,0.67,0
1.4821399824142325,1.6194782045643699,0.1689714697576058,1.2815352650491583,1.9574211440795815,-0.001807566135534337,1.2861062541953867,0.05172093565131012,74.18420215091271,75.48020799962993,1.8061844810649985,71.86783903749993,79.09257696175992,0.0062557445650945126,0.9349620464088115,0.49467989984722416,182.36570452707963,188.51243611456306,2.966004206966915,182.58042770062923,194.4444445284969,0.0031312213303165888,1.2756383429814482,0.4639559326554644,2150.264136298204,2383.799350861587,57.56035792542502,2268.678635010737,2498.920066712437,-0.00625214272520297,0.42806777635880927,0.16622569986646785,128.3788523408213,0,0.46701299084995496,0.67,0
2.827130471887837,2.396051661376055,0.3467318150391326,1.7025880312977901,3.0895152914543202,0.047090625305256366,1.1200327116436979,1.1036386840428298,74.21665878099193,69.16885623205376,1.7001292700951265,65.7685976918635,72.569114772244,-0.00029888555196166516,0.7194479342992902,0.3993192132116478,179.60784889857675,183.63282056244952,4.065829379233236,175.50116180398305,191.764479320916,-0.009337819682193783,0.988694868934741,0.2177404948572632,2105.3983213757165,2122.5893859652406,31.394318444898396,2059.800749075444,2185.378022855037,0.0005162082934954274,1.2945404222244354,0.4746665906217932,513.6414534127956,1,1.2138244589288814,0.67,0
1.5154546948398773,1.565805499216443,0.1385622804054871,1.2886809384054687,1.8429300600274172,0.0030848441972829133,0.3682473886898403,0.5682826697987674,72.17972404996503,79.65083142714634,2.137367007071956,75.37609741300243,83.92556544129026,0.0011858750000982772,0.9891770797881745,0.5846004863706438,182.6742754131999,193.3494322637222,4.012165038819332,185.32510218608354,201.37376234136087,-0.006950477066247385,1.2711867273361195,0.26800100162822504,2319.118367938076,2090.98709246921,44.60632436583969,2001.7744437375306,2180.1997412008895,-0.003747289864309148,1.4319070541704966,0.4168997474549789,151.66364718185906,0,0.276330791799399,0.33,0
1.345453852413998,1.4650496229313426,0.1309529918472913,1.2031436392367598,1.7269556066259253,0.0007164333594101266,0.6479001350452149,0.044785099587557366,73.48643926595827,72.99353300136778,1.584864940274359,69.82380312081906,76.1632628819165,-0.003480585256731509,0.23919014668015076,0.0962571853381294,171.76901849810645,165.62774020173381,5.702992588310881,154.22175502511206,177.03372537835557,0.0041235087039304865,1.3078709831379547,0.770402836774544,2229.2906491777326,2299.0376291500475,49.033095589415296,2200.971437971217,2397.103820328878,-0.0023659155315355683,1.4924249791829127,0.57748410590192,218.34060059550262,0,0.44607395999452487,1.0,0
2.0805625833145314,1.6777672739767813,0.354216046434429,0.9693351811079233,2.386199366845639,0.03488117917008037,0.6993278441535518,1.0933915825785736,78.88821540705099,81.35128563733876,1.908712842826438,77.53385995168588,85.16871132299164,-0.009758014564414434,0.5253549214906151,0.2977918695715984,181.95668790422312,160.90420847114314,2.89376446633332,155.1166795384765,166.69173740380978,-0.0013844467788440178,0.5603494290586208,0.16010305508106265,2166.413960537096,2237.116990028226,53.36515197506097,2130.386686078104,2343.8472939783483,-0.00028975270881358785,1.034552302292803,0.5068771846329664,362.99851187246287,0,0.88658381282982,0.67,0
1.5459514259055647,1.6303961877282673,0.15038696620780803,1.3296222553126513,1.9311701201438833,0.0011090557416548092,0.810012528239367,0.508320628890524,75.6434427440316,81.63000373908035,1.2438828471004797,79.14223804487939,84.11776943328131,0.002142273407801637,0.9926804001973847,0.5261026303807907,176.42763996807025,180.10424681705874,2.6371628756299748,174.8299210657988,185.37857256831867,-0.00439637231040339,1.1133335756801994,0.47772893722968574,2158.874017790916,2285.672123899074,54.74787587645111,2176.1763721461716,2395.1678756519764,-0.0008523807449084811,1.061683735364855,0.581487779194945,136.9693441014243,0,0.6266587916532804,0.67,0
1.508930990434649,1.5808541960437703,0.08133841356908102,1.4181773689056083,1.7435310231819323,-0.00037949392539830373,1.1640734383040705,0.338540000112238,75.16063914525043,73.20375785810369,1.6133712859132086,69.97701528627726,76.4305004299301,-0.001648991285229199,0.538369486497046,0.22960485733288613,172.98897454831595,179.1803858251885,2.5763237759353848,174.02773827331774,184.33303337705925,0.0025676068462736766,0.2543369915552033,0.13403319760706994,2296.1112280134726,2149.1048286931436,56.439067928618854,2036.2266928359059,2261.9829645503814,0.005365590133996875,0.944825555506799,0.4689424931753424,50.13901769305803,0,0.09379170872794954,0.67,0
1.501331018827862,1.5397467228244246,0.15188522627161832,1.235976270281188,1.8435171753676611,-0.005773184744423641,0.5533715600304301,0.414487883937171,73.23878708043671,73.44893601352994,1.3210465304307155,70.80684295266852,76.09102907439137,-0.0033158118790464503,0.23825654307302346,0.1222198321631246,175.60503993401946,167.04854216617414,5.218094687688408,156.61235279079733,177.48473154155096,0.005881128533792646,0.1862402798217162,0.07502113512593754,2135.78140122454,1987.5400866980442,39.7588576398513,1908.0223714183417,2067.0578019777467,-0.003998714440552659,0.666577539957084,0.1454022391122982,225.80795764172237,0,0.6551870792799332,0.67,0
4.1008171212385385,3.931934135779921,0.22279149079894733,3.4863511541820262,4.377517117377816,0.091860727491833,3.3303318828544466,0.9406764976690051,84.1875455722434,81.13004375433457,3.464918285564215,74.20020718320613,88.059880325463,0.07173217841949132,0.9726670143389502,0.3833890069830451,186.11926599286863,197.82547345924897,3.8001354191853185,190.22520262087832,205.42574429761962,-0.0002444859173705277,1.1124621777540633,0.4416782200086161,2129.740507659821,2206.8713190138856,39.23816803331032,2128.394982947265,2285.3476550805062,-0.0018325351018402593,0.4923496585175091,0.18787864280332825,480.7259616888667,1,1.3638026362231925,1.0,1
1.5209936384556788,1.2854560268744775,0.11028535985631223,1.064885307161853,1.506026746587102,0.0055756512591640765,0.5854453235658155,0.1159126514366143,77.81889896620433,72.03974552271968,1.450169591217797,69.1394063402841,74.94008470515527,0.003620011275000079,0.7345095982748429,0.42475554956620865,179.31604087587877,191.63447982789367,5.91419572672633,179.806088374441,203.46287128134634,0.007691974922191392,1.1522056944223065,0.4596991319563204,2193.7316507001246,2327.0980144476384,58.02707298217547,2211.0438684832875,2443.1521604119894,-0.005012709810024646,0.7511169123037931,0.3410849355540574,70.17394993622602,0,0.15605829381562436,0.67,0
2.2152153070189606,2.0478757793798175,0.43777654583643105,1.1723226877069552,2.9234288710526797,0.026357089430266878,0.6483523911886244,0.9500915565880083,73.37490845975603,71.5926621540361,1.7400178820124192,68.11262639001127,75.07269791806094,0.0030148205172063083,0.9956874359121661,0.24429672975694072,183.9759343082076,187.77915488901377,4.398049914673777,178.9830550596662,196.57525471836132,-0.0018913827228870424,0.22215119794069116,0.11074804258890017,2282.6654818589263,2392.6692754036594,48.51227445892031,2295.644726485819,2489.6938243215,0.00047139646807139676,1.0126948287666295,0.37163805310510645,424.7025565601289,1,1.0131173771993072,1.0,0
1.5938293865550686,1.5014893951469617,0.1546683952588199,1.1921526046293218,1.8108261856646015,0.005195452109883681,0.04452775843420531,0.02838159084446644,73.93257047991061,68.2335650134702,2.220070518779157,63.793423975911885,72.67370605102852,0.007848597937104294,0.7746077068102937,0.24643159547174964,184.03687071908155,192.942452680232,3.084546959846221,186.77335876053957,199.11154659992445,-0.005114839424340338,0.6947145453863521,0.39503263518828474,2280.322918398932,2127.1440608692083,40.873386971690515,2045.3972869258273,2208.890834812589,-0.0012620986087018575,0.8955922566894778,0.3251011685076333,251.63201200149376,0,0.7063028111155176,0.67,0
1.3259674414450815,1.5832240199777776,0.08290779396299862,1.4174084320517804,1.7490396079037749,-0.004888234185774028,0.2566836329708499,0.041146808135210544,77.05775488335789,75.11259650846141,1.0004299050472576,73.1117366983669,77.11345631855592,0.0017105971005482857,1.0317782775632307,0.5229100573227191,179.7363745788251,163.00334609048156,5.466096064971734,152.07115396053808,173.93553822042503,-0.00337519505709734,1.035434294900375,0.20710679063230483,2259.8747258282183,2412.9274830651384,44.64791560264283,2323.631651859853,2502.223314270424,0.005587602743873035,1.2851458313091946,0.5704514734342929,290.485810837673,0,0.5158652977872071,0.67,0
1.6399830773370425,1.4826749649879825,0.1039673873702861,1.2747401902474103,1.6906097397285547,0.014198114574039564,1.2050663571568818,0.4337906156420822,75.71206493425429,82.06731290666731,1.8475950642320798,78.37212277820315,85.76250303513147,0.003467588321127031,0.36612001569372876,0.10097516352495756,182.03351841974145,170.6680218987631,4.066412684949784,162.53519652886354,178.80084726866266,0.0005708454174406418,0.4222786386996259,0.10071246283276403,2138.834647610675,2183.71839241121,34.01816719428399,2115.682058022642,2251.754726799778,-0.0026891418493251123,0.045975886060848625,0.011506156037391456,50.176808397363054,0,0.1962993984943769,0.67,0
2.2898459200875902,2.03177232666835,0.28965457389194926,1.4524631788844513,2.6110814744522486,0.033699456185277005,1.6432794465402958,0.5692642722765073,71.08245267740881,67.82160228943533,1.2055874367027966,65.41042741602973,70.23277716284093,-0.013612270704959696,0.8265470290202355,0.21313503759887908,183.23238393099174,169.2940662091279,2.582258479864134,164.12954924939962,174.45858316885617,-0.004277413479627907,0.5287131623935492,0.14244313390843355,2186.3186194803366,2159.523551440511,57.15982179406184,2045.2039078523871,2273.8431950286345,-0.006480243464119642,0.6008930611579085,0.16640967946640178,340.9474205596649,1,1.2124004940978215,0.67,0
1.309106912852575,1.364564938661336,0.07837025225093322,1.2078244341594697,1.5213054431632025,-0.00041995111661152464,0.47169060596065543,0.16585650709710004,75.95355538287745,69.3244500516968,1.7255568769463447,65.87333629780412,72.77556380558948,0.006137020086739608,0.2650440133125973,0.059520853976165515,180.53530294777218,186.10072271471788,5.23877456190066,175.62317359091656,196.57827183851919,0.0023012794465886582,1.1389953462580522,0.29220597783094593,2171.138924553651,2000.0504714948029,32.09796432152774,1935.8545428517473,2064.2464001378585,0.0029899353329592726,0.8756518458380034,0.4404058456636746,142.7538635826525,0,0.47217664109556234,1.0,0
1.5241727985280966,1.667621171842704,0.12265892874941897,1.4223033143438661,1.912939029341542,0.006067987811511245,0.9475210513393402,0.18098753514370636,75.47219458843016,76.42542718167405,1.4351016664031218,73.55522384886781,79.2956305144803,-0.0006132683612733725,1.207848415274763,0.4875613176637717,187.05535531172762,182.09476503993565,2.6341079811446577,176.82654907764635,187.36298100222496,0.0025976521625797754,0.6357300823083403,0.37143005053026756,2186.7825290568117,2089.1119198216425,38.89014102708875,2011.331637767465,2166.89220187582,0.0036149025654891183,1.3605121818909311,0.5689460049876949,59.446840047299496,0,0.12584661706902878,0.67,0
2.83199813440614,2.7076069993863,0.25145038105221074,2.2047062372818784,3.210507761490722,0.04960890138460296,1.8812454841626831,0.5188629940691457,72.9272702317358,81.86236002062869,1.8123199450787983,78.23772013047109,85.48699991078628,0.0025939650872586063,1.356052479681839,0.44488348235187186,174.87333054733773,185.33164034066561,3.2392289050578302,178.85318253054996,191.81009815078127,-0.004710300917871225,1.3528741617568243,0.48551238270620034,2172.600209062943,2105.023911886149,58.992696915992305,1987.0385180541646,2223.009305718134,-0.004185450668075198,0.6570504850464702,0.35770706224648274,293.7148194690426,0,0.79434139905654,0.33,0
1.6263143951847654,1.5340212734897243,0.11681208240658067,1.3003971086765629,1.7676454383028857,0.005130811074220989,1.261267408698904,0.3676700587622612,72.96114653244881,73.1920012512042,1.3754865597315007,70.4410281317412,75.9429743706672,-0.0012012841991721104,0.48180202303959757,0.20191050948994915,177.39739460037185,198.06085006493944,5.946806467593108,186.16723712975323,209.95446300012566,0.001447274744295682,0.8977189317250783,0.2260550088011288,2246.6450830554795,2327.0740342093163,40.54167449932978,2245.990685210657,2408.1573832079757,0.0003492989849088072,0.7857894936124292,0.28236632107076376,365.8388355808314,0,0.7512887764383105,0.33,0
1.9109523203132275,1.7306957130680372,0.10413298446323412,1.5224297441415688,1.9389616819945055,0.011230940067791326,0.8922987763314028,0.41658897843484827,76.11359189365557,69.66788502889102,1.0865259354065213,67.49483315807798,71.84093689970406,-0.009287857225834585,1.2224510070297692,0.41273732539821645,179.86179351198226,167.76983869144203,2.5360618945880864,162.69771490226586,172.8419624806182,0.003637736868953101,0.5766273100946525,0.13680120362592726,2192.551416761782,2111.1321505616256,54.272011852504306,2002.588126856617,2219.676174266634,-0.0067217023607244585,1.3089269552949196,0.28757687245918767,71.43892321450099,0,0.2702321086134433,0.67,0
2.1551937159702668,1.7724214361383477,0.3777245962920965,1.0169722435541546,2.5278706287225408,0.01924355688538274,0.5307325014694466,1.1377899292227551,73.00341388335787,77.45612272858334,1.247858017483869,74.9604066936156,79.95183876355108,-0.010810161499637195,0.9510011511239822,0.3287241302862057,182.18076490754018,184.87703327691926,3.234761410857195,178.40751045520489,191.34655609863364,-0.00037835536328531717,0.33712505726603625,0.09374431276210272,2276.8775659517173,2055.0642862240625,40.804122634056974,1973.4560409559485,2136.6725314921764,-0.007757687104840634,0.8694163488424258,0.4789283941084713,446.811695665928,0,0.9706456430949157,0.67,0
1.5740223478457829,1.5540120404626254,0.16502596780665404,1.2239601048493174,1.8840639760759335,-0.00027175637200101187,0.3466977909384043,0.3267085971631358,73.16594394251842,72.49021270096131,1.1526206423483083,70.18497141626469,74.79545398565793,-0.0005002315555183333,0.35713077306685886,0.1049784051903531,184.53753531485313,186.71602761062647,5.8540827694602715,175.00786207170592,198.42419314954702,-0.0007861335844556,0.8599927389167452,0.5048223382934025,2246.840715846133,2405.301328919255,38.01345055257326,2329.2744278141085,2481.3282300244014,0.004107694086541052,0.2472328244853394,0.0701334839814705,212.2285435355008,0,0.4586252944056647,0.67,0
1.4948839198515682,1.5182182569506584,0.13164060732623328,1.2549370422981918,1.781499471603125,-0.001305043620861568,0.12295316639023579,0.000618520847886616,75.01885272112754,69.13892053998984,2.300048861407827,64.53882281717418,73.7390182628055,-0.0007199998885083055,1.463840006843848,0.8426339148778675,180.3791146549022,165.6627473290361,5.6095109680043365,154.44372539302742,176.8817692650448,-0.0010791537771807722,1.1380108270301714,0.27202062599419735,2256.8928887984684,2017.1671620813536,53.59945487595507,1909.9682523294434,2124.3660718332635,-0.0003968807001015615,1.373988002043116,0.438494537174828,99.3597186110081,0,0.17133356828609622,0.67,0
1.2858962344332072,1.3873735053486649,0.11005557945482994,1.167262346439005,1.6074846642583247,0.003010262616050623,0.03745653725952358,0.36283852354560375,74.3364532125105,81.04745831237209,2.3679426079777075,76.31157309641667,85.7833435283275,0.0046150740961650874,0.11822081026867859,0.05792013557887171,174.65282412324217,176.83376848323786,2.8307250391637337,171.17231840491038,182.49521856156534,0.008336058004258776,0.06047056103182247,0.015461602211875692,2309.7506014563874,2200.567781747882,44.005148897984455,2112.5574839519127,2288.578079543851,0.004123451751054335,0.829053333381205,0.3930908669077103,323.9480677081205,0,0.6818339907087789,1.0,0
1.5397159174485586,1.491605896414822,0.16954615375782137,1.1525135888991793,1.8306982039304647,0.004858631548802514,1.4874893186219436,0.015088250269087137,74.4026692188406,71.79314677185651,2.1525019109954693,67.48814294986558,76.09815059384745,0.0017376274701335554,1.1678598989368685,0.46710706800691776,182.85967884800533,165.79262191847823,4.693414657788751,156.40579260290073,175.17945123405573,0.00484014803598174,1.4975773200121627,0.6274232853367799,2316.941147076412,2160.103084114009,47.19315120266406,2065.716781708681,2254.489386519337,-0.0010453199083625424,0.1437744506531235,0.050214580495596135,180.29355618261025,0,0.4880304536393864,1.0,0
2.339987757592894,1.9006354162003047,0.36239461895737,1.1758461782855647,2.6254246541150446,0.014770006707258664,1.6790107683508508,0.7836945303941739,75.37421420025018,72.67873739941956,2.0371331106258417,68.60447117816787,76.75300362067125,0.008253741721526086,0.58374692477022,0.23065323290069983,184.87941041653875,195.1332067098626,5.1778902865394745,184.77742613678365,205.48898728294157,-0.0032908834380482167,1.146018938498581,0.36326300241210174,2105.850827666414,2392.037579441517,33.97464293513972,2324.088293571238,2459.9868653117965,-0.00011298916522451248,0.8987634528158668,0.21414610676753407,398.7998591622467,1,1.2665342046842722,1.0,0
2.7704240293149605,2.3616451527104876,0.4296499713983706,1.5023452099137464,3.2209450955072287,0.010721280393009201,2.2637096016413656,1.1029984902913972,71.07342170432206,69.82025339562199,1.659067349342644,66.5021186969367,73.13838809430727,0.0011165116977610275,1.0112881749225011,0.5275935529734789,184.91740947772595,187.8481706122439,3.8077760373054446,180.23261853763302,195.4637226868548,0.0003177002525116835,0.5821821851527456,0.1387200693762159,2147.7581843048465,2185.231370640421,27.34828064204575,2130.53480935633,2239.9279319245124,0.0070285652550791345,1.2423191368298914,0.3332050938279543,513.1863719805923,1,1.0936876551084653,0.67,0
1.5504863676023686,1.5072233881459762,0.09301536909512927,1.3211926499557176,1.6932541263362348,0.006912093150035768,0.9609256863383371,0.09856641330649146,75.92742775855089,70.48763405333882,1.442889002868245,67.60185604760234,73.3734120590753,-0.0008391771619021538,0.6088715146911319,0.3460489816362106,186.14835163194877,179.86342830917243,5.811720596501936,168.23998711616855,191.48686950217632,0.000895104571147598,1.3165016444002737,0.3053071568446978,2161.764613520602,2238.1406733894564,49.701836925767374,2138.7369995379217,2337.544347240991,-0.005341640855602858,1.049949018156926,0.5687617665018703,32.12637103550047,0,0.13673587633234668,0.67,0
1.6484101595504566,1.6897339794309338,0.11517023911063869,1.4593935012096564,1.9200744576522113,-0.010218843507632483,1.3038001320972106,0.08803224734671734,76.75351997830853,70.3405441709471,1.1328448453349516,68.0748544802772,72.606233861617,-0.00424569823256496,0.5826950117601608,0.25352486419443004,186.37224026277605,177.63270491052307,5.392693793433749,166.84731732365557,188.41809249739057,-0.003290567465458473,0.44449537663778477,0.11332296806895581,2187.7952218920727,2163.0958143103835,50.855588691184096,2061.3846369280154,2264.8069916927516,-0.0010006727711406882,0.041352361253768455,0.017446500074853922,13.602258820873175,0,0.050793491575701656,0.33,0
1.6453774481043402,1.4203749473310516,0.10605101001992584,1.2082729272911998,1.6324769673709034,-0.003916543783625317,0.6516689268298179,0.32625493437579683,76.5705107191431,67.82801550627512,2.2958532276997126,63.2363090508757,72.41972196167455,-0.003906788478084731,1.4538689013166355,0.427974276170617,177.364198823518,196.08627010649369,2.758726008260173,190.56881808997335,201.60372212301402,-0.008605235628148314,1.1777715310849155,0.4288434380642766,2150.8791879759533,2306.0234232078046,54.03110328934275,2197.961216629119,2414.0856297864902,-0.002673754022954575,1.3483286307932179,0.30641267759378366,98.23348854589702,0,0.3061840327748174,0.67,0
2.5115410257651263,2.0880126066235327,0.2604101658454952,1.5671922749325424,2.608832938314523,0.0368389883794314,0.7089647906156693,0.7508278227487212,73.45491577631553,76.43795828332905,1.738674239574191,72.96060980418068,79.91530676247743,0.004036305281678212,0.8236248338530843,0.3567937771684562,180.16608281506575,175.3651059819652,5.454733550216813,164.45563888153157,186.27457308239883,0.004712046475170675,0.648594540277635,0.3447065020568679,2177.098740849272,2295.632121690186,35.412243449743386,2224.8076347906995,2366.4566085896727,0.005237484574379953,0.3447390626888041,0.06907272325523588,332.7806832496438,0,0.8027108463010751,0.67,0
2.4748133706360185,2.155670238357972,0.2375922503839516,1.6804857375900686,2.630854739125875,0.0302584447506832,0.6707375586531306,0.8630953397112429,76.33887674308494,73.86118170091865,1.6167513073727293,70.62767908617319,77.09468431566411,0.01137120075605681,1.2010392013750968,0.457404829135456,181.67587742050347,193.29885548706088,5.012027891602219,183.27479970385644,203.3229112702653,-0.006372604369425653,0.8370734634442313,0.18637104934672027,2173.358186561004,2092.0662696558165,25.642203158577143,2040.7818633386623,2143.3506759729707,-0.004086005347510071,0.4650327693241536,0.19120470156171093,325.8573338077161,1,1.2306827881453166,1.0,0
2.1957800141833212,2.0408286570706453,0.24962184108809532,1.5415849748944548,2.540072339246836,0.020818764224660353,2.4173954827307966,0.6645961302176155,75.97348300431612,71.17230597004189,2.3651426615402804,66.44202064696132,75.90259129312246,0.005274462062758735,1.0113548424422985,0.33822877044178484,184.72021074074542,170.753216841199,4.044760275399675,162.66369629039963,178.84273739199836,-0.0006278779396504165,0.5079595420297025,0.16122200590626595,2165.66977340759,2009.0400534197067,26.279943432703533,1956.4801665542996,2061.599940285114,0.002936966932087773,0.488203483014934,0.22813495227012634,435.28358155615376,1,1.0487112056392682,0.67,0
2.9100574647998076,2.7890328076211874,0.29714911981569725,2.194734567989793,3.383331047252582,0.032093520538220115,2.1849282136711503,0.4855636278528812,74.13225307404163,72.37767868922319,1.9379348872029052,68.50180891481737,76.253548463629,-0.0016005023817504183,0.5324926737209128,0.1748092860351062,167.97465225044894,196.61689308572448,5.562530449103895,185.4918321875167,207.74195398393226,-0.001912966914436891,0.45218427961600194,0.10753961298117201,2228.9673379878386,2252.1179066218106,29.91746534284311,2192.2829759361243,2311.952837307497,-0.006228712251168352,0.7561051196226365,0.3160161568827026,361.74689180724897,1,1.2690550933248956,1.0,0
1.6305772738960451,1.39201014899177,0.1758544390385121,1.0403012709147457,1.7437190270687943,0.0009384156751731796,0.7584743533552967,0.7995049327957109,73.36701248857162,79.48185114474549,2.0229499622788873,75.43595122018772,83.52775106930326,0.0032127492234029532,1.4675766966880848,0.6022544473940481,182.44124089974108,184.47656284407182,5.0171627166329795,174.44223741080586,194.51088827733778,0.008845310265764303,0.4589818946097512,0.12030224079189086,2268.8359047301146,2235.347663408135,37.15355615817994,2161.040551091775,2309.654775724495,-0.005018553848622883,0.7348250077482302,0.4334937693121208,369.6643169471929,0,0.7313917913323907,0.67,0
1.4651861296465973,1.507075398705433,0.08794694158674458,1.331181515531944,1.6829692818789221,-0.007442723195159757,1.1599629640884324,0.36730036122195686,73.78518150464772,82.96688532126744,2.155790285083534,78.65530475110037,87.27846589143451,0.00365467717050789,0.6104565456420106,0.28982569907816463,177.07511948520906,191.56630275252348,5.0158607142454255,181.53458132403264,201.59802418101432,0.00569593156675386,0.038800622588130274,0.009354766636551605,2177.6389435268075,2269.7258000680667,40.02776871362119,2189.670262640824,2349.7813374953093,0.0030089030164933382,1.017119265286397,0.5157073619172023,86.31771864459263,0,0.2212007213693793,0.67,0
1.3581796937735653,1.4309539653230676,0.07718062810459107,1.2765927091138856,1.5853152215322497,0.00304954561327322,1.3274904200925388,0.5287968831424977,74.71102431711114,75.6186060106919,2.2166659434675435,71.18527412375681,80.051937897627,0.002153699669909254,0.9649864705136824,0.2815516616710638,181.95738360385576,192.85526537213545,3.719913280611822,185.4154388109118,200.2950919333591,-0.008492252842001254,1.4987243501679883,0.7486662804767223,2239.2142376631878,2227.1589255893873,26.010269381031076,2175.138386827325,2279.1794643514495,0.005761253259363742,0.5926327835349492,0.3390999319603888,52.78502998548247,0,0.11716456245672129,1.0,0
2.6541964818022046,1.7132981720754035,0.42817524415908664,0.8569476837572302,2.5696486603935766,0.04256273149546723,1.3533479612316095,1.0741361436454082,73.25662076886238,72.01393517903729,1.7888586633379926,68.43621785236131,75.59165250571327,0.0023996987057413933,0.1800041244253321,0.07430366739989337,185.88489681774243,188.42746648869155,2.5519055685109775,183.3236553516696,193.5312776257135,-0.0019752342608478374,0.12191865726133161,0.02540030091132446,2215.452341751202,2256.210308875953,36.61671997141239,2182.9768689331286,2329.4437488187777,0.0006965981536477991,0.9366373907765887,0.49664585928333205,568.519672820918,1,1.181874499707423,1.0,0
1.9032021435736588,1.4177349955261274,0.15763076671124066,1.102473462103646,1.7329965289486087,-0.0022539224654673272,0.22226659549421052,0.7980120999180206,79.17252820161616,77.89549676607426,1.5519387829688829,74.7916192001365,80.99937433201202,0.009504443948018424,0.46001095753211413,0.16689396121162084,171.24018232647208,174.19145361370366,4.360136235850946,165.47118114200177,182.91172608540555,-0.0009263295746517908,1.3273701858179903,0.6664654190657638,2169.588042596773,2092.9022932265907,43.86811518223778,2005.166062862115,2180.638523591066,-0.004588079945531661,1.1951592908547681,0.6417674582078904,141.98936141097343,0,0.3938765949650801,0.67,0
1.6513223032565842,1.536836865919031,0.17336065400407072,1.1901155579108895,1.8835581739271725,0.004079267550392581,0.3374980155263567,0.11336800960774057,75.50585440842625,79.5864598857564,2.163663138423023,75.25913360891035,83.91378616260245,0.0036189970822221047,0.4693243688938992,0.22182270688464556,185.3680514762283,177.3483060270909,3.955439935006991,169.4374261570769,185.25918589710489,-0.001807321645817309,0.11635336089320175,0.052036605603393474,2181.0260371994127,2352.3159600798117,50.820225765886626,2250.6755085480386,2453.956411611585,-0.0036881313263542725,0.23656146706792697,0.07301718728698361,108.11467336846727,0,0.36924097493692326,1.0,0
1.4604066825656523,1.4762974241065752,0.1487766330640734,1.1787441579784284,1.773850690234722,0.0028897589117202562,0.9606191590757194,0.19114506024450287,75.97900520808133,68.86183718241097,1.1071091556073571,66.64761887119626,71.07605549362567,0.0018403246887347062,0.2921194294142894,0.10756874389913945,180.410574354003,190.4425991569382,2.870923693193289,184.70075177055162,196.18444654332478,-0.0038839276620825577,0.8221530282332992,0.4542373514258568,2145.6635724063162,2171.1508318972446,42.01669790701711,2087.1174360832106,2255.1842277112787,-0.0025588709424811855,0.28944179779778717,0.12649757832289377,50.575708554386374,0,0.12103944144799658,1.0,0
1.5474521558769763,1.617192093164772,0.10532141273810695,1.4065492676885583,1.827834918640986,0.0015622742807586216,0.8699650684717051,0.14389232932068066,76.98101084884505,77.57872001753346,1.4251682722058256,74.72838347312181,80.4290565619451,0.00058978651601644,1.0109577175891722,0.2625857796665331,182.0069669805807,185.83434572517498,3.238126872446083,179.3580919802828,192.31059947006716,0.004346645520231058,0.23296889085700268,0.09148633175972387,2107.2606774269584,2180.839745202055,47.95269994230769,2084.9343453174397,2276.74514508667,-0.0017791456370175641,0.17537528192758345,0.0558870976543045,171.3938947833226,0,0.5266195478873791,0.67,0
1.544147887355305,1.5570454644840412,0.12712837464695545,1.3027887151901303,1.8113022137779522,0.001063349780850773,0.21270390177220272,0.2599552185084776,76.89833012538072,80.17250843068523,1.953501347537094,76.26550573561104,84.07951112575941,0.008096569898153409,0.9422846065160463,0.25004334172694387,171.0397086260856,182.35206588420306,2.7844044510364325,176.78325698213018,187.92087478627593,0.011886121462553838,0.44305118039582075,0.2575019632688038,2215.927430597097,2210.4764833650565,38.13334333944252,2134.2097966861716,2286.7431700439415,-0.004843042477268586,0.28882064665257695,0.0613106720524046,225.64146096635045,0,0.5288801894669295,0.67,0
0.9688558280480157,1.4641051469778534,0.11822441604284856,1.2276563148921564,1.7005539790635504,0.0003159183440387802,0.42370384549124707,0.049813154662887583,75.483829968643,74.94672611646975,1.910241239001515,71.12624363846672,78.76720859447278,-0.004062349161461669,0.8302934431742004,0.19195534966901937,187.29441643658126,165.1223552493198,4.524073273067052,156.07420870318572,174.1705017954539,0.0031049878293636767,0.03548155964746913,0.020432257538320238,2337.155643623187,2286.5913373571207,42.488355212350434,2201.61462693242,2371.5680477818214,0.00743079618509266,0.4601487309794273,0.18990204345989004,26.640298451408565,0,0.0655324479012525,1.0,0
1.2786679835181467,1.34396469797167,0.09662522871582076,1.1507142405400284,1.5372151554033116,-0.008686640312820963,0.6724711799089013,0.5400335417737935,74.26116565742727,75.58259991446226,1.2331678296998163,73.11626425506263,78.0489355738619,0.003490618027031782,0.4241959243958299,0.15318477376651468,182.17786991437714,168.18457602474174,3.6081207397937067,160.96833454515433,175.40081750432915,0.002929920898752592,0.019846606175556836,0.00550914916306449,2187.8493934687085,2185.8832543461513,55.80077099437324,2074.281712357405,2297.4847963348975,0.005874666213140204,0.18154561843988493,0.07422759091423939,273.9652207997069,0,0.5588947543393317,0.67,0
1.4650456509707788,1.6110114608023107,0.1402870710034469,1.330437318795417,1.8915856028092044,0.010368320877168775,1.2902194677014904,0.6249096297643899,74.25957193878418,67.93792607708987,1.1976526982311937,65.54262068062748,70.33323147355226,0.0010693111641447478,1.3120221797309437,0.42002796147785243,175.5166867609844,194.47322322293797,5.365674358929672,183.74187450507864,205.2045719407973,0.004686031352908427,1.4876334742568136,0.5050024191767339,2178.754429495858,2028.1979618838034,34.11475489871228,1959.9684520863789,2096.427471681228,0.002117766980177355,0.30659751549311964,0.10493956871704781,168.95429003275314,0,0.7353939859258064,0.33,0
1.615006817419833,1.3957915359146746,0.1629150066742249,1.069961522566225,1.7216215492631244,-0.0035191662903473154,1.3385656718899495,0.2200671394169887,76.77094116588019,75.27419241216006,1.7443925952134733,71.78540722173311,78.76297760258701,-0.014880162370047623,1.2298506449766873,0.5004677956448167,183.52517553667315,188.9579994262842,4.758570751561618,179.44085792316096,198.47514092940744,-0.002070026175692023,1.3638358943244513,0.7699170923496893,2153.7653884738234,2275.8479584813126,39.547454832674056,2196.7530488159646,2354.9428681466607,-0.0023380476670861374,0.10797290558464312,0.03985510888155884,358.23085999752703,0,0.6939083983932229,0.67,0
1.4322094960102612,1.3236638217784147,0.14490893804744442,1.0338459456835258,1.6134816978733035,0.005446606783140771,1.1223117325918115,0.4811943875065757,77.37096103808327,74.87285916839133,1.7674169019526502,71.33802536448603,78.40769297229663,-0.0012313720570876986,0.47233528003924213,0.1934733264546337,182.50065825411176,197.33715826470458,5.448146625411154,186.44086501388227,208.2334515155269,0.006080258626142202,0.34321350546297813,0.15441807141368677,2162.650481089641,2297.1560994125043,39.73401511373896,2217.6880691850265,2376.624129639982,-0.001966420683069056,0.32455427660183256,0.13534316928858547,449.18272555299205,0,0.8236703278224909,0.67,0
1.5822207570873845,1.433712828698295,0.17476767578012484,1.0841774771380452,1.7832481802585447,0.0045380590552338415,0.7531921436784373,0.17730636926338217,73.3515551212651,79.97959597582584,1.5020104209496763,76.9755751339265,82.98361681772519,0.002987364669483806,0.2515541639845904,0.05956446073602277,181.7811656143382,191.71046240550046,4.378173159992355,182.95411608551575,200.46680872548518,-0.0038936975768457645,0.7231217373484099,0.27869157058589156,2174.5216748565085,2233.2462195642984,29.480866700137685,2174.284486164023,2292.207952964574,0.007726132229424095,1.4947332992652307,0.7610254891795818,210.128358924494,0,0.3814403294647952,0.33,0
1.2673403939972472,1.4921407480990505,0.14908691465481372,1.193966918789423,1.790314577408678,0.004183266859229772,1.257136490527505,0.0648670475794393,75.04845172212093,76.71120652264901,1.2413508218991192,74.22850487885077,79.19390816644724,-0.00481250001466629,0.39793277303294045,0.15947406939142714,177.4675225877267,168.86814225543557,2.853244412599696,163.16165343023619,174.57463108063496,-0.005376647023597998,1.3580959710973735,0.2725817861994631,2159.303444470134,2241.9690491180895,32.66050002848045,2176.6480490611284,2307.2900491750506,1.3114086575498852e-05,1.383662390837901,0.286153793422988,244.0228277941822,0,0.6817957810663826,0.33,0
1.4269499166163844,1.4851502631785038,0.12409488796939616,1.2369604872397115,1.7333400391172962,-0.0022319924940775782,1.1139514243012814,0.40764763184570846,76.93114711758636,67.59016344351176,2.3786382499913437,62.83288694352907,72.34743994349444,0.0037937809632801944,0.7534201939027918,0.43730480211162226,163.34606992802682,179.06229482050065,4.367955240117931,170.32638434026478,187.79820530073653,-0.0026529017782360464,0.39065285013525375,0.11143338174306769,2197.2829579481677,2347.2949243024473,39.115846079751904,2269.0632321429434,2425.526616461951,-0.0028752909809368512,0.7061991224037121,0.3941612387993541,120.30103495715201,0,0.28374479953441356,0.33,0
1.5005798902248149,1.3312967561192735,0.13736015732368775,1.0565764414718979,1.606017070766649,-0.007706788275057393,0.9152563764629775,0.031006525922337175,76.95094591134227,73.53212223006547,2.2162259153211767,69.09967039942312,77.96457406070782,-0.004961348565639974,0.1512472182934131,0.04469454620154046,179.67961841329992,187.5065606917146,4.002186219186086,179.50218825334244,195.51093313008678,0.00016213058911214884,0.1871146172056296,0.09465366859015431,2188.361331165341,2111.9573290889207,34.34332026380174,2043.2706885613172,2180.6439696165244,0.007750394119805463,0.4006346657633522,0.21843371892140337,40.04371064415249,0,0.19521810676316628,0.67,0
3.840797127029966,3.3526167456603644,0.5092567495674686,2.3341032465254274,4.371130244795301,0.10179605277125789,3.1801679620102252,0.8827501864133513,81.53804471179748,76.96010925384199,3.151500979931033,70.65710729397992,83.26311121370406,0.07845166662898143,1.0882011016381357,0.6029920880149576,183.3510994863867,179.5032969051379,3.5602050509161742,172.38288680330555,186.62370700697022,-0.000516273800745237,1.121166609895041,0.43672122559495896,2117.8405594422916,2005.76485508119,58.696892258862206,1888.3710705634655,2123.1586395989143,0.0011535045285934174,0.11340756092512616,0.039269896880064104,356.48375448969693,1,1.454583009374551,1.0,1
2.1221162751492924,1.7165063605827617,0.3656123483417622,0.9852816638992373,2.447731057266286,0.039154820379543834,1.9183614075888094,0.9330314762506426,73.79922861425779,80.99040503016839,1.9370876910679145,77.11622964803256,84.86458041230422,-0.0013935446210982358,0.05788734290720077,0.03192790628869248,181.32135286530902,176.92547608670083,2.6083971119787854,171.70868186274325,182.1422703106584,-0.003836904032211543,0.4123434873856316,0.08787862329518456,2245.510789183237,2409.614138474813,30.657319282460715,2348.2994999098914,2470.9287770397345,0.0001823608832710454,0.23062396815437713,0.13115369845593944,486.6370710795949,1,1.139023163633891,1.0,0
1.7294996971621899,1.602420505815246,0.1301780400308334,1.3420644257535792,1.862776585876913,-0.002126241728647534,0.41128375192387145,0.3327029072451059,76.67566735504889,68.68998903707147,1.1293388697947417,66.43131129748198,70.94866677666096,-0.0008084455401253056,1.039253601213887,0.2968009911977572,180.1409953786012,179.6817802927423,4.9240567388507115,169.83366681504089,189.52989377044372,-0.00533326684459387,1.3202582709611348,0.49028865525637977,2193.144973880489,1992.78587154941,53.01191426858447,1886.762043012241,2098.809700086579,0.004328170924098367,1.0046637690560456,0.4622824379254177,301.8582949245108,0,0.8195322411290302,0.33,0
4.002800315110631,3.8366529797879414,0.2743107818794831,3.288031416028975,4.385274543546908,0.05849662898894664,3.958703628287469,0.9290291638375077,83.68730579629546,77.40424777464932,2.939610841337058,71.5250260919752,83.28346945732343,0.04082014012473199,1.0070719590066062,0.5839610553589207,180.0230054354857,175.03365601563002,2.628495302190733,169.77666541124856,180.29064662001147,-0.010389059099280984,1.380803827653832,0.28279029593138777,2183.985109773168,2210.2861412415996,59.03614865097657,2092.2138439396463,2328.358438543553,-0.00015601744469541989,0.7770156470641469,0.3462960582318033,452.2399479602911,1,1.828547510638845,1.0,1
1.838892558040983,1.6859776046330222,0.17647171564680017,1.3330341733394218,2.0389210359266223,0.005814512862720697,1.0529172368618822,0.13054908135694218,74.70568938956627,82.60027997532178,1.2469973752433618,80.10628522483506,85.0942747258085,0.003136640601369047,1.0824878242262361,0.48411055475573667,181.59186225029316,166.26829366464858,3.749436320572152,158.76942102350426,173.7671663057929,0.008983767327132457,1.027083805831998,0.4172096240542114,2221.9742913997884,2178.2897468123588,34.07780374086232,2110.1341393306343,2246.4453542940832,0.00429175616502695,1.114973240482907,0.3834453011747203,168.2729783568858,0,0.31231097490971577,0.33,0
3.903288083920269,3.457682938245104,0.3490754068049256,2.759532124635253,4.1558337518549555,0.07597537837603262,5.178351049837106,1.079795559686507,82.46906801309078,76.64456331070325,3.2398210327830306,70.16492124513718,83.12420537626932,0.02456785156941801,1.1515184554836904,0.63950967793385,162.59595585619957,182.02134538452736,3.7173322276576757,174.586680929212,189.45600983984272,0.0034094574481315573,0.400542405254132,0.22087990827606643,2292.3353662868017,2343.174682225009,49.411501158424926,2244.351679908159,2441.9976845418587,0.0025363701555364887,1.0202111576404507,0.4564879236474773,492.929343356984,1,1.4061866368809959,1.0,1
1.6796612904940755,1.5294371695255595,0.11044262537553415,1.3085519187744912,1.7503224202766279,0.001540641682682523,0.9752452987764655,0.005021502173675083,74.84563944777261,82.5326427588624,1.5538388545897583,79.42496504968288,85.6403204680419,-0.0001370114543325197,0.039441661002580064,0.011427782469219128,176.04700389434365,172.43879849085374,5.508350173895698,161.42209814306236,183.45549883864513,0.004283325599347033,1.0325297993103426,0.6075525654656682,2209.70105022529,2196.083306039649,54.60857778980544,2086.866150460038,2305.3004616192597,0.013353376874315323,0.9667877035055403,0.5032370784332864,104.3684323094518,0,0.20283612852423621,0.67,0
4.180031451754972,4.043099258414718,0.2975981209409889,3.44790301653274,4.638295500296696,0.1466734227535108,3.45232344637656,1.2030225128973604,80.60723732303579,80.02159357508701,3.919893330150658,72.1818069147857,87.86138023538832,0.04660634617016264,0.6932518810140315,0.2747351060113592,189.75425901183965,172.25174310584484,2.680800749901244,166.89014160604236,177.6133446056473,-0.0006606829445077362,0.5302097880910809,0.1729826857119459,2173.813434861429,2187.0721318656047,59.12164954835822,2068.8288327688883,2305.315430962321,-0.004832939454926576,0.6166701254922728,0.23303045866375338,781.4438476713934,1,2.4783429989384946,1.0,1
1.4880387352653506,1.3593906049635245,0.10289532436492636,1.1535999562336718,1.5651812536933771,0.003878826926413625,1.0799094665211904,0.45737862160686005,72.83359663363079,80.27964286667428,1.8530989234991893,76.5734450196759,83.98584071367266,-0.00525581803175097,0.5507147389681106,0.25837196204051016,183.89838257971445,172.9770932531315,4.452107991550135,164.07287727003123,181.88130923623177,-0.005423782170794069,1.2539183061162156,0.6128363964453877,2238.6565931901614,2074.3967511144942,30.513456394373073,2013.369838325748,2135.4236639032406,0.009937670805116837,0.7998315034621971,0.21268347881053976,140.1561980110724,0,0.3769700181916151,0.67,0
1.6615191737948478,1.469983390842472,0.1301997812112163,1.2095838284200393,1.7303829532649047,-0.002873764916037065,0.3889771266284583,0.4055147597457078,73.33091889513459,74.13322975221465,1.5926759588696302,70.94787783447539,77.3185816699539,-0.0032312411895367753,0.18805633893396284,0.08834637665981843,180.22560983691764,170.82757761549612,3.29900823194908,164.22956115159798,177.42559407939427,0.0025975494405415128,0.4780877699074731,0.21888639710210794,2195.4729380125814,2130.0507677719224,40.83976335319321,2048.371241065536,2211.7302944783087,0.0010925379302306035,0.9392648140387008,0.416619704766117,198.36118039306876,0,0.5419173110117844,0.67,0
1.507561136881812,1.6035117226914335,0.12341847667854343,1.3566747693343466,1.8503486760485204,-0.007873646866710465,0.6856640072944753,0.27777238200879184,72.76289808091629,67.38623638649258,1.5882098779880087,64.20981663051657,70.5626561424686,-0.0070286407220902245,0.45709763111061513,0.10852573986786931,178.27380587133922,190.5957611670579,5.099239416010757,180.39728233503638,200.79423999907942,0.003194333480144245,0.6424927131009613,0.17263093360543916,2182.4124599095667,2441.281564322831,38.04847079122229,2365.184622740386,2517.3785059052757,0.008949421577754272,1.4272328888236965,0.7672087895710307,441.1392068847814,0,0.8293215483435823,0.33,0
1.463691474193369,1.4144103832159085,0.16763471191949614,1.0791409593769163,1.7496798070549007,0.006265757004261399,0.2244042887112862,0.20291858133950874,75.97582550425577,72.17081746404672,2.17308380866383,67.82464984671905,76.51698508137439,0.01225812685918152,1.3502087529147364,0.5237102505508089,183.97582888768278,190.83552138361873,2.736692146731854,185.36213709015502,196.30890567708244,-0.0007437035739956914,0.6310057122741066,0.16593029247775262,2192.68256649159,2346.6886491245814,45.68597285856938,2255.3167034074427,2438.06059484172,-0.0009491756403173126,0.1747992308881895,0.08692557743799917,252.8293937728248,0,0.48518100636787287,0.33,0
1.7583214838784287,1.4377799164329832,0.15226761965027272,1.1332446771324378,1.7423151557335286,-0.0035970268655520533,0.5014119694335462,0.03157579685845041,75.38955094378183,73.28740247502745,1.9857975349546375,69.31580740511818,77.25899754493672,0.0027582385321261826,1.1597261128333953,0.2896157615058963,181.6332254969328,169.10178837005463,4.621167822459058,159.85945272513652,178.34412401497275,-0.0029311778719986505,1.1224504175795973,0.4392251985806721,2205.94932106975,2271.5663263979773,29.955037198748467,2211.6562520004804,2331.476400795474,0.0008641866338379165,0.24075469189862142,0.1316383725825078,89.23533710322434,0,0.3577552584372547,0.67,0
1.5048910474152135,1.3692020755076029,0.15080090167774274,1.0676002721521174,1.6708038788630883,0.0004606064103648575,0.8887283714291812,0.3018311348404705,71.37915423653928,80.58571676040066,2.0907277552690573,76.40426124986254,84.76717227093877,-0.00679533248444391,0.5889676227543124,0.15591484041367282,187.40185374992836,189.56648767270482,3.1123797396176127,183.3417281934696,195.79124715194004,-0.002177044853090431,0.7210268045211429,0.2302853007651356,2189.6488019656986,2154.7874989345205,52.38968716024357,2050.0081246140335,2259.5668732550075,-0.0059180883159819795,0.9656429249292324,0.31915483282904805,308.423651468469,0,0.6622503383135734,1.0,0
4.429331233800487,3.958898307723271,0.27959685558377473,3.3997045965557215,4.518092018890821,0.09183338641022801,3.0078445610754088,1.0942433941407421,79.5102967316487,76.24628117180562,2.6368454262268144,70.972590319352,81.51997202425925,0.0788221244565311,0.5882650458699452,0.18839233037737255,173.35842524267474,197.06056621285663,3.912603508265569,189.23535919632548,204.88577322938778,0.004450992055623934,0.6340929553408984,0.21471000456985367,2251.7624667361874,2153.6978770164073,34.398681462366255,2084.9005140916747,2222.49523994114,-0.007248226098492651,0.43119249734587517,0.19951381433183119,781.4023742749998,1,1.9847283607271875,1.0,1
1.4995603172240568,1.441766329054864,0.09840648047701325,1.2449533681008373,1.6385792900088905,0.0006634230956653842,1.4644074006555599,0.4488992330336191,73.89909625462158,72.50070826787729,2.1159390298942835,68.26883020808872,76.73258632766586,0.00041014964694057767,1.4296016794056874,0.32025154143853646,178.59268412475328,163.59855930598226,3.4945237571151537,156.60951179175197,170.58760682021256,0.003325530257607397,0.8970687337005352,0.2483598835280397,2255.039990271136,2066.1975634488936,54.160085635184885,1957.8773921785237,2174.5177347192634,-0.006102071054055424,0.5495890000722079,0.27581053242358416,254.73715843745435,0,0.6778946495951107,1.0,0
2.158037278914756,1.9686706510355243,0.29618446666222864,1.376301717711067,2.561039584359982,0.04892578845707635,2.1062661778724916,0.683835839086574,79.58382253363737,78.42714604683916,1.9061111967569975,74.61492365332516,82.23936844035315,0.010798696303304997,1.3317264605037284,0.3220970263200414,170.69257774722257,189.20749985543608,3.900543455028896,181.4064129453783,197.00858676549387,-0.004635250459626669,0.22574324710887833,0.09061966691886285,2186.721974374073,2216.4215011993633,49.712034012331074,2116.997433174701,2315.8455692240254,-0.008500098839051059,1.32739012026745,0.571850496212211,229.44810266311268,0,0.8614718515828061,0.33,0
1.5486425437233822,1.441188079713349,0.1617445593373098,1.1176989610387293,1.7646771983879685,0.0003681944647011986,1.2549559083223842,0.23562953009517848,73.43111616251751,73.75335433499932,2.3259668635459128,69.10142060790749,78.40528806209115,-0.007679323354327552,0.30197167639745304,0.130270720304272,186.7078274099045,165.8363501032785,4.94626419395842,155.94382171536165,175.72887849119536,-0.0031373874219057687,1.0576683920030159,0.42442046484107626,2193.391912382234,2008.4631310506559,27.477078454910693,1953.5089741408344,2063.417287960477,0.003104377079533736,0.03392318724627946,0.0130834387705141,92.22973780881938,0,0.17857552807946264,0.67,0
1.5102424913907957,1.5555811739350025,0.14867586628340046,1.2582294413682016,1.8529329065018034,0.0023112616464652427,0.5267067203934845,0.21866249287719974,77.09375806464658,80.50867850767544,1.4112455222757854,77.68618746312387,83.33116955222701,-0.001270772654371935,1.467510349194875,0.5502359982751959,179.15683545154045,188.74689295029793,4.927869627581727,178.89115369513448,198.6026322054614,-0.0017710488083272447,1.3964593713642666,0.809459172127633,2195.8409669947796,2406.120004334695,54.55784713935499,2297.0043100559847,2515.235698613405,0.004834417083778717,0.9008193585015543,0.22858097145563655,294.82777743285715,0,0.8270359295783498,1.0,0
1.5832286390344514,1.4541006242376724,0.07765172897757137,1.2987971662825297,1.609404082192815,-0.006006064094466315,0.708866902331303,0.026153612017381048,73.32451665130229,77.90605930901798,2.181073304025497,73.54391270096698,82.26820591706897,-0.0012359268267720716,0.697960794628022,0.3587670455650804,168.009825947735,180.38950845905316,5.04408719711509,170.30133406482298,190.47768285328334,0.004756663030552724,1.3648063111206707,0.8059524653039445,2104.451081072737,2067.3723396075343,25.8477818446348,2015.6767759182646,2119.0679032968037,0.008709612659469691,0.5202928059709262,0.27195595570757447,231.3302455309422,0,0.44574811905326545,0.67,0
1.5234633030631002,1.6161005344220596,0.10444513546522556,1.4072102634916084,1.8249908053525108,0.0021098441071672877,0.642071687913112,0.26406169242026256,73.35053204099528,77.21314026623504,2.3046914099598217,72.6037574463154,81.82252308615469,0.0003836642969647842,0.94190623994919,0.5629065220077658,189.08472912602934,164.50810651886505,5.17627364056625,154.15555923773255,174.86065379999755,0.003506278197216845,0.3394239409405015,0.20031422629055282,2236.153516206779,2415.5730014067576,49.12494286128376,2317.3231156841903,2513.822887129325,0.001594135217897652,0.5071663811041982,0.29775825941407486,107.83699904049112,0,0.44819745356510077,0.67,0
1.5909450275020645,1.4137815758327559,0.12660521461393687,1.160571146604882,1.6669920050606297,-0.0015329653733919119,0.8528732710349967,0.26507133880518097,76.17370307756974,79.81766902995253,1.697770559798487,76.42212791035556,83.2132101495495,-0.0026379867128952547,0.594867841967366,0.3422683611986787,164.3987522655077,187.7019184772873,3.6367750477591048,180.4283683817691,194.9754685728055,0.0009903930851579968,1.2399557216565085,0.38245777649938695,2223.967712940925,2205.7314627579817,42.88101028786324,2119.969442182255,2291.4934833337084,-0.0024093215774236153,0.5817316330873143,0.15347877631049064,467.9857655346229,0,0.8425791284430223,0.33,0
1.3339909112740365,1.4690502772920617,0.09737559157663635,1.274299094138789,1.6638014604453344,-0.006321169909221939,1.307748538489489,0.346606314250181,77.44525055255185,79.13541199761603,1.6453519467248214,75.84470810416639,82.42611589106568,0.00040613962047882774,0.17420744947518435,0.047531196265989804,175.56961659021158,167.48546046459938,4.892789995622512,157.69988047335437,177.2710404558444,-0.008014619565954948,0.22761884068927013,0.0872576089895214,2184.8399456835728,2377.2906451038625,47.29908011676145,2282.6924848703397,2471.8888053373853,0.0003857901281583516,0.6599470952338025,0.3210967240847749,276.790710060881,0,0.5224130383094737,1.0,0
2.040950748897429,1.8104085473415197,0.33090772488548886,1.1485930975705418,2.4722239971124975,0.011965935613807082,1.2425418410107876,0.9083609315053847,71.30685390439116,73.00309339332446,2.0485986243669396,68.90589614459059,77.10029064205834,-0.0029295298034058793,0.37799733246610756,0.21481685943308132,178.25617767650178,180.3734528298055,5.324874571118294,169.7237036875689,191.0232019720421,0.0061487756527899015,0.7849293739503747,0.1936414180822069,2205.3584957629796,2375.9132048307006,55.433940910072636,2265.0453230105554,2486.7810866508457,-0.003871507110524274,0.05451112247436368,0.013122947992414903,343.1265694012334,0,0.819801842824388,1.0,0
2.854430854904395,1.9897005144985724,0.3482409249729616,1.2932186645526493,2.6861823644444955,0.013328708109602818,1.2128357103155751,1.0174944504705776,71.845543258161,73.89983752317177,1.5247931819155265,70.85025115934071,76.94942388700282,0.0024385771309934083,0.4562737164427742,0.1768543262059996,182.18827814454124,193.10179608192763,4.8748873547503155,183.352021372427,202.85157079142826,0.0016431305768805132,0.8738275445769004,0.3680354514300714,2226.060789559436,2305.702121416116,53.102544448099664,2199.4970325199165,2411.9072103123153,-0.006204545327549038,1.1384796606652239,0.26909055233527873,261.68485313387674,0,0.7383254703171331,0.67,0
1.4195803253990518,1.4786091715277425,0.13180911045270344,1.2149909506223358,1.7422273924331493,0.00511840424581303,0.5936759207871243,0.00011564214369685749,72.75223445573559,73.65202957716502,1.4283385988276673,70.7953523795097,76.50870677482035,-0.0005141575315964543,1.0136562782609273,0.25753511339794793,178.5102540856677,178.89739298168203,2.8193680941465082,173.258656793389,184.53612916997506,-0.008840406211933072,0.8062766054182384,0.40282825881697687,2147.2431226533818,2028.7558626660248,45.56006004100587,1937.635742584013,2119.8759827480367,-0.0021490596141569003,1.4354980097096963,0.616645747061118,122.27266282687357,0,0.46403344427512727,0.67,0
2.7764094866898845,1.7453728820359566,0.32952115429299433,1.086330573449968,2.404415190621945,0.03992440964639742,1.6495113813108087,0.6300899956962343,77.66199709825939,81.37892952160692,1.4763153381313487,78.42629884534422,84.33156019786962,-0.002972488612133612,0.47719879700023626,0.27802131586299517,183.42562169207653,170.02086254763984,5.397546328271607,159.22576989109663,180.81595520418304,-0.0019061864363643674,0.985233459771315,0.45470678258619507,2189.641915545298,2008.803629503769,27.757372485137,1953.2888845334949,2064.3183744740427,0.003463878848541189,0.4153525346114065,0.12442273698255268,220.52246982014927,0,0.8156525931322237,0.67,0
1.4827844899283231,1.5915563508622173,0.12854522313027447,1.3344659046016683,1.8486467971227662,-0.006159342770783052,0.20669006195770878,0.42877575571089754,72.44479035188787,72.80493397781734,1.1477687913981305,70.50939639502108,75.1004715606136,0.002946509029720863,0.07526125809889367,0.015741081007629512,170.76905312771464,166.07811040182307,2.952447197719575,160.1732160063839,171.98300479726223,0.0008350898905848031,0.04142456415739443,0.024241201358236382,2239.603005103967,2130.360547349146,41.99880772518385,2046.3629318987785,2214.358162799514,-0.004680162565240903,0.1985594391037539,0.04798815915390576,117.47190012544436,0,0.2396651239450172,0.67,0
1.3453578183212067,1.4590217606392932,0.106224195667825,1.2465733693036432,1.6714701519749433,0.0012200303157139977,1.2771711751469725,0.09338514564244334,73.97640797269604,70.12764630641507,1.9828327434646613,66.16198081948575,74.0933117933444,-0.004505686953658081,1.4323907646425482,0.7015401255479717,185.4573787440589,195.42921713628277,3.5503223821783148,188.32857237192616,202.5298619006394,-0.004228454098824745,1.3680300062219548,0.5662449799235911,2237.596049981396,2112.536083274204,59.404622340374466,1993.726838593455,2231.345327954953,-6.496839341795097e-05,1.0001943629492942,0.2455012629771312,141.14282882875446,0,0.46233356977284423,0.67,0
2.0375480064571976,1.8746759631641559,0.37508329285320463,1.1245093774577466,2.624842548870565,0.0464630754905221,2.4686439576280828,0.8978059792369607,71.4838896171256,68.38474090961975,1.4908997680400056,65.40294137353973,71.36654044569977,0.0031326918166847124,0.5652159416613187,0.2336725769676869,176.65932034984195,189.8407015816623,3.1703246271755186,183.50005232731127,196.18135083601334,0.005593161670771059,0.3620245557562498,0.08377773051438113,2200.6521687188474,2156.5507081379537,58.585725166323186,2039.3792578053074,2273.7221584706003,0.0010524814946075182,1.1889937151274257,0.52496596939341,251.968218257147,0,0.72404145180896,0.67,0
4.030141646287747,3.5259153522238322,0.5272059063689972,2.4715035394858376,4.580327164961827,0.13607305832563432,4.856372961387537,0.7036498685288752,82.58060476933174,76.68371152736024,1.887676881600839,72.90835776415857,80.45906529056192,0.04025691028421768,0.89136751825352,0.5195539802901551,181.0746941504738,184.2752101204328,5.901237289523362,172.47273554138607,196.07768469947953,-0.009593856076495207,0.4272607415662014,0.09175628610556473,2198.674306227539,2245.3228924794375,30.071320523192806,2185.180251433052,2305.465533525823,0.0015077367116680623,0.7341791404163445,0.43629342934322907,515.1489351174523,1,2.073776211627642,1.0,1
1.4506152250264543,1.5522350752981207,0.1579028131658755,1.2364294489663696,1.8680407016298717,0.0038125529038199853,0.49544060638912507,0.08141110496974564,73.84131886084838,69.40143336494417,1.1662623250760507,67.06890871479207,71.73395801509626,-0.0016162847652430373,0.4655140710858357,0.10011253275575036,172.543388577358,180.7849611361789,4.004500301561223,172.77596053305646,188.79396173930135,-0.0032072465924893306,0.5981239638765878,0.1920034915662949,2207.1699421516764,2112.426326359181,30.560893465138246,2051.3045394289047,2173.5481132894574,0.006022039780653234,0.4285638672934916,0.12165707265347608,174.32703586425134,0,0.41885255136769306,0.67,0
1.445152279672678,1.3851220146945327,0.1533390638962709,1.078443886901991,1.6918001424870743,0.005132096885673002,0.2298484803519168,0.12457577885453287,79.6362045209276,82.09360054045122,1.172615052919747,79.74837043461173,84.43883064629071,0.004377525249222052,0.700968567232602,0.4061548475900306,185.29671271680374,170.875337317313,5.4534822037069075,159.9683729098992,181.78230172472684,-0.00013973885639146326,0.9595321532181436,0.1930502431662054,2241.4671962613143,2087.4196710319566,36.23927115703487,2014.9411287178868,2159.8982133460263,-0.002459397274072336,1.45314905935229,0.6792613800275312,311.30200537841273,0,0.8404435685564074,0.67,0
1.5673559228753065,1.6337921161949331,0.1099525324109963,1.4138870513729405,1.8536971810169258,0.001780202219940432,1.2064093282065507,0.36680950906762105,72.1723374165793,79.36900272977314,2.1800419637195247,75.0089188023341,83.72908665721219,0.011404996690374295,0.03640432048407999,0.009159510742143781,182.38533671854697,178.04696638633894,3.7301040067588547,170.58675837282124,185.50717439985664,0.006975165700603445,0.2764978389213543,0.086803923569214,2269.4976908840504,2381.8248658400107,28.226907888324433,2325.371050063362,2438.2786816166595,-0.006502398105169891,1.34193928347656,0.32214548185844494,143.7346606756528,0,0.3218254851562545,1.0,0
1.8215323142057949,1.4154222624129555,0.17267514655952063,1.0700719692939142,1.7607725555319969,0.006838256519679862,0.902239429462412,0.8201945747172894,74.47913882700978,80.89537494440454,1.3255959575026637,78.24418302939921,83.54656685940986,0.0004239886451307172,1.4433924977068486,0.5777479129605838,185.60577711592572,164.63894472904212,3.814952710477293,157.00903930808755,172.2688501499967,-0.006676612693777525,0.31511243518511706,0.0848170247170864,2147.870842323309,2233.2625750123866,30.57060692027792,2172.121361171831,2294.4037888529424,0.0004164731877340388,1.2452150475788915,0.7329296204453014,96.04298816278435,0,0.2827603404417031,0.33,0
1.6042612662091569,1.4730522204828966,0.17590592913563627,1.121240362211624,1.8248640787541692,0.007980446460971206,0.09525820392249784,0.14688380517764849,73.91094376613061,68.86286210592276,1.1490072061795822,66.56484769356359,71.16087651828192,-0.005190534932305171,0.733354257981001,0.2765267332805704,176.5251796163929,195.33419736844291,3.246991468889439,188.84021443066405,201.82818030622178,0.010030525487087018,1.0876396666043473,0.5456675958342668,2221.24480520862,1999.940315444408,46.07700431664741,1907.7863068111133,2092.094324077703,0.0008422538496624718,0.0784602802645285,0.028140432490163042,149.03037847983512,0,0.6488302901476677,0.67,0
1.361941435824655,1.4154240313121071,0.09553894460648019,1.2243461420991468,1.6065019205250675,-0.006679134225752609,0.2895581119406663,0.6669457015324104,78.6953200058849,76.3653010611708,2.3042087142260073,71.75688363271878,80.97371848962281,0.0050889798451798016,0.7433085192813018,0.35507089469755226,180.46566478696164,173.92241895406957,2.915295456482865,168.09182804110384,179.7530098670353,-0.0015748020622737245,0.49230925285713356,0.274111867103267,2182.3024306163115,2144.575166870376,41.86619309446538,2060.842780681445,2228.307553059307,-0.0038789299465629996,1.4669369204317568,0.7899207520830196,255.93799992905357,0,0.670114211236271,0.33,0
1.4693888200816714,1.5309529880899697,0.14529585788484758,1.2403612723202746,1.8215447038596648,0.002150388241837427,0.5821780360805631,0.5699352988106642,73.69261862600749,81.19472208945399,1.8440423446065415,77.5066374002409,84.88280677866707,-0.0006640315103834748,0.0411431531496691,0.01024756677873593,184.07744666149839,194.8855960289396,3.8460088124183733,187.19357840410285,202.57761365377635,-0.00019922711390392856,1.1296251895098086,0.582874267415544,2170.3833897572986,2209.1331139912177,33.03643947819002,2143.0602350348377,2275.2059929475977,-0.000876541600820144,0.47963167486908975,0.23920712257585963,384.759685565032,0,0.779761830419946,0.67,0
1.4512305002501356,1.439144913487744,0.08619437406267712,1.2667561653623898,1.6115336616130984,0.0004151909990665173,0.6843841517129599,0.4973281957528062,75.84423622980893,69.50400190152693,1.7965483902954102,65.9109051209361,73.09709868211776,-0.0050215919219150406,0.8383216711532339,0.2075930676145637,178.0199703266584,166.9078721284744,5.191951155676229,156.52396981712195,177.29177443982684,-0.007987271091645612,0.9342002077159646,0.22996804399618864,2196.3033817371543,2035.0928483261066,46.62059257241205,1941.8516631812824,2128.3340334709305,0.009734109811730571,1.3189515698840384,0.6543732808559883,322.1713267388067,0,0.8374847907153812,0.67,0
4.04853863433282,3.3426525084207808,0.30832253121478903,2.7260074459912027,3.959297570850359,0.07475597702798864,4.599450228322456,0.732826305264994,82.19205387447616,79.36364725152164,3.2148920046353915,72.93386324225085,85.79343126079243,0.024868950712174348,0.6917830486849421,0.40500245788993217,182.0393839118766,192.30621413604288,4.404888881397941,183.496436373247,201.11599189883876,0.0024112447634032862,1.1143222405019084,0.5517755533274159,2138.1168788836353,2219.687505525593,45.45571184150991,2128.7760818425736,2310.598929208613,-0.0010465690978968079,0.8074979148835701,0.24833904388581052,646.9889418298078,1,2.3639499158991204,1.0,1
1.737421390700459,1.6310191225574697,0.128585284771377,1.3738485530147158,1.8881896921002237,0.007157265103939277,1.3632210648394711,0.17272887147091423,76.85133389581573,71.91503961221338,1.56837867215769,68.77828226789799,75.05179695652876,-0.010674609453805058,1.2551012738289913,0.28773459758977715,189.04721160732163,178.4054872355623,5.300459763090251,167.80456770938181,189.0064067617428,0.003309647823670039,1.34451495620204,0.618809945465416,2180.45542898948,2327.8406041671437,34.89292374796125,2258.054756671221,2397.6264516630663,0.00014042308519297646,0.2312264199646682,0.07283496851760819,88.34377692127998,0,0.19814675048091496,0.67,0
1.4276043943298398,1.347522866246926,0.10611076371579742,1.1353013388153312,1.559744393678521,0.004591815574669355,0.8646397573562052,0.32791636584370415,76.11547765786474,81.43385694376485,1.011904398437336,79.41004814689018,83.45766574063953,0.0046465579360380265,0.33093586246538137,0.1313032399149493,183.92688354690117,174.72561089347607,4.108002614373859,166.50960566472835,182.9416161222238,-0.0053933038551527614,0.4464315030764611,0.20063799723198722,2213.002725773039,2337.243962088445,27.75897989885704,2281.7260022907312,2392.761921886159,0.0059544296643325965,0.7510320513011454,0.3646537830167522,145.65682655321078,0,0.6582142210591697,0.67,0
1.7684686049756064,1.4853161346857262,0.10799836031319686,1.2693194140593325,1.70131285531212,-0.004017047298962185,1.455977449571685,0.008566959597955285,76.00727327235572,82.0366693453779,1.6964113149322229,78.64384671551346,85.42949197524234,0.005470834178075656,1.077588602675769,0.5707358050489487,176.5869696389097,168.3341617446173,5.597725928208337,157.13870988820062,179.52961360103396,-0.006040962291790195,1.2905508520078977,0.5241568830597958,2125.509846731741,2245.7312011313134,27.997563305592127,2189.736074520129,2301.7263277424977,-0.0005241018297023135,0.26794756969032796,0.0969301620270761,327.33665818842564,0,0.8225869609889835,0.67,0
1.656699935351311,1.3855817435624507,0.0938840555829659,1.197813632396519,1.5733498547283824,0.0028078673528555225,1.102673737260594,0.09925994351638195,74.60266173235419,76.80144388668369,1.2620500525838865,74.27734378151591,79.32554399185146,-0.009374328277508556,1.200935484619223,0.7071859964853835,176.98856822665795,177.55458807268562,3.48560213582338,170.58338380103885,184.5257923443324,0.00016431686990106588,1.4349008516509614,0.5115575675520868,2180.861079914522,2181.253590504014,44.69457018798737,2091.864450128039,2270.642730879989,0.004852313184533331,1.4619138162948624,0.6952081357246485,340.11071054516515,0,0.609503092586577,0.67,0
1.6036776237565864,1.3197980871816197,0.14087039659465858,1.0380572939923025,1.601538880370937,-0.002167559106017667,1.2634231481223237,0.360403758339966,76.11932314064873,77.85836310214998,1.304867665968625,75.24862777021274,80.46809843408722,-0.0031001147453835576,0.2649351390368872,0.09095996176975057,173.94909047451358,169.65790538544078,4.150750839856032,161.35640370572872,177.95940706515285,-0.007456139156952314,0.08047824601453613,0.029913953154470672,2180.0088658202267,2325.6344483755765,59.663922863218765,2206.306602649139,2444.962294102014,0.0011527079342536467,0.37892919090266197,0.14725739891100773,114.29260817849922,0,0.3346085719954421,1.0,0
4.167176056907271,3.5556729836775016,0.4320689476909329,2.6915350882956357,4.4198108790593675,0.10336025467268783,3.129092452009758,1.0191501737165585,84.48662446156597,81.81256394134526,3.893256870291843,74.02605020076157,89.59907768192895,0.0210939549605817,0.8720995665676653,0.3128512389077329,178.73657155999518,195.96137040721834,5.770526093819299,184.42031821957974,207.50242259485694,-0.0037698229443333814,0.7288076387794884,0.2206178173616116,2185.9662461566613,2108.042489130548,35.895769470460124,2036.2509501896277,2179.8340280714683,0.006960011431722997,0.9155006749663775,0.44535470524485954,442.26581331761537,1,1.7376138319829568,1.0,1
4.11219042591893,3.9475745331238326,0.21480305388619705,3.5179684253514383,4.377180640896227,0.10962698784820529,3.885213466744954,0.8207546395760441,79.65425164332959,78.24070317936278,2.4156999130433587,73.40930335327606,83.0721030054495,0.06348600629172568,0.7202807011930601,0.23020668365134045,182.0628519832206,187.57150703973147,4.690619817529532,178.1902674046724,196.95274667479055,0.0013352513293462941,0.34943921213045065,0.07329847837908368,2244.4815397811717,2364.0777643555407,57.86736944795137,2248.343025459638,2479.8125032514436,0.005327401875326756,1.1981748536604981,0.71791479347254,593.5959102076283,1,2.197344775610465,1.0,1
1.456790416519475,1.64191122368306,0.12545870810341528,1.3909938074762294,1.8928286398898906,-0.0016368434547187598,1.0434624118733853,0.2890504299683218,77.6263395741827,76.9258459013304,1.845907832129992,73.23403023707041,80.6176615655904,0.0014334240993717144,0.6498848455338346,0.2294799684019515,182.49559324063617,176.77446035295353,2.7826816468825246,171.20909705918848,182.33982364671857,0.004751396417441399,1.2582963465468742,0.4392877432655759,2216.1023602162845,2309.571209077327,51.76999671867644,2206.031215639974,2413.1112025146795,0.006148907634863575,0.11785737343750757,0.05138703919699511,226.0133313775648,0,0.5379813773881281,0.33,0
1.3630025408292779,1.5418494348252543,0.17703469247172768,1.187780049881799,1.8959188197687096,0.0010071827195864292,1.2613848921951893,0.6988904990266093,75.3275537423857,79.78814433123713,1.5295582761737092,76.72902777888972,82.84726088358455,9.191016385509915e-05,0.0629206095963108,0.03178131028179502,186.43276560459915,165.16821751078746,3.3669706079676534,158.43427629485214,171.90215872672277,0.005633618183893172,0.1975868960415807,0.07408164485804858,2125.664076504738,2067.923898922063,47.09809279891881,1973.7277133242253,2162.1200845199005,-0.0020552790363923715,1.3696322670779084,0.7494591731487628,55.965411987079044,0,0.10028263494638567,0.33,0
2.9790057363566578,2.5932446570056076,0.22665551166571826,2.139933633674171,3.046555680337044,0.03072822928730083,1.985271979363381,0.7238209264065932,70.79050098856197,82.90056316004825,1.0908589913537732,80.71884517734071,85.08228114275579,-0.007969818649116497,0.7047064821730223,0.26932911283441513,178.94839002248074,182.97818562528468,5.405710095210168,172.16676543486435,193.78960581570502,-0.006310245116081673,0.9960183421014035,0.3340119087559701,2236.550031339274,2413.936933376843,46.01871688722452,2321.899499602394,2505.9743671512924,-0.002346229188313279,0.36998467026716675,0.14201709900136636,401.8983301182396,1,1.0343510999910464,0.67,0
4.722974450109181,3.860574653824521,0.34189142269208506,3.176791808440351,4.544357499208691,0.09007041668344666,4.357850353527741,0.7604517436574806,85.37455201069668,79.01779852373896,3.1832566550331385,72.65128521367268,85.38431183380524,0.046522005255867416,1.2221237260117555,0.6043035684710175,180.86263391461546,197.13066792263967,4.170956663181238,188.7887545962772,205.47258124900216,0.0072546377413960595,0.6021926686335648,0.20187531480658155,2290.3598321818945,2043.3920532240224,32.30908274231064,1978.773887739401,2108.0102187086436,-0.003641361012033065,0.08784795792680078,0.03697928647942329,744.4895621749308,1,2.333486979664657,1.0,1
4.296951242394822,3.6555333802021552,0.3603052243501304,2.9349229315018945,4.376143828902416,0.10596403313082178,3.872395529969828,0.7815011291136241,80.11446097871453,79.83887061244093,2.495942359071407,74.84698589429811,84.83075533058374,0.036244680388613226,0.45784549708524147,0.22580933642465312,178.19054514383498,167.51710877081334,4.80623379668553,157.90464117744227,177.1295763641844,0.0036083603202161758,0.029565806631546232,0.007144383007765402,2143.5474114391386,2313.6311604308244,28.480448746577082,2256.67026293767,2370.5920579239787,0.0035649921508619405,0.36475828649918113,0.17833279668331264,845.9325306569563,1,2.279285823937089,1.0,1
1.4060077036390586,1.5901267053110422,0.14825138722600192,1.2936239308590383,1.886629479763046,-0.0001960690696216467,0.6897678184972137,0.5254741988885973,72.89855360961135,69.53872345215673,1.9881714832733972,65.56238048560994,73.51506641870353,0.005591024298796958,0.5595937893495972,0.2311090079177529,175.18554320187897,167.15349946689335,5.454378734955078,156.24474199698318,178.06225693680352,-0.004677275321968964,0.3608819484638079,0.20370713566486306,2223.031906147691,2111.0846001595432,57.005851949295106,1997.072896260953,2225.0963040581337,-0.0006583689122765943,0.06489476044318193,0.03297728453657126,59.506394119187,0,0.2222173007251052,0.67,0
2.488387394783626,2.0668187812525605,0.37516849437011196,1.3164817925123367,2.8171557699927843,0.010510617060715894,2.3608972010900624,1.0293053421191272,73.21250796183257,73.85920163403216,1.5651053722908688,70.72899088945043,76.98941237861389,-0.003924381231788133,1.44212636676986,0.6341188371402906,188.86345830449957,188.59075675092552,4.493188358478071,179.6043800339694,197.57713346788165,-0.005200831526106446,1.2916702800921385,0.29880891508985574,2232.2945210137946,2202.3807069654313,29.378111844274123,2143.624483276883,2261.1369306539796,0.0008153317194278881,1.4195679800375562,0.5195606078357055,317.1639705123472,1,1.0640135939187316,1.0,0
1.558167181404358,1.630522617343262,0.13247466411747336,1.3655732891083154,1.8954719455782088,0.002306141307493991,1.4843806112110047,0.000537958039314814,73.96913027063724,76.28028135286011,1.7131626173433583,72.8539561181734,79.70660658754683,0.0076781548940551584,1.0879658633110507,0.4345877305204147,184.23668162677123,176.79889702681558,2.5124214715266997,171.7740540837622,181.82373996986897,-0.0017689536557115692,0.7562227345924744,0.3945164969959418,2204.2669887897446,2211.520867342866,50.65611233310645,2110.208642676653,2312.833092009079,0.00432635578647273,0.9153876827853469,0.2453225430219666,118.32067291981258,0,0.21051494636575657,1.0,0
1.5618714508722233,1.5389659052855575,0.09637114538164487,1.346223614522268,1.7317081960488472,-0.0022506173664694584,0.3193936242559088,0.10305269370297054,76.0145999712595,70.86996456768127,2.336055651950297,66.19785326378067,75.54207587158186,0.006154560454410682,0.34586258268834397,0.0699911786106911,181.00582794155758,182.9989240482563,4.090522033011745,174.8178799822328,191.1799681142798,-0.0050358736785382505,0.33357237026863923,0.11108338331167782,2152.5441185860004,2140.229460889087,59.69193036117165,2020.8456001667437,2259.6133216114304,0.0002504507428539855,0.5339095650259538,0.2018578685655423,313.348667177506,0,0.5369009594389492,0.33,0
1.956435079679365,1.6575554803951207,0.4294558724181538,0.7986437355588131,2.516467225231428,0.030736301789383032,0.6977326769120293,0.5245871056912964,76.18218106265044,77.79979170624553,1.5130393048759716,74.77371309649358,80.82587031599748,0.001319871547180791,0.9559572396424867,0.4739322110045883,173.5807305657068,170.0205597938896,4.390230003494601,161.24009978690037,178.8010198008788,0.002002514784313852,0.6214152713848239,0.36717760671470095,2252.109528849151,2402.9479300174858,44.21285374815363,2314.5222225211787,2491.373637513793,-0.00273111842233053,0.382138192799768,0.12303850710868805,293.33407642155805,0,0.9523226140413258,1.0,0
2.296808884241541,2.214149638232194,0.2357062183228753,1.7427372015864435,2.6855620748779447,0.025418817387989415,2.1345185379750458,0.8433916471119822,75.61133113728519,71.35396032068084,2.3108935809549793,66.73217315877088,75.9757474825908,-0.00022002772470912973,0.03244048869269067,0.012763295662095055,178.29743977644412,179.55658601764722,4.852920289763981,169.85074543811925,189.2624265971752,-0.004772285063263765,1.1735937129666887,0.4838729706397404,2134.3515735026363,2112.334975008132,33.725337250161395,2044.8843005078093,2179.7856495084548,0.0005439168192698294,0.8440331336860941,0.4878333998430456,280.6596492065097,1,1.0850054260968975,0.67,0
1.320906866693215,1.475113177674781,0.10491330708482141,1.2652865635051382,1.6849397918444238,-0.009063639825365715,0.502932475619206,0.34630563577570606,72.93493344758117,75.55490590964739,2.0651305580035078,71.42464479364037,79.68516702565441,-0.0019088559833702152,1.276170573946023,0.386427631142407,179.8002460119827,177.30845260314544,2.645611316743625,172.0172299696582,182.5996752366327,-0.001213642946555143,0.7024328515093018,0.3730399286497847,2206.1364453852743,2171.5687111213456,31.434600441125422,2108.6995102390947,2234.4379120035965,0.007119494686234257,1.4121167721277519,0.5831201361919323,175.09000489096493,0,0.3236760046075406,1.0,0
1.4936474765951295,1.629903323442438,0.14438584626328313,1.3411316309158718,1.9186750159690042,0.009989741022564499,0.3039235510442651,0.13013842170363657,73.05052963617516,73.14059330643002,1.4106596664891142,70.31927397345179,75.96191263940825,-0.003252709980207848,1.193074761183927,0.43054270671633016,182.52815525626556,163.03131615802351,5.195977382618498,152.63936139278653,173.4232709232605,-0.006728139591640734,0.7415950541613936,0.1607587237127136,2247.5776039039542,2063.521161396871,45.522687658409254,1972.4757860800523,2154.5665367136894,0.006324579474861511,1.3106306879906706,0.424025155670726,355.0870400255126,0,0.7393338069426026,0.33,0
2.125794095133564,1.8619347124747345,0.3852560006649031,1.0914227111449284,2.6324467138045407,0.025035358191826954,2.214829693301602,0.7971146136603573,74.63688215680953,73.46571703549236,1.2299037415182843,71.00590955245579,75.92552451852893,-0.005892863923850869,0.08397042729252957,0.020858782036304223,180.45291961740747,191.79740571898623,4.574305267599063,182.6487951837881,200.94601625418434,0.003388185509624441,1.1213619540811655,0.5519534759340734,2199.6162968157746,2012.0908812837756,34.00696958663363,1944.0769421105083,2080.104820457043,-0.0003007724970256384,0.4047501799366415,0.1475470232877482,212.26881150207797,0,0.7775103506852497,1.0,0
1.3670469784033894,1.4275117958885746,0.17634890424809752,1.0748139873923797,1.7802096043847695,0.0014728425628758193,0.22351281511747673,0.8156786426181092,78.77962780778769,74.3349588186888,1.325749447550919,71.68345992358697,76.98645771379064,-0.002499812486043178,0.9934732866631901,0.39781464867761296,186.42701170079815,164.4506587482081,4.364372043069374,155.72191466206934,173.17940283434686,0.002483688783878592,0.8282786087559721,0.359724831629531,2142.0999096738883,2116.1615661825113,31.770035708798478,2052.621494764914,2179.7016376001084,0.006045431990070023,1.0221688141797314,0.58780994607392,72.55244009732701,0,0.2547964964212617,0.67,0
1.4544068905394187,1.6322108379148914,0.17099429451613704,1.2902222488826174,1.9741994269471654,-0.014769117427003122,1.1610049693646394,0.8703608827974143,73.953791386231,79.22410611762429,1.7202249993894334,75.78365611884541,82.66455611640316,0.003475830088091279,0.8542377577800147,0.17724569456672004,185.07523471729237,167.67111641514217,4.489264138525211,158.69258813809174,176.6496446921926,-0.0028766868402153958,0.9397549608991446,0.29348620757822347,2212.659184784965,2193.0705550029134,45.69146754906256,2101.6876199047883,2284.4534901010384,0.0018006547563878133,1.4536747964111079,0.3818916712427989,331.2124706022173,0,0.6120384644430216,0.33,0
4.688811918364365,3.224932213080758,0.23920307391229645,2.746526065256165,3.7033383609053505,0.05440658615703814,5.383145171501244,0.7972703464251085,82.80952583206259,75.35599846855878,3.8703301356294384,67.6153381972999,83.09665873981766,0.07052992259902287,0.7909635647511083,0.3076719692963271,171.81197541271663,175.07243018904984,4.895099871238706,165.28223044657244,184.86262993152724,0.0048890777484310016,0.11513709283310702,0.02322027060091164,2094.717652907984,2270.4583980659045,39.54050502072314,2191.377388024458,2349.539408107351,-0.013015685439136494,0.036007567267333285,0.012031879721638212,312.62161658355257,1,1.3279514458317794,1.0,1
4.513961609091999,3.366744640072153,0.44409005979105654,2.47856452049004,4.254924759654266,0.06353540822776856,4.312454095346974,1.0944719201652489,83.67716367200354,75.59835999442136,1.7369313307630105,72.12449733289533,79.07222265594739,0.03693122448159201,0.7391307055311227,0.2797696236577043,181.77511227210758,170.65199355164947,5.1578939184628725,160.33620571472372,180.96778138857522,0.007463442844797608,0.09804923634657786,0.03873224055102147,2186.4438199478714,1958.4263801765503,37.15701641905949,1884.1123473384314,2032.7404130146692,0.004420226981805248,1.3497500185309086,0.2817324557870315,816.0598127566442,1,2.4524127644776157,1.0,1
1.1794652805956787,1.5222831128935899,0.07999929973488625,1.3622845134238173,1.6822817123633624,-0.009257934171452932,1.4648810088005764,0.08994479510557597,76.63709743288,69.00171039436151,1.5923654765668225,65.81697944122786,72.18644134749516,0.0016381310866420747,1.3549720013492785,0.532947463447948,178.47759591304845,192.51358240524073,3.4505962325313924,185.61238994017793,199.41477487030352,0.0015738128072758184,0.7337699423205544,0.1749236210356636,2147.4339092880386,2169.868506736895,47.69483761200526,2074.4788315128844,2265.258181960906,-0.0024724898690748876,0.43493748270568017,0.23405466854722684,178.26898665124008,0,0.4486815130483684,0.33,0
1.439823464184818,1.4087445484329306,0.15743479718228912,1.0938749540683523,1.723614142797509,0.00039057846241732496,0.7626248270362752,0.509530032106367,74.14642705815315,70.59780891724202,2.0308842077650575,66.53604050171191,74.65957733277213,-0.004156607045628081,0.9626281156973244,0.4847491146125716,181.4357975474809,169.7024143669995,4.369032610575162,160.96434914584918,178.44047958814983,-0.0004922265708837423,1.175907953043647,0.6726987062993658,2267.1504041868066,2272.037107219711,26.55361504224213,2218.9298771352264,2325.1443373041952,0.004645947807738554,0.5537038619462025,0.22124076627528627,53.64673149221796,0,0.18850943301906603,0.67,0
4.431455008443004,4.235247875330876,0.3297317509406072,3.575784373449662,4.894711377212091,0.11764837495206044,2.8752010502169005,1.0119769593370134,83.2736259009221,79.76030655713403,2.6297496863263983,74.50080718448123,85.01980592978683,0.03655536166283281,0.8195608009443981,0.43483797962956,183.6445457778139,168.84408300393167,5.114773934951601,158.61453513402847,179.07363087383487,0.0014187551183075056,1.2741696093386032,0.27776735472172853,2150.6063329549625,2314.7167890369046,36.61900266575459,2241.4787837053955,2387.954794368414,-0.0001950975968877206,0.6980054009092291,0.14342123994202005,332.30369963476437,1,1.5361690684752192,1.0,1
1.3679118773971248,1.6357210285690231,0.17813054797936592,1.2794599326102913,1.991982124527755,-0.012303093111113658,0.22830367129268886,0.22003047083667335,74.23254090943014,69.88739657455642,1.3659355048009703,67.15552556495447,72.61926758415837,0.001192813364647212,0.9519121747217602,0.32908312670045975,178.40180224745617,183.10829094503083,3.248317006133976,176.61165693276288,189.60492495729878,-0.004867995321839695,0.24481529615757142,0.105507964660168,2256.5937011948017,2095.64689632479,50.8880889818452,1993.8707183610995,2197.42307428848,0.003556096363414327,0.7233651178062457,0.27612203898179066,105.29217862239705,0,0.20442778009001367,1.0,0
1.7162931230343652,1.4313491604712971,0.11100477757284256,1.209339605325612,1.6533587156169822,-0.0010425321547687517,1.2781047567428354,0.4023608967855562,73.93644859807672,71.80209437068308,1.726593639005031,68.34890709267302,75.25528164869314,-0.0029178027394803673,1.0087670539461089,0.21964177640386878,178.81414684437033,171.67697091445163,4.289062086144609,163.0988467421624,180.25509508674085,0.005143493579449498,1.1698736686581148,0.6846838666495905,2153.9141081759044,2218.038232436729,41.21842200532119,2135.6013884260865,2300.475076447371,-0.005775042486999513,0.6564785470866334,0.3559341416549,166.2764165274313,0,0.7555699422654949,1.0,0
1.5000758852579943,1.4438511508160148,0.10637279656031749,1.2311055576953798,1.6565967439366498,-0.010465540736598484,0.1405657200641291,0.1346194062539692,74.63912292929861,77.83003333999052,1.962497321376517,73.90503869723749,81.75502798274356,0.00349000793755266,0.08501349800470875,0.02073578653080683,177.12601351876535,175.809484929166,3.1830318900122165,169.44342114914156,182.17554870919042,-0.003683654937584449,0.6735524493962852,0.1755739398101964,2242.6026890905014,2296.5335670555423,33.396732817274426,2229.7401014209936,2363.327032690091,-0.0029539028868711356,1.0378557931502341,0.5106103464787284,138.55744438670183,0,0.23585733214937296,0.67,0
1.5901342032436647,1.362995352736231,0.0822984363200956,1.1983984800960399,1.5275922253764223,0.0011941216296852068,1.228087706303947,0.20268647025947892,76.92887128862944,75.47912007775538,1.0857864557668226,73.30754716622174,77.65069298928903,-0.0036307121817365905,0.9700285910433026,0.5133364264068758,181.15152084878184,172.7405774903413,2.994912638200243,166.7507522139408,178.7304027667418,0.0015417581038307945,1.2766614818763042,0.28967353309889265,2157.4100241480687,2034.4685202622888,32.509033883936894,1969.450452494415,2099.4865880301627,-0.006574728573214469,0.17472296145908917,0.07307438292454918,325.8902449759391,0,0.5980975777204239,0.67,0
3.974197086146948,3.929441657132201,0.5399901485922647,2.8494613599476715,5.00942195431673,0.11690223373291082,5.254894555826212,0.9427051695253189,81.83824156188382,78.72979487855429,1.7494554541165255,75.23088397032123,82.22870578678734,0.050750158926219896,0.6903241933665971,0.3741012359882289,176.76379681005977,190.21769246297112,3.4051729221081355,183.40734661875484,197.0280383071874,-0.002413717610910162,1.1351272585329526,0.4628530704343848,2152.333569587064,2065.7705915925803,59.47463796493062,1946.8213156627191,2184.7198675224417,-0.007815954043483285,1.1580187144649856,0.24418789577417774,384.13637838119564,1,1.8031107898560326,1.0,1
1.3122351920079116,1.3853576826704652,0.09399773554791939,1.1973622115746265,1.573353153766304,0.004283459351626188,0.17583088229187255,0.32826387424563164,78.59208841653236,78.0535134202667,1.738653860976656,74.57620569831339,81.53082114222,0.0026201750867242794,0.48545576286035874,0.25059454936106507,181.51422419633616,169.05372488912062,5.7177532293144555,157.6182184304917,180.48923134774952,0.00335925153587597,0.5886775332934002,0.3418508504377501,2195.219792671725,2381.3564659983954,54.24284747578151,2272.8707710468325,2489.8421609499583,-0.006169182931270977,0.8668167798750815,0.4671446332256005,411.7588780560394,0,0.7759856055619864,0.33,0
4.161843716180508,3.5250319274612854,0.5251198269030011,2.474792273655283,4.5752715812672875,0.14472485773838586,5.206086406984792,1.2176505585070072,84.40033638944206,75.78493482572699,3.465152598225848,68.8546296292753,82.71524002217869,0.053504254984148306,1.1383918761003844,0.48639682952703733,178.48837878961845,178.8649388683031,2.9158627069382517,173.0332134544266,184.69666428217963,0.0016135928016904474,1.1190673188981348,0.48494503173410464,2158.638452822384,2413.708081204465,32.82585434818084,2348.0563725081033,2479.359789900827,-0.0020061023594291814,1.444833809160917,0.2959912402179583,494.87606555547484,1,1.2561078855357488,1.0,1
4.316126371931723,3.387964865056313,0.3167644693991229,2.754435926258067,4.0214938038545585,0.12486087085818323,4.878315881714135,0.9533656487222983,80.37023580294805,78.84038998500458,3.8971235980955106,71.04614278881355,86.6346371811956,0.04562630272162059,0.45496487971384675,0.20133565472059886,180.29883918686642,188.88632520554552,4.063542640459242,180.75923992462702,197.013410486464,-0.0013132976015808387,0.0014151229014466304,0.00030525052981512766,2183.1806527294434,2424.409454142071,44.27311607327975,2335.8632219955116,2512.95568628863,0.0023124181203342704,0.2297167501259343,0.1128475667044419,688.3083829761149,1,2.1506257661515877,1.0,1
4.3286838151382225,3.1615167397131767,0.33058452329759674,2.500347693117983,3.8226857863083703,0.10177116433847114,5.216004971363425,0.7461299120510376,81.37970198406886,75.50130739420503,2.5526158628838305,70.39607566843736,80.6065391199727,0.027962945242583623,1.0291138837699592,0.4839534150967525,184.9444136865451,170.14037350279506,2.865987441170401,164.40839862045425,175.87234838513587,0.006996777182930011,0.047379217238463056,0.027218644806128314,2246.2316841456386,2013.3407145108517,49.99304262463497,1913.3546292615817,2113.3267997601215,0.001967426927108748,1.2025921246046878,0.403806476219947,473.3605804519045,1,1.3041493003000777,1.0,1
1.5089865659526724,1.5062477076881406,0.14097078899056303,1.2243061297070146,1.7881892856692667,-0.0010146197826711389,0.5822421719404753,0.046626290541758444,74.89050720864756,82.09625561550301,1.1142282825416978,79.86779905041962,84.3247121805864,0.0004502079193347916,0.7223835826618166,0.26184151407794765,174.08153828981938,198.70959802654795,4.928041215118547,188.85351559631084,208.56568045678506,-0.0017995276859162413,0.20945759884486842,0.08483736253714246,2187.614640078275,2107.474220470073,36.14737096423575,2035.1794785416014,2179.7689623985443,0.000469532408302249,0.7912888855118979,0.4578814488044172,36.33550183904168,0,0.10192535697173585,0.33,0
2.6576416715266746,2.097538206323963,0.36774898676287926,1.3620402327982044,2.8330361798497217,0.043107176288141626,1.6209469643470036,0.9490723067379838,73.95919401952109,82.93615842990299,1.2478992906823156,80.44035984853836,85.43195701126761,-0.00482607038375274,0.8407832773426348,0.49819042217749787,183.93864828716792,176.7146630805166,4.527270123296453,167.6601228339237,185.7692033271095,0.0004950722474362866,0.41185904351939495,0.08772289919425862,2173.8792635811246,2331.3693236185477,31.8014223855821,2267.7664788473835,2394.972168389712,0.004577014852424685,1.460903361156641,0.5035122221768895,405.5158881966581,1,1.065988895688683,0.33,0
3.895764039890782,3.39678433258775,0.2993149918523384,2.7981543488830734,3.9954143162924267,0.14880139620654215,4.883957295121297,0.9044296343251085,84.24459524430299,76.96060519938926,2.1735944325077234,72.61341633437382,81.3077940644047,0.036877073813182046,0.9145502821962509,0.3871640551640828,173.64294408912963,160.38436629233212,5.3890396351202,149.60628702209172,171.16244556257251,-0.0009543610977658989,1.1851248749571566,0.5291775734236145,2190.090216181014,1984.8456553399124,51.94059964039081,1880.9644560591307,2088.7268546206938,-0.007226026322061128,1.216402789008916,0.4380785247962519,673.0924240472752,1,1.7284015333376939,1.0,1
1.4431065279620798,1.4936005009100568,0.11040232634997364,1.2727958482101096,1.714405153610004,0.004591214107175007,1.0927150261816991,0.2108988557832867,74.74458558570272,80.60075677085125,1.4941422184430748,77.6124723339651,83.5890412077374,-0.005696558360337753,1.3691077101465896,0.8208806945874663,179.5576977707382,164.68592797400163,3.8627640757422466,156.96039982251713,172.41145612548613,0.006490969558483054,0.721248084861581,0.41670465776332516,2280.9053391523844,2014.4053315014535,48.63268766388712,1917.1399561736791,2111.6707068292276,-0.003404834179564898,0.01535700386399308,0.004824178521975975,50.603871962882955,0,0.18358908235399385,1.0,0
2.327816145668395,2.109085340670595,0.383091654698531,1.3429020312735331,2.875268650067657,0.048239202353042895,0.9814251713270135,0.8529918741662285,75.26833283199169,72.22926057454477,2.1795763020512537,67.87010797044226,76.58841317864727,0.007036150056918175,0.7062246290488472,0.19744056978677738,173.9570473787883,185.47270897012731,4.026164409415027,177.42038015129725,193.52503778895738,-0.011228352191362478,1.1230082628764864,0.5965082785737075,2208.2701830149854,2370.5914342648857,54.48870779231305,2261.6140186802595,2479.568849849512,-0.0031514140038972367,0.7060589209739061,0.18565722832757836,265.44798575627055,1,1.2681417396763102,1.0,0
1.3737748692691034,1.4691178714498259,0.1759761684433639,1.1171655345630982,1.8210702083365535,0.0036986124324371373,0.048167193416732035,0.42596239317656276,70.6404376160715,69.38416579629447,2.1859585128872876,65.01224877051989,73.75608282206905,-0.010049646322342868,1.4065699254794621,0.520886775291586,173.1881998305726,179.63063402852185,5.3942212800323315,168.8421914684572,190.4190765885865,0.0010276349910823012,1.3004190215518205,0.5253849983478838,2253.762065348066,2235.887352723905,37.25582249001941,2161.3757077438663,2310.398997703944,-0.0006539285925122036,0.9359163251939405,0.2591860668823168,73.77703061066215,0,0.28446443567315005,0.67,0
4.717942213340982,4.484985132740597,0.28340420574293435,3.9181767212547287,5.051793544226466,0.1430595214643916,3.1952097788380724,0.7610923588898749,84.88087281368394,83.67515259399832,3.6833360562578807,76.30848048148256,91.04182470651408,0.06835552400705727,1.1928033833668799,0.6405463082270264,177.46438469971704,176.1527543299123,4.932328811158616,166.2880967075951,186.01741195222954,0.00014090578684564125,0.961458116017998,0.5086038684729252,2199.54405016779,2037.9354516252363,46.21885282128421,1945.4977459826678,2130.373157267805,0.0040888314960014355,1.147214701354493,0.30967391769401215,516.3604191336552,1,1.7182619361040072,1.0,1
1.7099883190531409,1.4989452550233022,0.15825373465546536,1.1824377857123716,1.8154527243342329,-0.005711412543632214,0.8178448289540836,0.14495528411113734,78.68677432814371,79.53499323351036,1.8246045609068795,75.88578411169661,83.18420235532412,-0.002001442406645449,0.718030263591851,0.14863120234558513,187.6981733389062,163.3058341913443,5.977025829765586,151.35178253181314,175.25988585087546,0.0019086332339394308,0.799549327408615,0.1739068023151318,2288.1768751221175,2391.5006256712336,32.27418638623033,2326.9522528987727,2456.0489984436945,0.0014734918041281395,0.27586430381337784,0.11250612359021846,171.75298415936476,0,0.6066404492353585,0.67,0
2.850467059550522,1.908679022260715,0.44967605590914045,1.009326910442434,2.808031134078996,0.027323044103471708,2.2689930695877267,0.7816098264525068,73.60355935755685,77.20181756386732,1.8447846098611964,73.51224834414494,80.89138678358971,-0.002603153032811495,0.5836845144225453,0.24693179471648008,174.02022829972205,176.9100790175775,3.903159529026941,169.10375995952361,184.71639807563136,-0.0005368930920502268,1.4104742298588966,0.44778405115556463,2280.2838979041226,2193.4425462961626,26.86690570518142,2139.7087348858,2247.1763577065253,0.009960472037487266,0.5978994940776837,0.1843285234734235,442.3299936998801,0,0.8850130423793862,0.67,0
1.5388241840058032,1.510668731742097,0.08451914183421295,1.3416304480736712,1.679707015410523,0.004921812347910139,1.296924547233035,0.09660838557470791,72.34101285561417,68.64661553853523,1.902665001317923,64.84128553589939,72.45194554117107,0.002751518370045451,1.3056876249376517,0.6315713116158548,182.01319748909006,187.03921192444918,3.9310469633374763,179.17711799777422,194.90130585112414,-0.0014491095443419843,0.013829391316354023,0.0038541989322712178,2228.5445793184153,2035.4563543465513,30.914320623179936,1973.6277131001914,2097.284995592911,0.005210641543072217,1.1832325816385079,0.47529026587898915,137.60350888259052,0,0.3396897447846986,0.67,0
1.7318931648109388,1.6044358076547167,0.09384210960246346,1.4167515884497899,1.7921200268596436,-0.0007911506825544303,1.4963570705498033,0.2622009882265264,76.27773774735776,72.21548166910041,1.3360470181240622,69.54338763285229,74.88757570534854,-0.009023014546946116,1.1960630621552706,0.6096087802042479,185.17829890313345,185.5965670481104,4.602094337950845,176.3923783722087,194.80075572401208,-0.003977182918661495,1.0053980170706773,0.39000394875860667,2207.0819064067823,2186.089850404517,29.14046115142525,2127.808928101667,2244.3707727073675,-0.006160992331565524,0.902771445070845,0.5360589974854745,230.72894111818502,0,0.7284604931004662,0.67,0
1.6499713475443656,1.5311187952432286,0.16932448577200457,1.1924698236992195,1.8697677667872377,-0.004055026197319438,0.3219304120068337,0.5493920275267123,76.48862928472538,74.79277918640125,1.8331350122797083,71.12650916184182,78.45904921096067,-0.0019990866553730013,0.41333372305785915,0.24098045584023778,174.83776705111947,183.8305104113044,3.837510884110689,176.15548864308303,191.50553217952577,0.0008342969494633778,1.301370046191052,0.6172462894419596,2163.377306201434,2170.0091103683926,39.376720396176445,2091.2556695760395,2248.7625511607457,-0.0036081109561468257,0.7534004082782991,0.40276074032428266,110.67986348972902,0,0.474268279029364,0.33,0
2.657061052981327,2.4595609812545116,0.2664092328348255,1.9267425155848605,2.9923794469241627,0.021837053959211535,1.7281814759514034,0.7211639424697549,73.35532905729455,79.3814114836486,2.004864762742723,75.37168195816317,83.39114100913405,0.001419222836513684,1.019727187829955,0.5428711395141618,174.92020168402718,181.5508074793756,3.8701790561690554,173.8104493670375,189.2911655917137,0.003209735647218506,0.14542818539848162,0.06436126645559602,2186.4866197818055,2174.5189414371134,26.033968901402265,2122.451003634309,2226.586879239918,-0.001808619180466933,0.6509028744470606,0.2025174680664501,489.9966322502674,1,1.062964487918653,0.33,0
1.4873736976790197,1.554166327352431,0.16978527815517594,1.2145957710420792,1.893736883662783,-0.0017019757835793198,0.7108243100163569,0.04942322451981852,73.57591868916396,81.33092197344747,2.2368800392697317,76.85716189490802,85.80468205198693,0.00883121204835927,0.6741626973619925,0.1751975367079967,177.4635791766683,165.09651589886053,4.631706206679519,155.83310348550148,174.35992831221958,-0.007326701917224835,1.0907702219189686,0.5556995019800238,2232.7148696737136,2395.722590889049,34.02331669635175,2327.6759574963457,2463.7692242817525,0.003938146794774774,0.465338891906489,0.18213036551585915,59.77630995067536,0,0.2879182185261788,0.67,0
2.7293110595771894,2.105950413252151,0.3145696151031519,1.4768111830458475,2.735089643458455,0.011057876103906699,1.1754959934696945,1.0881294092525544,71.84098916582545,81.27514631053836,1.617784071450096,78.03957816763817,84.51071445343855,0.0014152658112932686,0.02693679562522644,0.006190188357825266,182.50585632244335,186.97218635035858,3.1627630652715197,180.64666021981554,193.29771248090162,0.002894643242856174,0.9265418792828863,0.42414239771347506,2223.002116193023,1982.1833544048372,49.80368519879274,1882.5759840072517,2081.7907248024226,0.004101491872544823,0.32228190963749714,0.0696554544553672,210.14132219638438,0,0.8071773260525796,0.67,0
1.6170700182970201,1.5781219031557694,0.08897531822708814,1.400171266701593,1.7560725396099457,-0.0016025886183298468,0.6845648898719177,0.00784303465308907,77.79141496373501,77.90638164858973,1.0303520163337465,75.84567761592224,79.96708568125722,0.00311332107959079,1.030332467754003,0.28534129271436587,189.4058175366856,191.66651414381946,5.32971658966897,181.0070809644815,202.3259473231574,-0.002096156894494574,0.7514702451493542,0.36085150592010323,2269.4044118320153,1982.4139487917967,59.34129836161415,1863.7313520685684,2101.096545515025,0.004052653813947745,0.26908552888442816,0.15220410419286828,217.83161551427983,0,0.6605173681313087,0.67,0
1.3656812529420899,1.5808937634797176,0.15947866501920618,1.2619364334413052,1.8998510935181299,-0.0018440163259443435,1.4943631479255308,0.19825523314955054,76.89188192127888,67.60004389759513,2.000294613898089,63.59945466979895,71.60063312539131,0.004876678674443798,0.8326278757092296,0.2027640016173358,179.58984681845422,189.55514734301315,4.615265162364216,180.32461701828473,198.78567766774157,-0.004813342672045127,0.8138553051121018,0.30608087964780073,2168.318006704471,2148.231549585202,36.85605729852852,2074.5194349881453,2221.943664182259,0.000478037720562888,0.617646825339566,0.14746741936524843,26.879055200872603,0,0.0913134377782053,0.67,0
1.670497455956332,1.4718265108196187,0.11631545781180574,1.2391955951960072,1.7044574264432302,0.00037704564462332906,1.1186269949764154,0.2856077708489739,75.97797906132008,76.33027972154436,1.006162252605301,74.31795521633376,78.34260422675496,0.001211455929011592,0.0004952388892146553,0.00019260107053928758,179.25302893198787,161.92247780510692,3.8298464380159296,154.26278492907505,169.5821706811388,-0.0006086862689181275,0.5871540303342835,0.3499253633934987,2183.1898131666617,2100.4088335938445,28.86550944294029,2042.677814707964,2158.139852479725,-0.0005138373074379984,0.6617232375702028,0.34648319513125847,246.17011688598768,0,0.6121592262537855,1.0,0
1.8347846407888715,1.4217636469923853,0.1661152109821079,1.0895332250281695,1.7539940689566011,0.012132361446206337,0.5235314934823786,0.4178374188360224,77.43582533011686,70.25362240206162,1.7274693130548555,66.79868377595191,73.70856102817133,-0.0003659085127050138,1.4144024611112485,0.48273725396744066,170.9707655577818,177.09349649293196,4.532209729091655,168.02907703474864,186.15791595111529,0.00846372308400541,1.0998500968514164,0.23004487175243366,2138.7794891144963,2013.496524960669,53.12774647523941,1907.24103201019,2119.752017911148,-0.007396076272224546,0.5266485524993361,0.10901157128048129,333.2821305954938,0,0.8473028763396975,1.0,0
1.5671353767133538,1.3274288771601133,0.14140171276327437,1.0446254516335645,1.610232302686662,-0.004204064007798912,1.2543287066329802,0.2542915092178672,74.85833218494949,72.8244918255002,1.8148432876900886,69.19480525012003,76.45417840088038,-0.003055071758802816,1.3724169432712663,0.4747687865841392,180.2353130659207,197.49186777189064,5.047917128443357,187.39603351500392,207.58770202877736,0.006641659031921764,0.8415580878346092,0.18979275481471602,2217.370523884755,2278.820240309755,47.167767729127995,2184.484704851499,2373.1557757680107,-0.0033840536777315733,1.464538649446959,0.3619301784693866,88.71841991410253,0,0.3450963173607842,0.67,0
1.7928348329692991,1.4311861373647659,0.1695751174412005,1.092035902482365,1.7703363722471668,-0.004640931003817689,0.14923763645187527,0.49086939107015315,76.19047672811033,72.6413669589765,1.584138798127873,69.47308936272076,75.80964455523225,0.0034424727499104673,0.40135079968912535,0.22340554838506546,178.44438278010048,164.76474050641866,3.1330030580301864,158.4987343903583,171.03074662247903,-0.0015524178215629483,0.1486154060169408,0.08664067178117192,2148.120406425517,2008.3510321214096,27.758400722509663,1952.8342306763902,2063.867833566429,-0.004426637805021693,0.8202083613129514,0.4176833964658598,353.13136077668696,0,0.6088220503755302,0.67,0
2.979054540125309,1.9522558810831532,0.26354802250223436,1.4251598360786844,2.479351926087622,0.0367040685433294,1.5390037095299622,1.040094989024422,74.13836479522361,67.8772384136688,1.6473060261468349,64.58262636137513,71.17185046596248,-0.004661856215909936,0.5850990986214424,0.31913107017505676,179.00278142055973,193.75507094359614,5.757826853206667,182.2394172371828,205.27072465000947,0.0023039862180798372,0.41181687711066695,0.2181137832282859,2123.8832840859127,1963.2694160378842,47.571721335272095,1868.12597336734,2058.4128587084283,-0.005765421658698912,1.2772266739709908,0.5666775762132997,391.5524580368098,0,0.8587582671286179,0.33,0
2.543200238035097,2.0194861441314336,0.39378618741478527,1.2319137693018631,2.807058518961004,0.03773603413716176,1.0245486436299698,0.9548310755514549,75.05973384651566,75.64595639048625,1.9578927052638813,71.73017097995849,79.56174180101401,-0.0009333948115672248,1.3236617870213725,0.3724843083375885,178.37134772374776,174.43597285171805,5.792415657031311,162.85114153765542,186.02080416578067,-0.0006925612230361237,1.2848579830250035,0.46052109942330294,2178.8054978838823,2078.7838115758123,51.667703151008396,1975.4484052737955,2182.119217877829,-0.0010243833193235863,0.7576733336160095,0.45107947557755285,249.57423701354296,0,0.7349426984921651,0.67,0
4.081685222412372,3.7376794792096737,0.38225981977595097,2.9731598396577716,4.502199118761576,0.09820173397769325,4.869137475382561,1.0978326941969578,80.86438766697938,80.4224579162685,1.7349383076423335,76.95258130098384,83.89233453155316,0.04913805790480042,0.7415543021806341,0.4255336988271031,184.6343344287598,174.29713390620026,5.482169455316425,163.3327949955674,185.2614728168331,0.0035035030606029183,0.1493695703100434,0.030831561599034232,2340.7327222236277,2392.950626767381,48.90900000030663,2295.1326267667678,2490.768626767994,0.000906255813010252,1.3988500630589413,0.601877762794301,440.5899139854113,1,1.9562379857155199,1.0,1
1.555047863482654,1.5753189820957023,0.16433532997936282,1.2466483221369766,1.903989642054428,-0.0031013214833383934,1.1001622407159872,0.08620681612110118,75.587494703348,71.41138276068733,1.3040018209758863,68.80337911873556,74.0193864026391,0.0027792922965870336,0.15984432561157758,0.04031033239384752,170.84370681094134,186.39353532251315,5.246706210998344,175.90012290051646,196.88694774450983,-0.004743109506044834,1.0646509259123302,0.36744456027368844,2203.655212719037,2000.6044292681372,55.50082226165951,1889.602784744818,2111.6060737914563,-0.003269485471159822,1.3532008026705074,0.4541184041219065,175.64556055652164,0,0.5137028220665153,0.67,0
1.5477772933171017,1.4978130776046978,0.12487895942089058,1.2480551587629167,1.747570996446479,0.001483862535421175,0.6276296756509916,0.1873742007814846,76.59713625349687,67.45184493882317,2.094879056416352,63.262086825990465,71.64160305165588,0.0005214316111609941,0.5714252591027914,0.13617415010532866,171.58578152407975,186.52585140506054,4.9675261594226345,176.59079908621527,196.4609037239058,0.0069488764766039305,0.867555034532828,0.18644007918850594,2192.087681377919,2349.687997119004,33.849829449391486,2281.988338220221,2417.3876560177873,-0.003263681427817562,0.18980532512822812,0.08797139290603531,18.925184578229157,0,0.06515932427584756,1.0,0
1.602921288636265,1.4244885017540259,0.10747189159969496,1.209544718554636,1.6394322849534158,0.0042189501294078785,1.2204418203344702,0.1367204053544335,75.63217564421787,75.45053153374391,1.6798516451955856,72.09082824335275,78.81023482413508,0.0006674970953068573,0.6992853452333008,0.32295369224120274,178.6177437317008,194.41621901798865,2.5470541539419567,189.32211071010474,199.51032732587257,0.0031762276830197833,1.1465988038438613,0.6145125533387215,2148.687881234855,2136.0189508605686,45.88586019729678,2044.247230465975,2227.790671255162,0.0024659784424493933,0.1841100820119307,0.1077496639728833,63.26063044721813,0,0.25390556512894685,0.67,0
1.4842860676566074,1.5213665989368388,0.1323629592379986,1.2566406804608417,1.786092517412836,-0.011724861347606027,1.3128924114869969,0.07485209219488342,73.97661225617658,79.78252210036347,1.2714542801367303,77.23961354009,82.32543066063693,0.004790176343144148,0.7654608963168386,0.2890431264245388,186.44962425466818,193.89494011811064,5.662993510706372,182.5689530966979,205.22092713952338,-0.0010508182377800377,0.6628387379499757,0.30279885333916035,2181.571154662993,2199.4516644893147,40.86653149610845,2117.7186014970976,2281.184727481532,0.00588318774308372,1.1774090227268523,0.27934759483769434,324.438335220201,0,0.5866906836380917,0.33,0
1.5309313812461758,1.5340990590449017,0.11415787390935966,1.3057833112261825,1.762414806863621,-0.0009729233151983391,1.11744779769134,0.11202433291746836,75.06774109887048,75.40926409660484,1.285612091115074,72.83803991437469,77.980488278835,-0.007236088896289792,0.18103270176936065,0.07320939228961207,180.79036448545622,161.98581882122284,4.424991199205753,153.13583642281134,170.83580121963433,-0.001993508912415947,0.8600651820023377,0.460479767221225,2203.8687141380415,2323.432351349166,26.30309206133021,2270.8261672265053,2376.0385354718264,0.004583532362945093,1.283021503025434,0.7217085238905852,383.36918646947066,0,0.7097051743912905,0.67,0
1.3723272459804605,1.6099900753994152,0.17794107648227295,1.2541079224348692,1.9658722283639611,0.005013622750408123,0.3716558044733805,0.08863028404343627,74.09098340139546,67.6432139602794,2.1461058498411134,63.35100226059717,71.93542565996162,-0.009251888424409207,0.3721621285422032,0.1203799307970359,179.87256481472195,193.62005389257013,3.8942949328948795,185.83146402678037,201.4086437583599,0.0060912896130986315,0.6224305975081779,0.23759390615576464,2181.349813736946,2334.73436602103,52.586266137502015,2229.561833746026,2439.906898296034,-0.0052662258006693574,0.5589773240521241,0.19187862746055437,214.0579015249039,0,0.35704491447958353,0.33,0
1.7372645554442219,1.5401579310985267,0.11995879900200784,1.3002403330945111,1.7800755291025423,0.000980546460659177,0.5980417371745408,0.16495577971870082,79.05056841724289,78.1849781345309,2.3831597097098927,73.4186587151111,82.95129755395068,-0.0008456748033598247,0.9357099891383044,0.5413832569978835,178.52321323655903,165.71060423108452,5.581199595002606,154.5482050410793,176.87300342108972,-0.006834695792910547,0.1906784535595628,0.08299577989164468,2200.286064054956,2190.554469825689,25.747637584790507,2139.059194656108,2242.04974499527,-0.008147696499826086,0.9152145676132935,0.3379497594936519,319.9746488194212,0,0.5634290381638439,0.33,0
4.362439775391272,3.9430965487581533,0.555651169576004,2.8317942096061453,5.054398887910161,0.10788067545119405,4.675530589013065,1.0320054452724032,79.92357537002701,78.52723517559538,2.250262475959277,74.02671022367683,83.02776012751393,0.0321352508314721,0.5567433888629829,0.21943931687696924,176.209573366564,176.26355387511506,4.274708763585514,167.71413634794405,184.81297140228608,-0.004538780900734602,1.232746419878039,0.571753099540777,2275.9641961820885,2313.9672297322727,57.8673967807602,2198.2324361707524,2429.702023293793,0.004451237504182544,0.9545614223000616,0.3148188626714235,367.702573739751,1,1.4482045605931364,1.0,1
1.534652312186436,1.4146776601117292,0.10944831787920248,1.1957810243533242,1.6335742958701343,0.006037128745783242,0.12173887368707242,0.5331830117887962,74.28691514271443,78.7925190952138,2.1805632729068396,74.43139254940013,83.15364564102748,-0.006111128597959769,0.0409314759758484,0.011954958989653259,181.28373630519766,171.28119533617527,5.519163356158007,160.24286862385927,182.31952204849128,-0.0014566600306247324,0.6307655371147984,0.33672679916280457,2223.5196371004577,2332.4328823789842,36.408304038405234,2259.6162743021737,2405.249490455795,0.00019654599371732656,0.23500820152127705,0.1136248046386748,305.0166859741484,0,0.7336686150475848,0.67,0
2.4324106839492976,2.4009005317545604,0.4227732692456963,1.555353993263168,3.246447070245953,0.04018730083472565,1.6524588235558686,0.8907455244775692,75.2657173653345,80.21842942007545,1.485093088447555,77.24824324318034,83.18861559697056,0.0017942403633945938,1.1615978055258833,0.35426702734265064,176.38492150856965,195.18864813703428,4.322178628100081,186.54429088083413,203.83300539323443,0.0023107704802983868,0.5025737564077236,0.25702543048471976,2194.5403452749724,2377.1301427393914,56.951359310718196,2263.2274241179553,2491.0328613608276,-0.0034007618287591004,1.1323975996083573,0.32935846040327094,435.02695068515146,0,0.9325490004620999,1.0,0
3.8835464336867513,3.8460516018291195,0.5862528132298237,2.673545975369472,5.018557228288767,0.13083973481164612,3.5326423857895186,0.8599222288160195,79.48254085504787,76.97300153563897,1.8928917636274694,73.18721800838404,80.7587850628939,0.04971061460667621,0.4435788461262453,0.13764985999275656,178.8527477308402,186.43482560662756,4.320238074122338,177.79434945838287,195.07530175487224,-0.006640930244492153,1.4543769416468377,0.7418095103333741,2209.8430617934564,2404.4565329881743,28.09723757181718,2348.26205784454,2460.651008131809,0.0008568414059498525,0.2939742936287178,0.0641131228498305,452.01198761830926,1,1.7052804765963263,1.0,1
1.6379411072443726,1.3780516929556939,0.11464562157322818,1.1487604498092374,1.6073429361021503,-0.003491050411685141,1.209137785733898,0.4922729177576692,77.93145282597887,80.15708099536653,1.7538728065750733,76.64933538221638,83.66482660851668,-0.003967365345493006,0.436970086732702,0.11310877780315368,184.10274316700162,196.10107288056952,4.315379225419579,187.47031442973037,204.73183133140867,0.0008801381833875487,0.19020081428081098,0.06595068686048985,2249.591335716906,2188.68586445251,51.51570952939777,2085.6544453937145,2291.7172835113056,0.0017646827092234045,0.46479132978402443,0.22657814940242046,104.71677075226651,0,0.3765166493739741,1.0,0
1.3351972286385572,1.5609766229808542,0.09269436961299991,1.3755878837548543,1.746365362206854,0.0029003152368531388,0.20617123439818275,0.06265879789062873,70.39557264088951,67.84472680012367,1.6531691720038486,64.53838845611597,71.15106514413137,0.0017224889325168449,0.3823444058449668,0.19027171925103534,170.2714584284491,174.30274801952564,5.8312872052996845,162.64017360892626,185.965322430125,-0.0002587661964635653,1.4272312074926856,0.5572235416031378,2114.725327807755,2332.3561960268253,40.163099738326544,2252.029996550172,2412.6823955034783,-0.002677031293724853,0.37578710988828823,0.22025895819406738,184.54967347931668,0,0.5726199296513783,0.33,0
1.4996006718026016,1.6184182035120367,0.13673393503076775,1.3449503334505013,1.891886073573572,-0.0022535327958862943,0.9016941148954032,0.04018638388713193,70.98156931194887,77.97523832577181,1.849271152533415,74.27669602070499,81.67378063083864,0.0026184237068958226,0.27858177825145125,0.1331964233244295,179.101368176071,185.52351335492753,2.67446405940059,180.17458523612635,190.8724414737287,-0.0025713448578532044,0.09465783728801763,0.02176328182023621,2244.991474806648,2080.1250844727706,53.164352476394136,1973.7963795199823,2186.453789425559,0.005460277057194009,0.2607689967347292,0.10356484301140471,271.6293331125496,0,0.5715926830926839,1.0,0
4.295318939403071,3.493098244555693,0.23074483011046543,3.031608584334762,3.9545879047766235,0.10006242680704178,4.486916429531386,1.117120660857643,84.05314857950023,75.6599911473039,2.566895878318329,70.52619939066724,80.79378290394055,0.037717429642876596,1.4366984631051776,0.5311693988668615,184.36459593385393,194.5073520486691,5.671388507463739,183.16457503374164,205.85012906359657,-0.001322574206553054,0.3390434967239996,0.1546683941076983,2099.8068817796625,2431.161569614496,29.302223746288565,2372.557122121919,2489.766017107073,-0.006544101995595561,1.332988620398098,0.5348397966773951,568.6159128934706,1,1.961624224989575,1.0,1
2.2320288795603274,1.7001220633101182,0.3508057477041679,0.9985105679017824,2.401733558718454,0.03011133767386722,2.38381117452084,0.7114158880256143,72.64665634185987,72.4563957117359,2.065408376129377,68.32557895947714,76.58721246399465,8.012641147580213e-05,1.0695214377926112,0.37060474452630593,175.03978219611434,181.93915771071102,3.746678802114828,174.44580010648136,189.43251531494067,0.0027484159314512986,0.5796938464919028,0.21338521256178233,2290.0715049633245,2230.608677955581,57.20133574381684,2116.206006467947,2345.0113494432144,-0.0022316025761717245,0.40602540645259666,0.14137665581823772,455.57073076350304,1,1.229025381783151,1.0,0
4.673458596721614,4.139709772238812,0.44309471795154365,3.253520336335725,5.025899208141899,0.10126885110165085,4.287314900644676,0.8211016511518233,80.07396024004132,75.94598032934235,3.471002736560208,69.00397485622193,82.88798580246277,0.0410075155500038,0.6928878292292628,0.21988989474902548,178.13300365811716,187.5362298148291,3.0386356721894927,181.4589584704501,193.6135011592081,-0.0027611152214048564,0.3357264222339346,0.13925588517844192,2231.6465908877753,2231.701740973084,56.10618279541419,2119.4893753822553,2343.9141065639124,-0.0019385077996799207,1.43347724734463,0.7810315789319111,742.5582911021988,1,2.051814574830728,1.0,1
1.503212109674232,1.5246746850765411,0.15488839450246936,1.2148978960716024,1.83445147408148,-0.006464368661022648,0.2543586847977629,0.3201726905202445,74.66053902542896,76.34776934152148,2.0746882750186315,72.19839279148422,80.49714589155874,-0.0039685228975111925,0.6145156137347624,0.16750831701590352,192.38203115692633,176.5342759533634,3.496447532848265,169.54138088766686,183.52717101905992,-0.0038568861316980465,0.5884281864960399,0.29209416339358796,2216.0492984635707,2109.2624456348667,28.967847318206918,2051.326750998453,2167.1981402712804,0.0013426796512228739,1.3766643785593726,0.3996579284008152,52.61336797693815,0,0.2121591266801684,0.67,0
1.6337160070101246,1.4115472017399595,0.17310932674016263,1.0653285482596342,1.7577658552202848,0.0016697252399951964,0.16656958093784746,0.5970108829544271,74.24018406691884,69.36008954556274,1.5789235961300383,66.20224235330267,72.51793673782282,0.0047391038820623335,0.6642874643691286,0.15471836713228623,176.17726547446244,186.9999054791989,5.654230575445643,175.69144432830763,198.30836663009018,-0.007921637889241986,0.08477193658209348,0.039933474619612594,2271.214170713693,2133.3088192310224,53.89029204617495,2025.5282351386725,2241.089403323372,0.0013092860362286267,0.6758956936553997,0.24001952520712047,102.95999948839929,0,0.3479414009407746,1.0,0
1.552997506087754,1.42983539646267,0.16841994061306173,1.0929955152365465,1.7666752776887935,-0.003864168654444819,0.8026601700009051,0.8068401979588076,74.77200689432075,77.03116951039505,1.0108223742764886,75.00952476184207,79.05281425894802,0.0006740071164510171,0.6346701464936794,0.16176910149370294,183.3061817405743,189.76395582647078,4.272938355584962,181.21807911530084,198.30983253764072,0.0014989743708158192,1.1093267231024895,0.4903237700209357,2117.218031991496,2143.545920618392,50.761890506897636,2042.0221396045965,2245.069701632187,0.006177158878784004,0.7694682628715128,0.38124445545563135,442.9154628233649,0,0.7868236128430416,1.0,0
1.4498969498643592,1.410936818443117,0.16008182942001442,1.090773159603088,1.731100477283146,-0.00048326954809070415,0.4970896315447743,0.18054389178241004,78.22556046539408,74.86864864369088,1.934567581268072,70.99951348115474,78.73778380622701,0.002526945058660684,0.5422326449478715,0.2266257618294494,168.1004031890949,187.50603145238935,2.518243814669237,182.46954382305088,192.54251908172782,0.00010006902500805243,1.0510978205448978,0.5699576107938348,2237.682214081673,2180.0248595896383,48.01149790996537,2084.0018637697076,2276.047855409569,-0.001734319939623053,1.3052145083276057,0.7269659394780754,215.2022629377565,0,0.47039138416745396,0.67,0
2.6455514720924196,2.1786409475012887,0.3786669942049546,1.4213069590913796,2.9359749359111977,0.03549563401493198,2.030126862731128,1.1330460824364323,73.56429357129193,78.15025705624076,1.5400252590597665,75.07020653812123,81.2303075743603,0.00361986372034684,0.08928929530773372,0.03862684593431668,184.49451604934555,166.59839677095044,2.926131991766874,160.74613278741668,172.4506607544842,0.00023517182004251688,0.8917107823689284,0.30135871460680286,2202.3318683282982,2142.838450303216,53.067213728959395,2036.7040228452975,2248.972877761135,0.0008200797832030563,1.233633465024416,0.35355469646152393,230.26682397481053,0,0.8251165241795126,0.67,0
4.29525916297703,3.212570570120049,0.5892312651889331,2.0341080397421827,4.391033100497915,0.0726125331249672,3.2517675208028627,0.8597043278090475,81.0295688419127,75.00888651173014,3.350427505811191,68.30803150010776,81.70974152335252,0.07801072998795712,0.8167380784566639,0.29997813210157304,186.08686784875815,193.77414677576846,3.5602581697415028,186.65363043628545,200.89466311525146,0.005970547015236863,1.225169199758454,0.3340369757682166,2150.9417234430157,2134.251390669042,45.67232418981232,2042.9067422894173,2225.5960390486666,0.007111849308492539,0.9915213813709804,0.22942052402273316,655.5206744622224,1,2.1221170770143924,1.0,1
2.0775867280145497,1.8557872944687002,0.326390270649338,1.2030067531700241,2.5085678357673764,0.026955990079879928,1.0733184968945053,1.172405431730899,73.07247880324897,76.06562400864459,2.137135354052246,71.7913533005401,80.33989471674909,-0.004072014104965953,1.018693247002293,0.45104570072926253,185.4805896770459,191.87452459627488,5.470056799608074,180.93441099705873,202.81463819549103,-0.007615862320869239,1.3046528520208889,0.4863875251985434,2173.429429943079,2335.6561379233485,28.507988982500947,2278.6401599583464,2392.6721158883506,-0.0008858405755738096,1.1315639332873646,0.3512714533988915,250.5597848047418,0,0.7522201390549326,1.0,0
1.6938480202657886,1.5028059277069594,0.17139090245616656,1.1600241227946264,1.8455877326192924,0.0032007672117857064,0.6692261737413892,0.18084354799838329,73.37605341454338,73.9722027166159,1.9626412362804166,70.04692024405506,77.89748518917673,-0.0006604107576944588,1.1404876125408199,0.6180130819086403,181.6286792106536,189.2249983139248,3.175887779732771,182.87322275445925,195.57677387339035,0.001105126155755235,1.0223672738140734,0.5637910245466653,2199.996937718622,1980.1625438198519,25.898833474825878,1928.3648768702,2031.9602107695036,0.002644371927613268,0.38988986718847934,0.22079827476267136,367.0625457597976,0,0.7855752834266594,0.67,0
1.5495372134002536,1.639389866930773,0.11951469826378576,1.4003604704032013,1.8784192634583445,0.001297394115432383,1.2986440948452413,0.3663693580467515,75.03759238397099,79.60355319518557,1.3992735967981886,76.80500600158919,82.40210038878195,0.004170502859550342,1.1892974806537067,0.6839590203152239,182.5413821559505,172.75190075626713,3.317291505076426,166.11731774611428,179.38648376641999,-0.0022362255239365358,1.2505458254910393,0.44099709090508676,2260.933260539446,2373.530861445505,27.46006649104715,2318.6107284634104,2428.450994427599,-0.005340235691831202,1.4223105927231967,0.61080035280512,290.8629744715571,0,0.7215151768959298,0.33,0
2.0047943106865995,1.6578620771386539,0.22687869094059818,1.2041046952574574,2.1116194590198503,0.01441420226231502,1.227255497542314,0.6372903125731065,75.18475829878413,82.37994784817941,2.2011404375565116,77.97766697306639,86.78222872329243,-0.0053151813642685905,1.0170905651815128,0.32387503278786184,188.62519294899008,188.95381872731406,5.5478364867146635,177.85814575388474,200.04949170074337,0.001100946571025664,0.6447845536668184,0.29442675740209634,2251.61946990632,2356.1851615399255,32.87641396654698,2290.4323336068314,2421.9379894730196,-0.00043108549003726375,0.7151928358505748,0.18096729734092673,256.8190473302862,0,0.8062812728758015,0.67,0
1.496765682316695,1.531319934007979,0.11395588064180301,1.3034081727243731,1.759231695291585,-0.002615718732207632,0.4763950044515579,0.14319944491744935,73.45792737171796,72.5450680486171,1.994220893774123,68.55662626106886,76.53350983616534,0.003421349778303875,0.30838607468454143,0.0759739587266336,173.01666632156488,165.35298618738503,3.6437796478772837,158.06542689163047,172.6405454831396,-0.003971409235675174,1.4680757055837206,0.7390429288014159,2254.748478484804,2032.3525984514565,42.422887896181535,1947.5068226590934,2117.1983742438197,0.002882232463015026,0.7251653976218597,0.25175961937942437,249.01544367070767,0,0.8069601695813875,0.33,0
2.991696796380261,2.7180825902242294,0.31382444627362865,2.090433697676972,3.3457314827714866,0.029688647331498674,1.7820121146414025,1.009094351820517,74.86605528055496,75.10883588108337,1.1592667423263692,72.79030239643063,77.4273693657361,0.0018022083814638646,0.616440912053855,0.28302948438754044,175.73618917383178,165.70880890059027,3.412332338967356,158.88414422265555,172.533473578525,-0.003024533819640874,1.2327021888813006,0.6258431770463674,2224.8894154708887,2234.0126312028497,42.8414973415305,2148.3296365197884,2319.695625885911,-0.0017891396672063346,0.8778913132647698,0.3017624939694104,314.55111993513725,0,0.91810867442156,0.33,0
4.112382273831374,4.064322796131061,0.5802428587750224,2.9038370785810166,5.224808513681106,0.10734378881232862,5.463926861953174,1.0317145363891445,82.1133414148374,77.33790312216853,3.214044294584892,70.90981453299874,83.76599171133832,0.0651424717662608,0.9167545835673702,0.4927314900476752,176.50426710954042,181.76981419428577,5.6069646396540485,170.55588491497767,192.98374347359388,-0.0041274859839625574,0.21448752307925378,0.10823131629409015,2183.9307079173504,2255.690446425786,27.546705222746777,2200.5970359802923,2310.7838568712796,-0.0025347158768556487,1.2327900889355343,0.5948173849976215,283.3758886104577,1,1.3102890283107493,1.0,1
2.742848665663054,1.9401996080368058,0.35367068010863967,1.2328582478195265,2.647540968254085,0.04577211573274593,2.043610936956469,1.152597499373635,77.37883656892696,70.85719250046797,1.5353104370833952,67.78657162630118,73.92781337463477,0.0058249544128196155,1.4018371088149228,0.5226705786168468,168.47177247397892,184.82494715877803,2.6678864550281656,179.4891742487217,190.16072006883437,-0.0007324033536408069,0.8834154727610231,0.22586735798261065,2250.3205520013275,1972.8174716390647,56.81106041352637,1859.195350812012,2086.4395924661176,0.001475704896687083,0.32253385403427687,0.09090211757818688,180.25128009693148,0,0.7083890277828188,0.67,0
1.2858937549387404,1.5229237702657672,0.17831722360914926,1.1662893230474687,1.8795582174840657,0.00015684208049854238,0.09130899793710134,0.05786316192344412,75.12707591031364,77.03973653556477,1.685223253723747,73.66929002811727,80.41018304301227,0.0008562202384249789,0.014884810744631882,0.008744751822297668,176.72893942130827,175.0238927753333,5.183161124452601,164.65757052642812,185.3902150242385,0.0008197574044740532,0.3194481750021513,0.10990168457802568,2220.523011095104,2199.336802294947,37.29598722876495,2124.7448278374172,2273.928776752477,0.00969731774785062,1.3363759208473547,0.31078333876283504,259.131271685696,0,0.6704518707739846,1.0,0
2.3243840348727742,1.6799068156982155,0.294394744986453,1.0911173257253095,2.2686963056711216,0.0371763423038052,2.439851147131887,0.8899723561944095,71.0602064131188,75.64067452395533,2.2616647707364423,71.11734498248244,80.16400406542822,-0.014053141583090418,0.3912527442059645,0.21406666203006555,174.8031419703451,174.42945785810198,3.803182364348834,166.82309312940433,182.03582258679964,0.005047929839455969,0.24639549558093593,0.1326574910379616,2124.2713245470723,2330.88068246555,25.614790949638845,2279.6511005662724,2382.1102643648273,0.0030580078077484165,0.9288118875447345,0.3558870577519018,458.8385008230866,1,1.2396036454110417,0.67,0
2.727818860518706,2.472683173955573,0.38758763808775115,1.6975078977800706,3.2478584501310754,0.018180173547711835,2.1224611168027154,0.8104595350870972,75.01074075767201,71.949198793772,1.5586566328676257,68.83188552803675,75.06651205950725,-0.0020153293401836106,1.4698716491735704,0.42678100381324663,174.0573227301945,167.54011451605146,4.9575751502690935,157.62496421551327,177.45526481658965,0.0054261113183081576,0.43340552498637397,0.10163345194472866,2201.9277584392157,2412.708038143171,36.35097823564532,2340.0060816718806,2485.4099946144615,0.0017984042384316054,1.0742468072664169,0.27303866827748025,226.12455787246438,0,0.7868263816819119,0.67,0
4.699660771192937,3.9443797345022205,0.316350741692633,3.3116782511169545,4.5770812178874865,0.0969406841989258,3.162970253897785,1.1503753363466815,81.03677343288797,75.77917387442207,2.3148625561365073,71.14944876214906,80.40889898669508,0.0668028852224026,0.8435891818142036,0.3724344244053844,177.0131761723126,173.24675019295515,3.7005934940650853,165.84556320482497,180.64793718108533,-4.644280783907873e-05,0.2687458774352263,0.14954526584174718,2215.349053634312,2186.731593698994,34.86387511534152,2117.003843468311,2256.459343929677,-0.0025460668129956726,0.2764520954251486,0.059643088747444555,451.0086583041267,1,2.206831284055728,1.0,1
1.4563062320045816,1.6515256152759301,0.14158046698020899,1.3683646813155121,1.934686549236348,-0.008629592240848244,0.8762612762725863,0.2807287349124335,71.38263886278285,78.75707198521522,2.3574054038739494,74.04226117746732,83.47188279296311,0.0037273072737275034,0.9902641466594481,0.27616322713747377,176.49578507231868,165.0889138126697,4.437333839568215,156.21424613353327,173.9635814918061,-0.0026585297699768026,1.4186539435180454,0.4454591723501316,2145.4630971138326,2064.434175632387,33.10460635037432,1998.2249629316384,2130.6433883331356,-0.005843604557841629,0.8251817954795841,0.2925375044046941,231.6572141354584,0,0.3962446996403901,0.67,0
1.267332223371426,1.6108568256695919,0.13740342267045966,1.3360499803286725,1.8856636710105112,-0.002273669434787364,0.9461053190506545,0.3416281166043344,75.16843317789288,71.90494360706711,1.7216291042445717,68.46168539857797,75.34820181555625,-0.004086018018313606,0.3830293700515501,0.22194363068127043,173.35391323694557,176.70650447570634,3.5419384944370975,169.62262748683213,183.79038146458055,-0.0033330565610378564,0.15626825813924744,0.05002555887467281,2177.895950709812,2409.2404859746016,46.669538956527134,2315.9014080615475,2502.5795638876557,-0.004355617823169052,1.1180185446117787,0.5598740260443184,116.27019105917458,0,0.5714803670395722,0.67,0
1.353536011246269,1.4132619450078705,0.12716308213511807,1.1589357807376344,1.6675881092781066,0.008803140173122462,0.7869316524290622,0.06610167445687569,73.31913047466058,68.61209517560344,1.7255532359784937,65.16098870364645,72.06320164756043,0.005518134552223934,0.6093813996417414,0.321289004801477,186.0775340251154,189.86281946265075,5.198134891478537,179.46654967969368,200.2590892456078,-0.0030981187734464496,0.0628895315669753,0.0177127682566909,2237.621810040874,2056.768482769804,55.95351586088504,1944.8614510480338,2168.675514491574,0.007228175233290435,0.37825665849777895,0.14422656541732065,342.6036672820552,0,0.7519719597374224,0.33,0
1.5795310521157622,1.5644808000042423,0.0995535418375936,1.3653737163290551,1.7635878836794294,-0.0009839091669136802,0.2877071874518821,0.005451105853608091,71.93563516783709,82.09860828977656,2.20473099528824,77.68914629920009,86.50807028035304,0.00040623538119901237,1.2755701745720103,0.6744449385893865,183.35800107611718,195.39572476153526,3.7409986654081058,187.91372743071906,202.87772209235146,-0.00881625465995968,0.3186276630368101,0.14254744892150933,2154.390336439694,2207.15329417664,27.093296637331534,2152.9667009019768,2261.339887451303,0.008252604515439866,0.5333525324415873,0.27132290864025554,151.7759677203803,0,0.3402288183895974,1.0,0
1.339287091243188,1.706909660099542,0.11682730880642044,1.473255042486701,1.9405642777123828,-0.0011886168667355635,1.00483630178761,0.2530402122946153,74.05378517327895,71.09049464404843,1.678115411879721,67.73426382028899,74.44672546780788,-0.0024909596035071952,0.8607941609439753,0.22290549465625148,175.59955006339428,188.51995174399278,3.280421161756885,181.959109420479,195.08079406750656,-0.006901764677065926,1.482370733535368,0.8610343753636327,2231.255527312447,2237.4049517729723,49.49400418788473,2138.416943397203,2336.3929601487416,0.004350301084537419,1.437831011924292,0.6306074371449482,331.53448550528867,0,0.729415000350545,0.67,0
1.5629072714335899,1.4374985795333846,0.12329829790789919,1.1909019837175863,1.6840951753491828,0.006633475914883079,0.5808383181645816,0.17147147265389265,76.29400794472117,71.06379066352939,1.7845768491095628,67.49463696531026,74.63294436174851,0.004551919249054911,0.3425775550902931,0.12500152273742607,186.15687762364692,195.51083406870754,3.172576047241648,189.16568197422424,201.85598616319083,-0.003503945512531019,0.3703732302639533,0.09958857284920582,2206.2774195664574,2139.0273461705715,32.4462093946978,2074.1349273811757,2203.9197649599673,-5.319427374909819e-06,0.5463137193809102,0.18134393910613056,248.61929186113886,0,0.8445366153009957,1.0,0
1.347340058986581,1.570282234586481,0.16657159292326787,1.2371390487399454,1.9034254204330168,-0.011959909447780701,1.2805435709715591,0.030126288799160777,75.69392059376896,81.50646723696613,1.5527773996710295,78.40091243762407,84.61202203630819,-0.00022459769077216567,0.6422635311932257,0.27708791586245884,173.67490535843268,162.4557851013166,5.722823054527342,151.01013899226191,173.90143121037127,-0.0009083046359290237,0.5553442287374603,0.29072097751675136,2187.630353002628,2127.576888724756,37.86913328877236,2051.838622147211,2203.315155302301,0.0037114425378915183,1.1729914282665905,0.31275059908832514,80.45149319988548,0,0.3664135544860457,1.0,0
1.4175963852485927,1.3911580697698827,0.1354412443186748,1.1202755811325331,1.6620405584072322,-0.000403624691564712,1.379153814043264,0.1635942819853407,74.3529418768776,81.13470123459864,2.0989289064318006,76.93684342173503,85.33255904746224,-0.005371639864308686,0.10797139747609041,0.0630453849762603,171.32546261674318,195.919870643606,4.746769489180023,186.42633166524595,205.41340962196605,-0.005396862563203273,0.2381131934660829,0.09747954909109971,2120.5624825135988,2310.43963568116,54.72615561580163,2200.9873244495566,2419.891946912763,-0.002840724526277072,1.4296992889612683,0.7246693970911194,232.87961117315191,0,0.8321289478429842,0.67,0
2.1715570262929025,1.7645979441564772,0.323701131780686,1.1171956805951053,2.412000207717849,0.041280073023757656,0.9424756396133673,0.9957542654447307,76.82205461799985,78.66829917054443,1.3836164925397665,75.9010661854649,81.43553215562396,0.003393640346397095,0.47226173311310304,0.11651719076388692,175.64722822176924,177.37209342816786,2.8656811086388534,171.64073121089015,183.10345564544556,0.004794081532338362,0.1436312979950365,0.08173036840341627,2256.3843147258212,2217.9698395016762,49.27284429662121,2119.4241509084336,2316.515528094919,0.0042848776849139306,0.05956681135837083,0.03191370636326287,361.88152408707856,1,1.082015748614765,0.67,0
1.6461913667133257,1.303496632339094,0.15031352736467024,1.0028695776097534,1.6041236870684346,-0.006206496363704785,1.45428984095983,0.4300585645382167,73.85504995237682,72.77530648807647,1.1799955704441565,70.41531534718816,75.13529762896478,0.004972051406088151,1.4773563737023687,0.6548011518618874,167.97628101735097,194.37609164486696,3.5001911507696564,187.37570934332766,201.37647394640626,0.0016771066024018474,0.89332392060878,0.39630213541319564,2175.56114775433,2066.043706560278,53.04715003865993,1959.9494064829585,2172.138006637598,0.006278387628705504,0.5231858827980314,0.2632961126667575,104.81000758000988,0,0.49093168117892205,1.0,0
1.694682668093596,1.5785845856142098,0.08494755292676458,1.4086894797606806,1.748479691467739,-0.002558819783668247,1.3093909474666119,0.011059031822004885,76.15383436080738,74.48563848127753,1.9043541570335192,70.6769301672105,78.29434679534457,-0.0012338126943004417,1.4758470545400264,0.6498864771054594,182.91381174752357,192.89494348877022,4.404452302914646,184.08603888294093,201.70384809459952,0.0053507926720627,1.454592515639985,0.36608116231478344,2187.6440878706067,2198.3010527380534,47.93304373973972,2102.434965258574,2294.167140217533,0.004417467135525973,0.40519214177002244,0.13762492798015744,333.7758892333612,0,0.5591722674995963,0.67,0
1.4945784604169194,1.5448971964724607,0.0808682681665729,1.383160660139315,1.7066337328056065,0.0032105387949930677,1.0042215073350418,0.10762756989899326,72.42524281372931,73.88554867961729,1.8589830267361194,70.16758262614505,77.60351473308953,-0.005219604901244917,1.418607632984179,0.6665990325314768,177.08169771347292,173.66075689980872,5.324964900490858,163.010827098827,184.31068670079043,0.0059379590900900635,1.4831579710426905,0.3393623635707684,2192.5159526042344,1985.4656222525018,55.47325671665646,1874.519108819189,2096.4121356858145,-0.0015163038883335305,0.0347193765405957,0.01132952579901552,217.79628507676148,0,0.7952314641260259,1.0,0
1.8089314232798916,1.3785906902821345,0.13657911606425743,1.1054324581536197,1.6517489224106494,0.00036870393103272456,0.6012948582073897,0.6904879647359607,77.00544283035462,68.21460978835822,1.4069797391056889,65.40065031014684,71.02856926656959,0.00984429425602438,0.6279507840719687,0.23741554359207692,181.50873840870776,184.48428725669635,5.79574958208088,172.8927880925346,196.0757864208581,0.0013502480672259811,0.32202403751026126,0.12248174366424629,2269.931230527971,2286.7078846388454,43.44217785565513,2199.8235289275353,2373.5922403501554,0.002353766207738932,0.026537884681722468,0.006072919649451298,24.619144600362446,0,0.09380794495170246,1.0,0
4.40843125867004,3.3669363866415534,0.5489578253419259,2.2690207359577013,4.4648520373254055,0.11131162390692415,3.761381707621691,0.7825320388674011,85.96753543110906,75.79951635377537,3.1043989705961614,69.59071841258304,82.0083142949677,0.035191934420768615,1.203875230299428,0.6514265609305073,164.50164738608365,189.3181012180046,4.414204298275934,180.48969262145275,198.14650981455648,-0.004341304807991662,0.6269761282603703,0.33939090537571176,2204.890664654665,2353.1688457379687,55.61681218938976,2241.935221359189,2464.402470116748,-0.0020344262225218735,0.19335387761024841,0.09435644498404865,442.6860237220617,1,2.010079209872173,1.0,1
1.6488412094159808,1.543181056893261,0.13411290636320458,1.2749552441668517,1.8114068696196701,0.0005035160701698884,0.14801228499166647,0.5190528094528645,70.39231006102396,69.57725054614932,1.228063770610184,67.12112300492895,72.03337808736968,0.0080821277874502,0.17563075103226705,0.07439084845764148,173.26695686555297,183.97793543286048,4.229301151309064,175.51933313024236,192.4365377354786,-0.014231871581634067,1.1941285444043623,0.3422912161368222,2146.606188653417,2362.678889881753,34.783725857735945,2293.111438166281,2432.246341597225,-0.0026500565202069327,0.4989543703636175,0.2109445695034172,170.79191486917182,0,0.7814873038816424,0.67,0
1.6632950851487331,1.3261269685170105,0.16014040179947311,1.0058461649180643,1.6464077721159567,-0.009547913835984509,0.7792089252889884,0.4381116822187894,73.41933723660307,70.57839346916735,1.5461630682119754,67.4860673327434,73.6707196055913,0.002570704953803614,1.2021625420042596,0.49296307993716043,176.2755657062595,175.30267611072478,2.715067706154906,169.87254069841495,180.7328115230346,0.0014883445765639719,0.18260185345387575,0.08250869994568112,2189.3443122953604,2061.5290311278027,45.386627364393725,1970.7557763990153,2152.30228585659,-0.0012145711554363886,1.024564120626879,0.4837059911802724,204.74798040371783,0,0.4501798247484366,0.67,0
1.5436828682643324,1.6023817557049926,0.11536501697207519,1.3716517217608422,1.8331117896491431,0.003527566930301232,1.4255032000025858,0.2036092077699663,75.51188875415669,73.32480498743973,1.6920399472700836,69.94072509289957,76.7088848819799,-0.003989110607213899,0.8826657414607848,0.3046326727772779,184.65739413326492,196.81480119186648,2.649068338896096,191.51666451407428,202.11293786965868,-0.004540769743038352,0.21512791835441242,0.05746018563424643,2178.8899657597626,2027.878688105611,53.983797824390756,1919.9110924568295,2135.8462837543925,0.0018911314271575508,1.1873115094998004,0.6566334280609615,235.4981769608936,0,0.4012564917935516,1.0,0
1.5036865713409715,1.681105114256023,0.1791367500354341,1.3228316141851546,2.0393786143268913,0.00643025051931713,1.1588282013993039,0.2472612714155369,76.1339605265342,72.89708109057473,1.5214776455057522,69.85412579956322,75.94003638158624,-0.003064289973372035,0.5800388070083335,0.32124201231453225,181.49377655994095,173.42924341989007,3.929026878262256,165.57118966336554,181.2872971764146,-0.003828266426226889,0.8146708300729806,0.26129142760716034,2185.8920232006267,2261.42900957428,59.73883244669172,2141.9513446808965,2380.9066744676634,-0.00047806511705960177,0.7614155749127638,0.15966506766055913,310.8211789519966,0,0.7462831994445197,1.0,0
1.1551596241255924,1.5782264189887025,0.16770295719774433,1.242820504593214,1.9136323333841911,0.0016428155759375777,0.8536097933851106,0.1658520180577696,74.54803690931188,78.31281794811345,2.0100518405016885,74.29271426711007,82.33292162911683,-0.002609327582758733,0.4904376304052648,0.22159130673002697,186.21772800548902,195.57452190125926,3.0825122683185997,189.40949736462207,201.73954643789645,-0.003419301016732183,1.0708372039921696,0.21978810489717546,2108.7243945507644,2136.8846973250766,53.41337693037181,2030.057943464333,2243.7114511858204,0.00440873200380006,1.1748535783169434,0.555556849192258,314.55307479166726,0,0.8368786631025231,0.67,0
3.984685892522736,3.604926280248408,0.5938678958098033,2.417190488628801,4.792662071868015,0.1437388066497119,3.884034652825478,0.7226662112934313,79.98611111797078,78.6198165006011,3.562684791656668,71.49444691728777,85.74518608391443,0.032810681978640316,0.7342912358100979,0.3317203304566687,182.47221707041808,182.6059598264732,4.27926191420698,174.04743599805923,191.16448365488716,0.0028275482281577206,1.033327953075136,0.5676371830230502,2111.9618620422093,2257.8913559911125,25.326606693948268,2207.238142603216,2308.544569379009,-0.006121491181446829,0.37001829678243453,0.181525309957991,529.3958090094183,1,1.3289315294633808,1.0,1
1.86792924317136,1.412502041384929,0.14202720201297514,1.1284476373589787,1.6965564454108792,0.015482944480712746,0.846511751809726,0.5186356745044157,75.05713152555518,75.3309555459186,2.1794609800307008,70.97203358585719,79.68987750598001,-0.007520742654739895,0.1667217412006634,0.08633933145219651,182.44528750270777,183.2772391694212,4.156739627664804,174.96375991409158,191.5907184247508,0.00528365215387839,0.6408707943475566,0.3587252555891749,2271.804467309101,2210.2031870912588,53.124866049010855,2103.953454993237,2316.4529191892807,-0.006558683461225623,0.32317991543346497,0.13281056518855083,194.87597673898006,0,0.6577559982399295,0.67,0
1.648019765255556,1.5263251200589456,0.1185422095131903,1.289240701032565,1.7634095390853262,-0.0020861741761915727,0.6876207476882966,0.4209332070169622,77.74158366761155,71.14899265932,1.2924474479407668,68.56409776343847,73.73388755520153,-0.004266090590709397,0.10059844281206348,0.04035743692557875,189.3934123991918,188.8050614429387,3.933455565208642,180.9381503125214,196.671972573356,0.005497078008964686,0.6323426341753794,0.27752574611689435,2294.0810644678886,2380.141473411707,46.922778775831695,2286.295915860044,2473.98703096337,-0.005018939077318182,0.19683742766593548,0.10883909922187447,303.7879763788328,0,0.5716526557482222,0.67,0
1.3788235347015354,1.4629190224271789,0.15681245074025166,1.1492941209466756,1.7765439239076821,-0.0014374208495243606,1.244542597399282,0.4459312794462014,76.93555772332992,75.27392329037889,2.361112118015088,70.55169905434872,79.99614752640906,-1.263330423893634e-05,1.447571849615037,0.5114392015338278,174.986450728748,171.75863452033744,3.820753295978532,164.11712792838037,179.4001411122945,0.003630193965551801,0.29167304508525044,0.15659966956619545,2146.153844065783,2112.099705734896,28.540723942923883,2055.018257849048,2169.1811536207438,-0.006819315748335692,0.7171490590473661,0.2393713942196091,60.198748283619295,0,0.1087296748595139,0.33,0
1.5209921086985774,1.5215107393379876,0.10023370030572355,1.3210433387265406,1.7219781399494347,0.005171133370023814,0.7912295681930037,0.7236593891626213,74.61544337437711,71.54767717858081,2.270926456026352,67.00582426652811,76.08953009063352,-0.008444508342818645,0.7898976452502198,0.3368675039833537,179.97271689093427,193.07785768596895,3.3929072762391534,186.29204313349064,199.86367223844726,-0.0002732347238223517,0.858886371096687,0.18641726326306496,2192.174767569957,2249.993715033917,37.9685266472899,2174.056661739337,2325.930768328497,0.0075557058000633665,1.4480744645382362,0.38236090395802813,127.78524517053458,0,0.3067851788739827,1.0,0
2.4839658360725934,1.8757333740674624,0.23156340042916673,1.4126065732091289,2.338860174925796,0.034204064889486026,2.00597238607837,0.7385853084102472,75.78241865447478,80.71555228796365,1.1833037529774884,78.34894478200867,83.08215979391862,-0.004899193862707461,0.6618445036375752,0.1495770666866862,183.27064001085546,194.2049351088984,4.6680577583635365,184.86881959217135,203.54105062562547,-0.001204802914279591,1.2046134635066172,0.44898598790834005,2190.3347886776014,2416.0987228893778,41.19167451768053,2333.715373854017,2498.4820719247386,0.0029118847297637585,0.8317336714817561,0.22616429251341166,435.90622750220047,1,1.280843501745807,0.67,0
3.9810362357652793,3.8952445628459964,0.2320934982646569,3.4310575663166825,4.35943155937531,0.10245113895702546,4.099078275008007,0.9154583341695725,86.11783962681454,79.42329474482078,3.926729039860885,71.569836665099,87.27675282454256,0.07193042755363882,1.6662845764866365,0.9083277498562249,176.3799910169785,185.27228546394892,4.4486701255487535,176.3749452128514,194.16962571504644,-0.00834702640560686,1.1542393997879055,0.31720518558522737,2227.1680096189966,2098.00572744962,29.019288865872124,2039.9671497178756,2156.044305181364,0.00024042473330690997,0.9159300636624489,0.2889321731341999,442.9590717335046,1,1.4006715298564631,1.0,1
2.9561637308441284,1.95177102390075,0.23548048696947185,1.4808100499618062,2.4227319978396937,0.0382045258655598,1.7191370677969282,1.0111486355238724,76.01291049301553,82.04665944080284,1.4155202870725745,79.21561886665769,84.87770001494799,0.0019409289782736671,0.5313985819914386,0.2988483424832703,178.30871677876462,199.4906108317205,4.438426288757772,190.61375825420495,208.36746340923602,-0.009949731349105624,0.11253313333937726,0.06282280240243401,2216.6188416759805,2341.9356028458265,39.320032577116784,2263.295537691593,2420.57566800006,0.006420523475894488,0.3810317236433441,0.20723992082612924,421.8021132643215,1,1.0286439456814822,0.33,0
1.4963026395984504,1.4053982446375275,0.14819984180170187,1.1089985610341238,1.7017979282409312,0.004073653608108408,0.676076978298221,0.6193725124263776,74.38873589042863,75.11153909761408,1.4230674376992727,72.26540422221554,77.95767397301263,0.010201732994532446,0.10077779478585197,0.03034249528778562,180.9687591633794,181.5714509937346,3.8586335036598767,173.85418398641485,189.28871800105435,0.005966211375707158,0.7143492202757435,0.42511588790367927,2185.9393768855857,2175.621740350536,54.79992380452521,2066.0218927414858,2285.2215879595865,-0.0021407266549640235,1.4136867577999443,0.8466969283424226,159.65706988978167,0,0.5102960518605735,1.0,0
3.892406257801785,3.2288141108040893,0.5349890078475098,2.15883609510907,4.298792126499109,0.07398199522065903,4.692337382558476,0.8023530925367812,82.53683588437605,75.46688074413828,2.984339007131814,69.49820272987465,81.43555875840191,0.0271526265704344,0.7101859230126564,0.22082401441417784,185.88772362384793,171.127833611632,2.6397288639731293,165.84837588368575,176.40729133957828,0.010849682940402713,0.8563605806282172,0.2851429621763462,2128.815868155804,2107.117253819813,51.830858064921806,2003.4555376899693,2210.7789699496566,-0.0012990007038375625,1.4494114466222787,0.8522970979519008,738.9522832109812,1,1.9810297941415047,1.0,1
2.65994887803153,2.378065297762204,0.3889059627506832,1.6002533722608376,3.1558772232635706,0.010002113077291873,2.2806051142270407,1.3355773907989648,76.43833733271087,82.7763082386225,1.83901099283467,79.09828625295316,86.45433022429185,0.0037723784988534987,0.11412709014826089,0.04570195133811779,179.79378146680475,187.98074398508132,5.796970064093551,176.3868038568942,199.57468411326843,0.0008462270240948232,0.09647883479037528,0.03482386328164562,2243.699487550344,2353.6604905760323,28.25606311593135,2297.1483643441697,2410.172616807895,0.0043646643378772885,0.3995664621450358,0.22366980717325338,450.26661690444604,0,0.9415668630040976,0.33,0
1.5110519713897415,1.6905028440289984,0.1714684281539606,1.3475659877210773,2.0334397003369196,0.007347956837168631,0.6700527569163004,0.22858388192971052,74.85487586948746,81.23586735030747,2.0505888615838748,77.13468962713972,85.33704507347522,0.002392522370754297,0.887240290754963,0.3364644034320564,181.9878065168589,174.96393835311505,2.6108296453692272,169.7422790623766,180.1855976438535,-0.0034632011255044137,1.0073610949653062,0.3301447916165643,2139.9313128242607,1987.0620909534484,32.13035960493967,1922.801371743569,2051.3228101633276,-0.0027600874216090576,1.1534354110100316,0.42078876038599033,298.08822288013096,0,0.8232850693275889,0.67,0
4.039503489565197,3.8562258184125495,0.3945931062929692,3.0670396058266114,4.645412030998488,0.08340455484199596,4.322090173902579,0.7560810213060951,80.54133870302705,76.69066070285447,2.0052622944808847,72.6801361138927,80.70118529181624,0.04764036749929959,0.4737933469457014,0.18578684300350687,179.74065568115049,181.38341419812232,3.7479562241191107,173.8875017498841,188.87932664636054,0.002535101360676784,0.5660227158454674,0.17166944002730786,2197.1302317462983,2076.040069519026,49.82536444992688,1976.3893406191723,2175.6907984188797,0.0032616516908833995,0.03172473502412443,0.011661162092588101,582.6090615227691,1,1.6403528425067608,1.0,1
2.725585283117549,2.5774467821403397,0.262775855656128,2.051895070828084,3.1029984934525956,0.023072812250069283,0.9268957626520846,0.8034333357814423,73.50712728154544,79.32320915472563,1.5898757432554675,76.1434576682147,82.50296064123657,0.001966475690832404,1.2810232956831888,0.651554035491258,180.85277576973053,169.55223560115067,5.849109549215381,157.8540165027199,181.25045469958144,-0.0012118772905255568,0.4372707875165301,0.12845367128562518,2248.110528929055,2197.9881475112297,58.992657648627365,2080.002832213975,2315.9734628084843,-0.003421210902576218,1.0908634793549685,0.370742337142699,230.15037080226807,1,1.0100803568143744,0.33,0
1.4324175869117892,1.4722457010081886,0.10206560767948526,1.2681144856492181,1.6763769163671591,0.0033718389282419354,0.7920782061532684,0.2659498705234239,74.97071729239336,73.46453771564985,2.2371798944365504,68.99017792677675,77.93889750452296,3.059332070901487e-05,1.129555442926371,0.3969942207153496,175.87596604279088,187.7391252826425,5.376109769883821,176.98690574287485,198.49134482241016,-0.004934596916161656,0.7820965318540177,0.45917580695888327,2154.9423828682957,2396.0058872846093,34.376346941821176,2327.253193400967,2464.7585811682516,-0.002648150563508514,0.5149231888308159,0.14393559142152962,291.9116330849554,0,0.7246487154089928,0.67,0
1.4517504629176325,1.620660241315265,0.07971549713341682,1.4612292470484314,1.7800912355820988,-0.0012353971840385974,1.0095136514445784,0.09658190213416329,72.74066508137892,68.92710245407221,1.1320377120478466,66.66302702997652,71.1911778781679,-0.006543420654945695,0.6421920760652126,0.3810145138091751,183.9669760088778,191.81401947865817,5.265383292934831,181.2832528927885,202.34478606452782,0.004533921333377147,0.11346702098602446,0.043699810554545936,2220.292513334645,2420.9805495703704,51.6175701546034,2317.745409261164,2524.215689879577,0.0034535044467431854,0.784767014759251,0.4470779075101945,384.3185112035143,0,0.7251079725325057,0.67,0
1.5793924488046722,1.4216265085441542,0.1542873678770688,1.1130517727900167,1.7302012442982917,2.728922140656976e-05,0.34508155162034554,0.26725440915377774,71.94483811728848,76.41506791897002,2.0550706328181025,72.30492665333382,80.52520918460623,0.003711049812132502,1.2980614681392364,0.7158142295841984,177.78256780490872,199.3965795883185,4.73518889685849,189.92620179460152,208.86695738203548,0.005107290520076883,0.09866505511671692,0.049862075310209836,2241.1171149343777,2319.4893179280384,28.865202995805078,2261.7589119364284,2377.2197239196485,-0.009344870379134384,0.7073805996887289,0.21046662516610204,61.16226509893363,0,0.18008032672295887,0.67,0
2.63616337866116,2.2128465766974434,0.39873431358167954,1.4153779495340844,3.0103152038608023,0.04712034967098216,1.3209862290826835,0.7052558431018439,71.79604997526064,74.45589435753331,1.149266981927593,72.15736039367812,76.7544283213885,-0.005533664938647255,0.5183713100230463,0.13444175116255289,182.39589579705748,198.09995198930648,4.596544229901143,188.9068635295042,207.29304044910876,-0.0040325991622828065,0.3092192404202461,0.11165951531028498,2283.860025498305,2000.884472430289,29.237845438451192,1942.4087815533865,2059.360163307191,-0.005479354053993587,1.2969886708348375,0.5153943901341569,387.1266100201324,1,1.0416596098569129,0.67,0
1.5427258951779734,1.442469882047877,0.082787844622337,1.276894192803203,1.608045571292551,-0.007475698292419417,0.36332646549538866,0.8852300639421009,72.7234757300838,69.62686710867742,1.2348915885461922,67.15708393158503,72.0966502857698,0.0006167739610358187,1.483877592719332,0.5654938757782937,178.50511447462011,171.07213838541134,3.6744184532720823,163.72330147886717,178.4209752919555,-0.0062359499605646445,0.4900930358812593,0.11180327613539992,2191.587889823474,2360.556130807002,41.60390616289277,2277.348318481216,2443.7639431327875,0.0062134823963668415,0.43689155919184025,0.2090860369662264,150.0600649732452,0,0.27901614779167044,0.67,0
2.4681753822762476,2.069780771185547,0.40815376549198423,1.2534732402015787,2.8860883021695156,0.04107441307593126,1.077332605350921,1.1726856259287572,76.20810328984325,80.65563433372063,1.1826378911719515,78.29035855137673,83.02091011606453,0.010488475945026632,0.8180442782004624,0.18036448002516592,182.98651683415758,188.89730194339597,4.221339628128595,180.4546226871388,197.33998119965315,0.01103999326665484,0.25768366421665023,0.08026472139733282,2180.077736250532,2401.410401682715,34.42446485068227,2332.5614719813507,2470.2593313840794,0.008650859024928107,0.2309611946157436,0.11951940886182291,366.9123843166891,0,0.8423906225223347,1.0,0
1.6442852070771004,1.523094929834393,0.1311107362500055,1.260873457334382,1.785316402334404,-0.001225325435216304,1.0983068169290244,0.034451898968124756,72.79581608881489,69.01758746867289,1.5975143104884233,65.82255884769604,72.21261608964973,-9.576545200670687e-05,0.5347217379908267,0.3203960073393651,168.71793050824994,176.7582867419783,4.292780701066387,168.17272533984553,185.3438481441111,-0.008343147132503928,0.24081012990263967,0.07814181493836161,2177.742974368433,2193.0182206274035,49.25807155693505,2094.5020775135335,2291.5343637412734,0.00035348510832419684,0.0927043051185521,0.04593958973904694,285.423077980712,0,0.5708631805994021,0.67,0
4.069759103458379,3.350407579976803,0.46473383404559926,2.4209399118856045,4.279875248068001,0.11337115997655291,3.849561139266676,1.01156722591998,78.8718258240709,76.25265340593363,3.196134373615915,69.8603846587018,82.64492215316545,0.053394705710129206,0.3732719202158509,0.15036112526030443,176.19905275518957,176.90367983916113,5.229373094035239,166.44493365109065,187.3624260272316,-0.004581370502818625,0.3817219974273904,0.07831369865740491,2267.7721400552746,2218.9257069107002,43.0061464708963,2132.9134139689077,2304.937999852493,0.0027702888555795357,0.12758457823386166,0.05352799760231258,549.0318152391845,1,1.9892758651486502,1.0,1
1.260621303005021,1.6358739621298344,0.13297615105243885,1.3699216600249566,1.9018262642347121,-0.004181692498323139,0.9229671108411589,0.40862640860032695,76.65844717127422,72.14540394462195,2.329701941831209,67.48600006095953,76.80480782828437,-0.007116683974406933,0.9130351938005321,0.293384912308256,186.64681995607205,185.70261331752047,4.72098379770748,176.26064572210552,195.14458091293542,-0.0016405464418012053,0.8096467307212427,0.48231198057518315,2197.620137744075,2137.8620263890366,29.001549813199233,2079.858926762638,2195.865126015435,-0.002302617105806569,0.41035736033291126,0.17577096740779066,292.93885340416546,0,0.6701690537873372,0.33,0
1.6289419409069752,1.548580591470912,0.1756957361221114,1.1971891192266892,1.899972063715135,0.0024583058742800464,0.3344599612013689,0.6560636822162762,73.0620758893729,70.82262005685972,1.8581901732341932,67.10623971039134,74.5390004033281,-0.001801108856530178,1.088250872064569,0.22243686297038148,182.87637466681136,168.22087730509904,4.734837125164758,158.75120305476952,177.69055155542856,-0.005113891204938761,0.13101806270488486,0.06715756870004544,2199.4415691360236,2054.3894039801608,46.16504628538903,1962.0593114093826,2146.719496550939,0.005669712768195865,0.71901865704501,0.3074509438573385,363.2583093585809,0,0.8242609878748643,0.67,0
4.5336483240771,3.778654283179662,0.45209888778246315,2.8744565076147355,4.682852058744588,0.07483836087432075,5.1805646519774715,1.0703669358988301,81.95701000277504,79.5173419071065,3.847073491525424,71.82319492405566,87.21148889015734,0.023840380796517256,0.8037886189525728,0.44001235400705946,177.60474471319122,160.1286233349759,4.259209349205457,151.610204636565,168.64704203338684,-6.918873047118625e-05,1.390665943287641,0.3367598922879326,2165.513611296791,2297.506316939033,30.58222918894754,2236.3418585611375,2358.670775316928,0.004066025933739887,0.24069392140683965,0.05492557741114644,489.3128857136604,1,2.0634852004856588,1.0,1
2.591870792908156,2.0042821651298506,0.3302635529530608,1.3437550592237288,2.6648092710359723,0.026775593518735576,2.149893858921115,0.9689167630255201,74.77268631500192,78.66038936910458,1.1906437993061996,76.27910177049218,81.04167696771698,0.001390627447680524,1.198515557028538,0.257083933887753,171.87053986312753,195.3617641855972,3.1102484767780507,189.1412672320411,201.5822611391533,-0.004669959798184783,1.1873608633950419,0.6912407277001196,2228.1455330142544,2340.859277564501,48.59091626941464,2243.6774450256717,2438.0411101033305,0.008845990394387214,0.08706950552775572,0.04166322771013282,256.91256890221325,1,1.1902509681517894,1.0,0
3.8645099483787044,3.268429866623081,0.3782166554967563,2.5119965556295685,4.024863177616593,0.07091854654079278,4.529660995581995,0.7262389900463313,85.07737248038868,82.99279617143112,3.649083812091201,75.69462854724873,90.29096379561352,0.03451862781902272,0.8477530857505315,0.498638270549114,180.23980722990774,171.84126998922704,4.57746327382575,162.68634344157553,180.99619653687856,0.0009485308380519783,1.4717667551434417,0.4062709985687454,2166.9008911101696,2335.1301592597843,51.50585724970536,2232.1184447603737,2438.141873759195,9.57388870787603e-05,0.24250715435544284,0.09476210596363062,522.9027517448359,1,1.5215424105648083,1.0,1
1.450395578183584,1.498331144946244,0.09164686123711908,1.3150374224720058,1.6816248674204821,-0.006932447103456216,0.28861655683070897,0.30374122799642717,73.9523136593732,79.77082336754539,1.4159077409150618,76.93900788571527,82.60263884937551,0.0025276943845160406,0.35109373885811235,0.18679828780382915,174.4603738690257,176.7027989586681,4.348490200458138,168.0058185577518,185.3997793595844,-0.001335018808835158,1.3627860457507686,0.5131530300505017,2243.451563776542,2306.700248885174,40.104400148358756,2226.4914485884565,2386.9090491818915,-0.007236906667315449,0.9613374972558106,0.5555411932733278,100.7986143407506,0,0.4114869321073923,0.67,0
2.189747378422976,1.8571409728165298,0.25684849147226024,1.3434439898720094,2.37083795576105,0.038415505897531926,2.2485037533686723,0.6768477139460345,74.00109761422958,74.38485725852614,1.6011863015931547,71.18248465533983,77.58722986171244,-0.0035957224499361296,0.6021653238900058,0.30465901651696115,179.5139816487011,197.51405844001178,5.799702003868468,185.91465443227486,209.1134624477487,-0.003227759323474893,0.40059141035904033,0.15064547745516518,2223.5695631382496,2047.7364845254992,31.53611996090644,1984.6642446036863,2110.808724447312,0.01574824005567271,1.3143050433374772,0.5060044314071965,238.01639369954557,0,0.8385798089296189,1.0,0
2.228866978222728,1.7691813654378652,0.2973794329577946,1.1744224995222758,2.3639402313534545,0.028619478897587973,1.3238930972245273,1.4158794599042883,73.85937186442706,69.03352589818887,1.6448155709725332,65.7438947562438,72.32315704013394,-0.000853733197491537,1.3443543737191996,0.7026713426060401,167.9688092449505,159.94660504642124,3.1985006556357853,153.54960373514967,166.3436063576928,-0.002107970312788016,0.0566767598935195,0.025920996550919288,2234.3966486025715,2345.46049085542,39.56247346430401,2266.335543926812,2424.5854377840283,-0.003488082253045282,0.25913597742163097,0.09115010552063965,506.00330599805073,1,1.0692087043771445,1.0,0
1.3709597056606024,1.5276334321946077,0.1467440440943509,1.2341453440059058,1.8211215203833095,0.003269463051355121,1.4827870009888824,0.2921865502312251,71.94575840932849,71.49180270195468,1.4208687837978988,68.65006513435888,74.33354026955048,0.003943770219427236,0.9917314045786394,0.47427974568218045,185.17380403552346,177.8750357954652,3.391861682755335,171.09131242995454,184.65875916097588,0.0023950131204599438,0.13978317895846926,0.08039167061160937,2157.3216857648695,2340.935859566598,54.63452531726403,2231.66680893207,2450.204910201126,0.004162002692952798,0.237091950437474,0.04947082820534832,56.45161008878689,0,0.10983731839755144,0.67,0
4.699035816631458,4.020850604048405,0.4859013105775783,3.049047982893249,4.992653225203562,0.05684504525660168,3.9317937649357275,0.9192751728039222,79.62268863873372,79.33831081043087,3.1882665579319323,72.961777694567,85.71484392629473,0.024608182898865294,0.4777096328496666,0.1941411286251825,169.07351576332547,193.7269394667368,4.641408570361275,184.44412232601425,203.00975660745937,-0.00685836848615233,0.15881147731969397,0.05430702562867352,2164.5279498786226,2153.4627058790934,38.83407604009052,2075.794553798912,2231.1308579592746,0.001021945158014884,0.2726683008260429,0.07163680172787594,458.4663749961421,1,1.2544897817311347,1.0,1
1.3392422880977664,1.4423007854347012,0.10267420836447932,1.2369523687057424,1.64764920216366,0.003467479103023,1.3417179371501637,0.06172475095415196,72.63900302600473,76.56390846125137,1.5474964308119876,73.4689155996274,79.65890132287535,0.0009422004021037843,0.41787775927059845,0.18019559450050754,169.2800236867935,177.20800704620723,5.0983173400542325,167.01137236609875,187.4046417263157,0.00424760993497062,0.08193943314972685,0.037077453244904496,2156.6633664669844,2129.0949356386614,43.39551324447552,2042.3039091497103,2215.8859621276124,0.0047284451874857756,0.17610609354539986,0.0645891615160297,67.65848664838097,0,0.19649876782761413,1.0,0
4.0673189078544425,3.49608989644991,0.20802847911109057,3.0800329382277285,3.9121468546720912,0.08220791655831783,3.569756955473387,0.811010203673186,81.20623014133436,80.52681725140846,3.024621888529717,74.47757347434903,86.57606102846789,0.06074613914866937,0.9237423385106587,0.4958199671841463,175.6301294025745,181.3308916249767,5.109038159645155,171.11281530568638,191.548967944267,-0.005186230771632282,0.4256638586980867,0.1469531762636195,2190.4830660958196,2243.2250725786175,28.56238654171413,2186.100299495189,2300.349845662046,0.0028148461834528542,0.22928870877649804,0.0684158737372534,334.86519569930607,1,1.4425371312666975,1.0,1
1.6598109152691136,1.584979904574293,0.09711473654175047,1.390750431490792,1.779209377657794,0.0015988275674093078,0.09819558195303157,0.47972513704331265,74.63460045615622,71.38544053027664,1.6253030970338775,68.13483433620888,74.6360467243444,-0.0011415921301258462,0.4859503992458102,0.2408573376311663,186.56364185569274,165.47977199645095,3.617608976458575,158.2445540435338,172.7149899493681,0.00015116901358667808,0.42452070462142105,0.1603641582349101,2096.2202467561083,2166.6146537658683,32.370436292892556,2101.8737811800834,2231.355526351653,0.005567606767291696,0.48825324799033404,0.10178428901477263,63.76822720284108,0,0.26204338559110985,0.67,0
4.680477947327583,4.069283211391051,0.4974375664706239,3.074408078449803,5.064158344332299,0.10062660594952028,3.8719406113404173,1.032904616472574,79.2819916210033,76.54945191313853,2.7339840520156327,71.08148380910725,82.0174200171698,0.022738924730143023,0.5689334025091765,0.1945793366290387,178.8990268649602,165.95773556892814,3.48239125430591,158.99295306031632,172.92251807753996,0.00041219876467251645,0.008258698740631232,0.001677057722841572,2127.1224250267533,2071.7521398490694,53.09049878529345,1965.5711422784825,2177.9331374196563,-0.003760782027952916,0.8580729650539513,0.34757711929034574,623.7927033078746,1,2.411279835262661,1.0,1
4.021844051698134,3.669011611355354,0.30585401077014296,3.057303589815068,4.28071963289564,0.11619689447938686,4.357096476915942,1.1278433574837832,84.5851893235849,76.79935479883905,1.812123872762845,73.17510705331335,80.42360254436474,0.06193692970924314,0.9072495365559142,0.37242971266875047,177.6996187293325,171.24517074751682,5.577150204104367,160.09087033930808,182.39947115572556,0.0017482502364984684,0.05846898099169562,0.027289751176984057,2121.759861431897,2117.1903153365947,56.53363134916638,2004.123052638262,2230.2575780349275,0.003659353521441478,1.4942365102481683,0.7921937906355304,562.2102849342398,1,1.523711356941817,1.0,1
1.9622271444782513,1.8565458507310653,0.35818074099429076,1.1401843687424837,2.572907332719647,0.03945119595133686,2.455425625651,0.6628805909579298,75.47244729252847,71.0611945377422,1.6014438408279654,67.85830685608626,74.26408221939813,-0.009643407174314212,1.080650553338667,0.4944065362148454,183.05893524501332,175.91751927226838,4.436996952754738,167.0435253667589,184.79151317777786,0.006981737519559221,0.017084502132829193,0.008176691811222546,2227.936191847224,2337.566138632123,33.82636936367443,2269.913399904774,2405.218877359472,-0.0029841459405785652,0.7148519153700278,0.2276275818445438,283.3073848512258,0,0.7992222553079116,0.67,0
1.5035780553995006,1.428270205301313,0.16146309802769498,1.105344009245923,1.751196401356703,0.006574685226701479,1.4540554365276992,0.46696172955865245,73.25461612817197,80.43299218282893,1.2353024062261326,77.96238737037666,82.90359699528119,0.0008552203446207512,0.41043295107328454,0.18913351315011986,179.53455360632304,193.8801944011203,5.584627928948066,182.71093854322416,205.04945025901642,-0.0044152756080417955,0.5928810127268332,0.27691970592274623,2256.2088392556175,2357.967687838826,34.78093043620459,2288.4058269664165,2427.5295487112353,0.0001999096711506232,1.0289720389398636,0.23778911423899174,358.3081435071141,0,0.7706488967562377,0.67,0
1.4713521287283042,1.4059336801238433,0.11476416754436461,1.1764053450351142,1.6354620152125725,0.0010174100172614382,0.6955976038969811,0.3904805208916689,72.17839542981808,72.4970714954463,2.1137887075031774,68.26949408043996,76.72464891045266,-0.001504676464850666,1.1454065387444927,0.29047449400334413,185.71415169778118,164.26356313768767,4.387992801016827,155.48757753565403,173.0395487397213,-0.0026126046470481847,1.2987622131299132,0.7475069114867023,2127.444800676663,2410.706561372589,54.04713108454355,2302.612299203502,2518.800823541676,-0.004734913828086741,1.3389842930032207,0.36786419276905563,351.07722822800525,0,0.7838895880522211,1.0,0
4.311814503454273,3.95912225045241,0.48085843847273174,2.997405373506947,4.9208391273978735,0.06716939077054496,4.246272818238462,0.9625591948402291,81.83968571275577,79.31870697422099,2.8780097593983562,73.56268745542428,85.07472649301769,0.026923678530735042,0.6094259207960855,0.29355520474980096,178.3213450254014,165.95814269295448,3.2218823984265343,159.51437789610142,172.40190748980754,0.004292255583283326,0.30647457509845544,0.1235466515035354,2188.2689715021293,2203.791427278499,46.99492598151055,2109.801575315478,2297.78127924152,-0.0055598351288708185,1.0329474439618134,0.3112363132667245,432.36722012052365,1,2.1404767610613855,1.0,1
